<?xml version="1.0" encoding="UTF-8"?>
<gpx version="1.1" creator="brouter" xmlns="http://www.topografix.com/GPX/1/1">
  <metadata><name>Pest loop variant B (trekking)</name></metadata>
  <trk>
    <name>Pest loop variant B</name>
    <trkseg>
      <trkpt lat="47.510524" lon="19.056793"><ele>110.5</ele></trkpt>
      <trkpt lat="47.510432" lon="19.056633"><ele>111.25</ele></trkpt>
      <trkpt lat="47.510421" lon="19.056647"><ele>111.25</ele></trkpt>
      <trkpt lat="47.510381" lon="19.056580"><ele>111.0</ele></trkpt>
      <trkpt lat="47.510343" lon="19.056516"><ele>110.5</ele></trkpt>
      <trkpt lat="47.510418" lon="19.056364"><ele>110.25</ele></trkpt>
      <trkpt lat="47.510438" lon="19.056391"><ele>110.5</ele></trkpt>
      <trkpt lat="47.510522" lon="19.056285"><ele>111.0</ele></trkpt>
      <trkpt lat="47.510568" lon="19.056258"><ele>111.25</ele></trkpt>
      <trkpt lat="47.510515" lon="19.056163"><ele>111.25</ele></trkpt>
      <trkpt lat="47.510470" lon="19.056049"><ele>110.5</ele></trkpt>
      <trkpt lat="47.510536" lon="19.055862"><ele>111.5</ele></trkpt>
      <trkpt lat="47.510541" lon="19.055842"><ele>111.5</ele></trkpt>
      <trkpt lat="47.510555" lon="19.055784"><ele>112.0</ele></trkpt>
      <trkpt lat="47.510591" lon="19.055630"><ele>112.75</ele></trkpt>
      <trkpt lat="47.510626" lon="19.055515"><ele>113.5</ele></trkpt>
      <trkpt lat="47.510644" lon="19.055459"><ele>114.25</ele></trkpt>
      <trkpt lat="47.510702" lon="19.055259"><ele>116.0</ele></trkpt>
      <trkpt lat="47.510764" lon="19.055078"><ele>116.75</ele></trkpt>
      <trkpt lat="47.511107" lon="19.054073"><ele>110.5</ele></trkpt>
      <trkpt lat="47.511299" lon="19.053504"><ele>113.75</ele></trkpt>
      <trkpt lat="47.511324" lon="19.053434"><ele>113.75</ele></trkpt>
      <trkpt lat="47.511375" lon="19.053292"><ele>114.25</ele></trkpt>
      <trkpt lat="47.511424" lon="19.053154"><ele>115.25</ele></trkpt>
      <trkpt lat="47.511671" lon="19.052461"><ele>118.0</ele></trkpt>
      <trkpt lat="47.511751" lon="19.052233"><ele>118.0</ele></trkpt>
      <trkpt lat="47.511770" lon="19.052181"><ele>118.0</ele></trkpt>
      <trkpt lat="47.511823" lon="19.052035"><ele>117.75</ele></trkpt>
      <trkpt lat="47.511888" lon="19.052089"><ele>116.75</ele></trkpt>
      <trkpt lat="47.512138" lon="19.052277"><ele>116.5</ele></trkpt>
      <trkpt lat="47.512565" lon="19.052593"><ele>117.0</ele></trkpt>
      <trkpt lat="47.513349" lon="19.053161"><ele>114.25</ele></trkpt>
      <trkpt lat="47.513394" lon="19.053193"><ele>114.5</ele></trkpt>
      <trkpt lat="47.514729" lon="19.054161"><ele>112.0</ele></trkpt>
      <trkpt lat="47.514790" lon="19.054205"><ele>112.25</ele></trkpt>
      <trkpt lat="47.514861" lon="19.054256"><ele>112.75</ele></trkpt>
      <trkpt lat="47.515333" lon="19.054598"><ele>113.5</ele></trkpt>
      <trkpt lat="47.515446" lon="19.054679"><ele>113.25</ele></trkpt>
      <trkpt lat="47.515843" lon="19.054968"><ele>112.0</ele></trkpt>
      <trkpt lat="47.516882" lon="19.055733"><ele>110.25</ele></trkpt>
      <trkpt lat="47.516931" lon="19.055768"><ele>110.0</ele></trkpt>
      <trkpt lat="47.516980" lon="19.055804"><ele>110.0</ele></trkpt>
      <trkpt lat="47.517555" lon="19.056171"><ele>112.75</ele></trkpt>
      <trkpt lat="47.517938" lon="19.056416"><ele>109.5</ele></trkpt>
      <trkpt lat="47.517993" lon="19.056445"><ele>109.0</ele></trkpt>
      <trkpt lat="47.518042" lon="19.056471"><ele>108.75</ele></trkpt>
      <trkpt lat="47.518088" lon="19.056493"><ele>108.5</ele></trkpt>
      <trkpt lat="47.518819" lon="19.056853"><ele>108.25</ele></trkpt>
      <trkpt lat="47.518960" lon="19.056920"><ele>108.0</ele></trkpt>
      <trkpt lat="47.519207" lon="19.057039"><ele>107.0</ele></trkpt>
      <trkpt lat="47.519591" lon="19.057223"><ele>104.25</ele></trkpt>
      <trkpt lat="47.520306" lon="19.057577"><ele>106.5</ele></trkpt>
      <trkpt lat="47.520407" lon="19.057626"><ele>106.75</ele></trkpt>
      <trkpt lat="47.520472" lon="19.057658"><ele>107.0</ele></trkpt>
      <trkpt lat="47.521204" lon="19.058018"><ele>109.25</ele></trkpt>
      <trkpt lat="47.521954" lon="19.058387"><ele>103.75</ele></trkpt>
      <trkpt lat="47.522020" lon="19.058420"><ele>103.5</ele></trkpt>
      <trkpt lat="47.522749" lon="19.058779"><ele>103.25</ele></trkpt>
      <trkpt lat="47.522792" lon="19.058800"><ele>103.25</ele></trkpt>
      <trkpt lat="47.522836" lon="19.058822"><ele>103.5</ele></trkpt>
      <trkpt lat="47.523676" lon="19.059235"><ele>106.0</ele></trkpt>
      <trkpt lat="47.523716" lon="19.059255"><ele>106.25</ele></trkpt>
      <trkpt lat="47.523971" lon="19.059380"><ele>107.5</ele></trkpt>
      <trkpt lat="47.524508" lon="19.059645"><ele>110.0</ele></trkpt>
      <trkpt lat="47.524899" lon="19.059837"><ele>111.75</ele></trkpt>
      <trkpt lat="47.525335" lon="19.060052"><ele>113.5</ele></trkpt>
      <trkpt lat="47.525411" lon="19.060117"><ele>113.0</ele></trkpt>
      <trkpt lat="47.525554" lon="19.060180"><ele>112.25</ele></trkpt>
      <trkpt lat="47.525689" lon="19.060239"><ele>111.25</ele></trkpt>
      <trkpt lat="47.525764" lon="19.060272"><ele>111.0</ele></trkpt>
      <trkpt lat="47.525868" lon="19.060318"><ele>109.75</ele></trkpt>
      <trkpt lat="47.526612" lon="19.060646"><ele>105.5</ele></trkpt>
      <trkpt lat="47.526684" lon="19.060678"><ele>105.5</ele></trkpt>
      <trkpt lat="47.526923" lon="19.060783"><ele>105.0</ele></trkpt>
      <trkpt lat="47.526986" lon="19.060795"><ele>105.0</ele></trkpt>
      <trkpt lat="47.527051" lon="19.060808"><ele>105.0</ele></trkpt>
      <trkpt lat="47.527758" lon="19.061118"><ele>104.0</ele></trkpt>
      <trkpt lat="47.528008" lon="19.061228"><ele>104.25</ele></trkpt>
      <trkpt lat="47.528822" lon="19.061585"><ele>105.25</ele></trkpt>
      <trkpt lat="47.529100" lon="19.061707"><ele>104.75</ele></trkpt>
      <trkpt lat="47.529920" lon="19.062063"><ele>106.25</ele></trkpt>
      <trkpt lat="47.530187" lon="19.062161"><ele>106.5</ele></trkpt>
      <trkpt lat="47.530568" lon="19.062301"><ele>105.5</ele></trkpt>
      <trkpt lat="47.531270" lon="19.062629"><ele>109.0</ele></trkpt>
      <trkpt lat="47.531970" lon="19.062917"><ele>104.75</ele></trkpt>
      <trkpt lat="47.532078" lon="19.062968"><ele>104.75</ele></trkpt>
      <trkpt lat="47.532161" lon="19.063040"><ele>104.75</ele></trkpt>
      <trkpt lat="47.532248" lon="19.063140"><ele>105.0</ele></trkpt>
      <trkpt lat="47.532355" lon="19.063208"><ele>105.25</ele></trkpt>
      <trkpt lat="47.532418" lon="19.063202"><ele>105.25</ele></trkpt>
      <trkpt lat="47.533117" lon="19.063514"><ele>105.25</ele></trkpt>
      <trkpt lat="47.533219" lon="19.063557"><ele>105.0</ele></trkpt>
      <trkpt lat="47.533503" lon="19.063676"><ele>103.75</ele></trkpt>
      <trkpt lat="47.533731" lon="19.063732"><ele>102.75</ele></trkpt>
      <trkpt lat="47.533803" lon="19.063759"><ele>102.5</ele></trkpt>
      <trkpt lat="47.533844" lon="19.063806"><ele>103.0</ele></trkpt>
      <trkpt lat="47.533906" lon="19.063847"><ele>103.5</ele></trkpt>
      <trkpt lat="47.533986" lon="19.063873"><ele>104.5</ele></trkpt>
      <trkpt lat="47.534036" lon="19.063878"><ele>104.75</ele></trkpt>
      <trkpt lat="47.534104" lon="19.063861"><ele>105.25</ele></trkpt>
      <trkpt lat="47.534270" lon="19.063766"><ele>105.5</ele></trkpt>
      <trkpt lat="47.534304" lon="19.063787"><ele>105.5</ele></trkpt>
      <trkpt lat="47.534341" lon="19.063787"><ele>105.5</ele></trkpt>
      <trkpt lat="47.534376" lon="19.063767"><ele>105.5</ele></trkpt>
      <trkpt lat="47.534412" lon="19.063792"><ele>105.5</ele></trkpt>
      <trkpt lat="47.534779" lon="19.064066"><ele>105.5</ele></trkpt>
      <trkpt lat="47.534892" lon="19.064134"><ele>105.25</ele></trkpt>
      <trkpt lat="47.534908" lon="19.064144"><ele>105.25</ele></trkpt>
      <trkpt lat="47.535045" lon="19.064249"><ele>105.0</ele></trkpt>
      <trkpt lat="47.535847" lon="19.064776"><ele>104.0</ele></trkpt>
      <trkpt lat="47.536155" lon="19.064929"><ele>105.0</ele></trkpt>
      <trkpt lat="47.536552" lon="19.065112"><ele>106.5</ele></trkpt>
      <trkpt lat="47.536689" lon="19.065165"><ele>106.25</ele></trkpt>
      <trkpt lat="47.536828" lon="19.065260"><ele>105.75</ele></trkpt>
      <trkpt lat="47.537009" lon="19.065441"><ele>104.25</ele></trkpt>
      <trkpt lat="47.537169" lon="19.065532"><ele>102.5</ele></trkpt>
      <trkpt lat="47.537202" lon="19.065551"><ele>102.0</ele></trkpt>
      <trkpt lat="47.537237" lon="19.065380"><ele>102.5</ele></trkpt>
      <trkpt lat="47.537271" lon="19.065395"><ele>102.25</ele></trkpt>
      <trkpt lat="47.538145" lon="19.065783"><ele>102.75</ele></trkpt>
      <trkpt lat="47.538648" lon="19.065993"><ele>103.75</ele></trkpt>
      <trkpt lat="47.538690" lon="19.066008"><ele>104.0</ele></trkpt>
      <trkpt lat="47.538759" lon="19.066040"><ele>104.5</ele></trkpt>
      <trkpt lat="47.538797" lon="19.066057"><ele>105.0</ele></trkpt>
      <trkpt lat="47.538848" lon="19.066079"><ele>105.25</ele></trkpt>
      <trkpt lat="47.539511" lon="19.066361"><ele>103.0</ele></trkpt>
      <trkpt lat="47.540377" lon="19.066729"><ele>103.5</ele></trkpt>
      <trkpt lat="47.541556" lon="19.067213"><ele>103.0</ele></trkpt>
      <trkpt lat="47.541711" lon="19.067266"><ele>102.75</ele></trkpt>
      <trkpt lat="47.541796" lon="19.067274"><ele>102.5</ele></trkpt>
      <trkpt lat="47.541845" lon="19.067263"><ele>102.25</ele></trkpt>
      <trkpt lat="47.541916" lon="19.067227"><ele>102.0</ele></trkpt>
      <trkpt lat="47.541932" lon="19.067216"><ele>102.0</ele></trkpt>
      <trkpt lat="47.541970" lon="19.067190"><ele>102.0</ele></trkpt>
      <trkpt lat="47.542005" lon="19.067172"><ele>102.0</ele></trkpt>
      <trkpt lat="47.542031" lon="19.067164"><ele>102.0</ele></trkpt>
      <trkpt lat="47.542093" lon="19.067160"><ele>102.0</ele></trkpt>
      <trkpt lat="47.542118" lon="19.067165"><ele>102.0</ele></trkpt>
      <trkpt lat="47.542223" lon="19.067215"><ele>102.0</ele></trkpt>
      <trkpt lat="47.542405" lon="19.067297"><ele>103.0</ele></trkpt>
      <trkpt lat="47.542524" lon="19.067355"><ele>103.5</ele></trkpt>
      <trkpt lat="47.542528" lon="19.067314"><ele>103.75</ele></trkpt>
      <trkpt lat="47.542532" lon="19.067272"><ele>103.75</ele></trkpt>
      <trkpt lat="47.542581" lon="19.067261"><ele>104.0</ele></trkpt>
      <trkpt lat="47.543635" lon="19.067721"><ele>103.0</ele></trkpt>
      <trkpt lat="47.543998" lon="19.067879"><ele>103.0</ele></trkpt>
      <trkpt lat="47.544568" lon="19.068128"><ele>104.5</ele></trkpt>
      <trkpt lat="47.544695" lon="19.068182"><ele>104.75</ele></trkpt>
      <trkpt lat="47.544751" lon="19.068206"><ele>105.0</ele></trkpt>
      <trkpt lat="47.544874" lon="19.068348"><ele>104.75</ele></trkpt>
      <trkpt lat="47.546150" lon="19.068901"><ele>103.0</ele></trkpt>
      <trkpt lat="47.546257" lon="19.068889"><ele>103.0</ele></trkpt>
      <trkpt lat="47.546324" lon="19.068915"><ele>103.0</ele></trkpt>
      <trkpt lat="47.546403" lon="19.068953"><ele>103.0</ele></trkpt>
      <trkpt lat="47.546457" lon="19.068941"><ele>103.0</ele></trkpt>
      <trkpt lat="47.546545" lon="19.068976"><ele>103.25</ele></trkpt>
      <trkpt lat="47.546768" lon="19.069065"><ele>103.0</ele></trkpt>
      <trkpt lat="47.547268" lon="19.069294"><ele>103.25</ele></trkpt>
      <trkpt lat="47.547240" lon="19.069480"><ele>103.75</ele></trkpt>
      <trkpt lat="47.547208" lon="19.069683"><ele>104.0</ele></trkpt>
      <trkpt lat="47.547177" lon="19.069868"><ele>104.5</ele></trkpt>
      <trkpt lat="47.547166" lon="19.069923"><ele>104.75</ele></trkpt>
      <trkpt lat="47.547226" lon="19.069957"><ele>103.75</ele></trkpt>
      <trkpt lat="47.547228" lon="19.069995"><ele>103.75</ele></trkpt>
      <trkpt lat="47.547238" lon="19.070030"><ele>104.0</ele></trkpt>
      <trkpt lat="47.547254" lon="19.070058"><ele>104.0</ele></trkpt>
      <trkpt lat="47.547302" lon="19.070084"><ele>103.75</ele></trkpt>
      <trkpt lat="47.547342" lon="19.070070"><ele>103.25</ele></trkpt>
      <trkpt lat="47.547359" lon="19.070051"><ele>103.25</ele></trkpt>
      <trkpt lat="47.547428" lon="19.070078"><ele>103.0</ele></trkpt>
      <trkpt lat="47.547410" lon="19.070115"><ele>103.25</ele></trkpt>
      <trkpt lat="47.547901" lon="19.070541"><ele>104.75</ele></trkpt>
      <trkpt lat="47.548495" lon="19.071049"><ele>105.0</ele></trkpt>
      <trkpt lat="47.548606" lon="19.071192"><ele>106.75</ele></trkpt>
      <trkpt lat="47.548687" lon="19.071323"><ele>108.75</ele></trkpt>
      <trkpt lat="47.548740" lon="19.071462"><ele>110.5</ele></trkpt>
      <trkpt lat="47.548764" lon="19.071476"><ele>111.0</ele></trkpt>
      <trkpt lat="47.548790" lon="19.071486"><ele>111.25</ele></trkpt>
      <trkpt lat="47.548826" lon="19.071501"><ele>111.75</ele></trkpt>
      <trkpt lat="47.548807" lon="19.071798"><ele>114.25</ele></trkpt>
      <trkpt lat="47.548794" lon="19.071856"><ele>114.5</ele></trkpt>
      <trkpt lat="47.548780" lon="19.071922"><ele>114.75</ele></trkpt>
      <trkpt lat="47.548756" lon="19.072028"><ele>114.0</ele></trkpt>
      <trkpt lat="47.548744" lon="19.072084"><ele>113.5</ele></trkpt>
      <trkpt lat="47.548732" lon="19.072136"><ele>113.0</ele></trkpt>
      <trkpt lat="47.548631" lon="19.072515"><ele>110.0</ele></trkpt>
      <trkpt lat="47.548629" lon="19.072548"><ele>109.5</ele></trkpt>
      <trkpt lat="47.548643" lon="19.072575"><ele>109.5</ele></trkpt>
      <trkpt lat="47.548778" lon="19.072638"><ele>110.5</ele></trkpt>
      <trkpt lat="47.548795" lon="19.072654"><ele>110.5</ele></trkpt>
      <trkpt lat="47.548806" lon="19.072790"><ele>109.5</ele></trkpt>
      <trkpt lat="47.548828" lon="19.072844"><ele>109.25</ele></trkpt>
      <trkpt lat="47.548879" lon="19.072926"><ele>109.25</ele></trkpt>
      <trkpt lat="47.548954" lon="19.072982"><ele>109.75</ele></trkpt>
      <trkpt lat="47.549049" lon="19.073040"><ele>111.0</ele></trkpt>
      <trkpt lat="47.549171" lon="19.073087"><ele>112.75</ele></trkpt>
      <trkpt lat="47.549349" lon="19.073156"><ele>114.0</ele></trkpt>
      <trkpt lat="47.549478" lon="19.073184"><ele>115.25</ele></trkpt>
      <trkpt lat="47.549550" lon="19.073235"><ele>115.75</ele></trkpt>
      <trkpt lat="47.549634" lon="19.073327"><ele>116.0</ele></trkpt>
      <trkpt lat="47.549677" lon="19.073348"><ele>116.25</ele></trkpt>
      <trkpt lat="47.549917" lon="19.073406"><ele>115.5</ele></trkpt>
      <trkpt lat="47.550319" lon="19.073558"><ele>112.5</ele></trkpt>
      <trkpt lat="47.550591" lon="19.073669"><ele>112.0</ele></trkpt>
      <trkpt lat="47.550659" lon="19.073674"><ele>112.25</ele></trkpt>
      <trkpt lat="47.550680" lon="19.073715"><ele>112.25</ele></trkpt>
      <trkpt lat="47.550701" lon="19.073759"><ele>112.0</ele></trkpt>
      <trkpt lat="47.550768" lon="19.073788"><ele>112.25</ele></trkpt>
      <trkpt lat="47.550808" lon="19.073804"><ele>112.25</ele></trkpt>
      <trkpt lat="47.551206" lon="19.073956"><ele>107.25</ele></trkpt>
      <trkpt lat="47.551300" lon="19.073949"><ele>106.0</ele></trkpt>
      <trkpt lat="47.551353" lon="19.073962"><ele>105.25</ele></trkpt>
      <trkpt lat="47.551415" lon="19.073985"><ele>104.75</ele></trkpt>
      <trkpt lat="47.551462" lon="19.073989"><ele>104.5</ele></trkpt>
      <trkpt lat="47.551421" lon="19.074224"><ele>105.0</ele></trkpt>
      <trkpt lat="47.551380" lon="19.074463"><ele>105.75</ele></trkpt>
      <trkpt lat="47.551670" lon="19.074574"><ele>106.0</ele></trkpt>
      <trkpt lat="47.551728" lon="19.074596"><ele>106.25</ele></trkpt>
      <trkpt lat="47.552850" lon="19.075028"><ele>105.0</ele></trkpt>
      <trkpt lat="47.553192" lon="19.075160"><ele>105.25</ele></trkpt>
      <trkpt lat="47.553341" lon="19.075166"><ele>105.5</ele></trkpt>
      <trkpt lat="47.553428" lon="19.075273"><ele>105.25</ele></trkpt>
      <trkpt lat="47.553557" lon="19.075322"><ele>104.5</ele></trkpt>
      <trkpt lat="47.553693" lon="19.075374"><ele>104.25</ele></trkpt>
      <trkpt lat="47.555159" lon="19.075977"><ele>105.0</ele></trkpt>
      <trkpt lat="47.555282" lon="19.076050"><ele>105.5</ele></trkpt>
      <trkpt lat="47.555360" lon="19.076075"><ele>105.25</ele></trkpt>
      <trkpt lat="47.555513" lon="19.076157"><ele>105.25</ele></trkpt>
      <trkpt lat="47.555969" lon="19.076356"><ele>105.75</ele></trkpt>
      <trkpt lat="47.556465" lon="19.076578"><ele>107.75</ele></trkpt>
      <trkpt lat="47.557016" lon="19.076815"><ele>105.75</ele></trkpt>
      <trkpt lat="47.557109" lon="19.076855"><ele>104.5</ele></trkpt>
      <trkpt lat="47.557164" lon="19.076880"><ele>103.75</ele></trkpt>
      <trkpt lat="47.557256" lon="19.076921"><ele>102.75</ele></trkpt>
      <trkpt lat="47.557851" lon="19.077173"><ele>104.0</ele></trkpt>
      <trkpt lat="47.557950" lon="19.077237"><ele>104.5</ele></trkpt>
      <trkpt lat="47.557976" lon="19.077273"><ele>104.5</ele></trkpt>
      <trkpt lat="47.558052" lon="19.077314"><ele>104.75</ele></trkpt>
      <trkpt lat="47.558173" lon="19.077340"><ele>104.75</ele></trkpt>
      <trkpt lat="47.558294" lon="19.077379"><ele>104.5</ele></trkpt>
      <trkpt lat="47.558409" lon="19.077416"><ele>104.0</ele></trkpt>
      <trkpt lat="47.558482" lon="19.077427"><ele>104.0</ele></trkpt>
      <trkpt lat="47.558538" lon="19.077446"><ele>104.0</ele></trkpt>
      <trkpt lat="47.558763" lon="19.077467"><ele>103.75</ele></trkpt>
      <trkpt lat="47.558827" lon="19.077430"><ele>103.75</ele></trkpt>
      <trkpt lat="47.558948" lon="19.077428"><ele>103.75</ele></trkpt>
      <trkpt lat="47.559183" lon="19.077372"><ele>104.5</ele></trkpt>
      <trkpt lat="47.559312" lon="19.077331"><ele>104.75</ele></trkpt>
      <trkpt lat="47.559406" lon="19.077328"><ele>105.0</ele></trkpt>
      <trkpt lat="47.559506" lon="19.077370"><ele>105.75</ele></trkpt>
      <trkpt lat="47.559598" lon="19.077510"><ele>106.5</ele></trkpt>
      <trkpt lat="47.559675" lon="19.077587"><ele>106.75</ele></trkpt>
      <trkpt lat="47.559728" lon="19.077603"><ele>107.0</ele></trkpt>
      <trkpt lat="47.559793" lon="19.077605"><ele>107.0</ele></trkpt>
      <trkpt lat="47.559861" lon="19.077559"><ele>107.0</ele></trkpt>
      <trkpt lat="47.559906" lon="19.077510"><ele>107.0</ele></trkpt>
      <trkpt lat="47.559945" lon="19.077415"><ele>107.0</ele></trkpt>
      <trkpt lat="47.559986" lon="19.077442"><ele>107.0</ele></trkpt>
      <trkpt lat="47.560021" lon="19.077465"><ele>107.0</ele></trkpt>
      <trkpt lat="47.560072" lon="19.077498"><ele>107.0</ele></trkpt>
      <trkpt lat="47.560122" lon="19.077546"><ele>107.0</ele></trkpt>
      <trkpt lat="47.560225" lon="19.077563"><ele>107.0</ele></trkpt>
      <trkpt lat="47.560319" lon="19.077625"><ele>107.25</ele></trkpt>
      <trkpt lat="47.560374" lon="19.077696"><ele>107.5</ele></trkpt>
      <trkpt lat="47.560636" lon="19.077887"><ele>106.25</ele></trkpt>
      <trkpt lat="47.560689" lon="19.077923"><ele>105.75</ele></trkpt>
      <trkpt lat="47.560956" lon="19.078107"><ele>101.75</ele></trkpt>
      <trkpt lat="47.561151" lon="19.078263"><ele>100.25</ele></trkpt>
      <trkpt lat="47.561180" lon="19.078315"><ele>100.75</ele></trkpt>
      <trkpt lat="47.561207" lon="19.078304"><ele>100.75</ele></trkpt>
      <trkpt lat="47.561242" lon="19.078290"><ele>100.5</ele></trkpt>
      <trkpt lat="47.561362" lon="19.078358"><ele>101.0</ele></trkpt>
      <trkpt lat="47.561436" lon="19.078399"><ele>101.75</ele></trkpt>
      <trkpt lat="47.561478" lon="19.078455"><ele>102.5</ele></trkpt>
      <trkpt lat="47.561564" lon="19.078370"><ele>102.75</ele></trkpt>
      <trkpt lat="47.561623" lon="19.078348"><ele>103.5</ele></trkpt>
      <trkpt lat="47.561689" lon="19.078335"><ele>104.0</ele></trkpt>
      <trkpt lat="47.561851" lon="19.078380"><ele>104.75</ele></trkpt>
      <trkpt lat="47.562078" lon="19.078407"><ele>105.25</ele></trkpt>
      <trkpt lat="47.562248" lon="19.078413"><ele>105.0</ele></trkpt>
      <trkpt lat="47.562520" lon="19.078354"><ele>102.75</ele></trkpt>
      <trkpt lat="47.562636" lon="19.078376"><ele>102.25</ele></trkpt>
      <trkpt lat="47.563622" lon="19.078661"><ele>102.75</ele></trkpt>
      <trkpt lat="47.564161" lon="19.078825"><ele>101.75</ele></trkpt>
      <trkpt lat="47.564244" lon="19.078850"><ele>102.0</ele></trkpt>
      <trkpt lat="47.564553" lon="19.078950"><ele>103.5</ele></trkpt>
      <trkpt lat="47.564600" lon="19.078965"><ele>103.75</ele></trkpt>
      <trkpt lat="47.565143" lon="19.079136"><ele>104.0</ele></trkpt>
      <trkpt lat="47.565246" lon="19.079169"><ele>103.75</ele></trkpt>
      <trkpt lat="47.565528" lon="19.079271"><ele>102.5</ele></trkpt>
      <trkpt lat="47.565968" lon="19.079418"><ele>104.0</ele></trkpt>
      <trkpt lat="47.566308" lon="19.079535"><ele>105.0</ele></trkpt>
      <trkpt lat="47.567230" lon="19.079850"><ele>103.25</ele></trkpt>
      <trkpt lat="47.567578" lon="19.079969"><ele>104.0</ele></trkpt>
      <trkpt lat="47.567698" lon="19.080011"><ele>104.0</ele></trkpt>
      <trkpt lat="47.568118" lon="19.080160"><ele>103.5</ele></trkpt>
      <trkpt lat="47.568321" lon="19.080225"><ele>103.75</ele></trkpt>
      <trkpt lat="47.568453" lon="19.080267"><ele>104.25</ele></trkpt>
      <trkpt lat="47.568567" lon="19.080303"><ele>104.75</ele></trkpt>
      <trkpt lat="47.568623" lon="19.080318"><ele>104.75</ele></trkpt>
      <trkpt lat="47.569084" lon="19.080441"><ele>104.75</ele></trkpt>
      <trkpt lat="47.569307" lon="19.080484"><ele>105.0</ele></trkpt>
      <trkpt lat="47.569546" lon="19.080519"><ele>104.5</ele></trkpt>
      <trkpt lat="47.569763" lon="19.080541"><ele>104.0</ele></trkpt>
      <trkpt lat="47.570413" lon="19.080627"><ele>103.25</ele></trkpt>
      <trkpt lat="47.570532" lon="19.080638"><ele>103.25</ele></trkpt>
      <trkpt lat="47.570598" lon="19.080645"><ele>103.25</ele></trkpt>
      <trkpt lat="47.570702" lon="19.080655"><ele>103.25</ele></trkpt>
      <trkpt lat="47.570757" lon="19.080660"><ele>103.25</ele></trkpt>
      <trkpt lat="47.571528" lon="19.080761"><ele>104.0</ele></trkpt>
      <trkpt lat="47.571679" lon="19.080780"><ele>103.75</ele></trkpt>
      <trkpt lat="47.572627" lon="19.080896"><ele>103.25</ele></trkpt>
      <trkpt lat="47.572716" lon="19.080902"><ele>103.0</ele></trkpt>
      <trkpt lat="47.572802" lon="19.080915"><ele>103.0</ele></trkpt>
      <trkpt lat="47.572871" lon="19.080922"><ele>103.0</ele></trkpt>
      <trkpt lat="47.572962" lon="19.080932"><ele>103.0</ele></trkpt>
      <trkpt lat="47.573225" lon="19.080960"><ele>103.0</ele></trkpt>
      <trkpt lat="47.573249" lon="19.080963"><ele>103.0</ele></trkpt>
      <trkpt lat="47.573408" lon="19.080981"><ele>103.0</ele></trkpt>
      <trkpt lat="47.573458" lon="19.080986"><ele>103.0</ele></trkpt>
      <trkpt lat="47.573562" lon="19.080998"><ele>103.25</ele></trkpt>
      <trkpt lat="47.573609" lon="19.081003"><ele>103.25</ele></trkpt>
      <trkpt lat="47.573964" lon="19.081070"><ele>104.25</ele></trkpt>
      <trkpt lat="47.574041" lon="19.081075"><ele>104.5</ele></trkpt>
      <trkpt lat="47.574133" lon="19.081081"><ele>104.75</ele></trkpt>
      <trkpt lat="47.574273" lon="19.081092"><ele>104.5</ele></trkpt>
      <trkpt lat="47.574400" lon="19.081101"><ele>104.0</ele></trkpt>
      <trkpt lat="47.574926" lon="19.081140"><ele>102.25</ele></trkpt>
      <trkpt lat="47.575355" lon="19.081156"><ele>101.75</ele></trkpt>
      <trkpt lat="47.575477" lon="19.081161"><ele>101.25</ele></trkpt>
      <trkpt lat="47.575568" lon="19.081166"><ele>101.0</ele></trkpt>
      <trkpt lat="47.575834" lon="19.081193"><ele>101.25</ele></trkpt>
      <trkpt lat="47.575953" lon="19.081205"><ele>102.0</ele></trkpt>
      <trkpt lat="47.576032" lon="19.081212"><ele>102.75</ele></trkpt>
      <trkpt lat="47.576272" lon="19.081229"><ele>104.5</ele></trkpt>
      <trkpt lat="47.576543" lon="19.081257"><ele>106.5</ele></trkpt>
      <trkpt lat="47.578410" lon="19.081416"><ele>108.0</ele></trkpt>
      <trkpt lat="47.579664" lon="19.081511"><ele>109.25</ele></trkpt>
      <trkpt lat="47.579897" lon="19.081526"><ele>105.25</ele></trkpt>
      <trkpt lat="47.580042" lon="19.081537"><ele>103.5</ele></trkpt>
      <trkpt lat="47.580084" lon="19.081537"><ele>103.25</ele></trkpt>
      <trkpt lat="47.580970" lon="19.081608"><ele>103.75</ele></trkpt>
      <trkpt lat="47.581795" lon="19.081690"><ele>104.75</ele></trkpt>
      <trkpt lat="47.582011" lon="19.081698"><ele>104.5</ele></trkpt>
      <trkpt lat="47.582073" lon="19.081700"><ele>104.25</ele></trkpt>
      <trkpt lat="47.582100" lon="19.081625"><ele>104.5</ele></trkpt>
      <trkpt lat="47.582174" lon="19.081586"><ele>104.25</ele></trkpt>
      <trkpt lat="47.582403" lon="19.081493"><ele>104.5</ele></trkpt>
      <trkpt lat="47.582571" lon="19.081464"><ele>104.5</ele></trkpt>
      <trkpt lat="47.582653" lon="19.081474"><ele>104.25</ele></trkpt>
      <trkpt lat="47.582906" lon="19.081557"><ele>103.5</ele></trkpt>
      <trkpt lat="47.583021" lon="19.081579"><ele>103.25</ele></trkpt>
      <trkpt lat="47.583089" lon="19.081585"><ele>103.25</ele></trkpt>
      <trkpt lat="47.583101" lon="19.081612"><ele>103.0</ele></trkpt>
      <trkpt lat="47.583100" lon="19.081747"><ele>103.0</ele></trkpt>
      <trkpt lat="47.583157" lon="19.081913"><ele>103.0</ele></trkpt>
      <trkpt lat="47.583232" lon="19.081981"><ele>103.0</ele></trkpt>
      <trkpt lat="47.583345" lon="19.081991"><ele>103.0</ele></trkpt>
      <trkpt lat="47.583855" lon="19.082028"><ele>103.25</ele></trkpt>
      <trkpt lat="47.584416" lon="19.082054"><ele>104.0</ele></trkpt>
      <trkpt lat="47.585218" lon="19.082115"><ele>102.75</ele></trkpt>
      <trkpt lat="47.585303" lon="19.082093"><ele>102.75</ele></trkpt>
      <trkpt lat="47.585412" lon="19.082100"><ele>102.5</ele></trkpt>
      <trkpt lat="47.585609" lon="19.082139"><ele>102.25</ele></trkpt>
      <trkpt lat="47.585656" lon="19.082146"><ele>102.5</ele></trkpt>
      <trkpt lat="47.586018" lon="19.082186"><ele>103.0</ele></trkpt>
      <trkpt lat="47.586034" lon="19.082201"><ele>103.0</ele></trkpt>
      <trkpt lat="47.586045" lon="19.082231"><ele>103.0</ele></trkpt>
      <trkpt lat="47.586058" lon="19.082201"><ele>103.0</ele></trkpt>
      <trkpt lat="47.586081" lon="19.082189"><ele>103.0</ele></trkpt>
      <trkpt lat="47.586146" lon="19.082194"><ele>103.0</ele></trkpt>
      <trkpt lat="47.586646" lon="19.082243"><ele>104.0</ele></trkpt>
      <trkpt lat="47.587187" lon="19.082294"><ele>103.75</ele></trkpt>
      <trkpt lat="47.587232" lon="19.082302"><ele>103.5</ele></trkpt>
      <trkpt lat="47.587929" lon="19.082370"><ele>104.25</ele></trkpt>
      <trkpt lat="47.588019" lon="19.082382"><ele>104.5</ele></trkpt>
      <trkpt lat="47.588809" lon="19.082445"><ele>106.0</ele></trkpt>
      <trkpt lat="47.589025" lon="19.082481"><ele>106.25</ele></trkpt>
      <trkpt lat="47.589099" lon="19.082500"><ele>106.75</ele></trkpt>
      <trkpt lat="47.589196" lon="19.082540"><ele>106.75</ele></trkpt>
      <trkpt lat="47.589468" lon="19.082715"><ele>105.75</ele></trkpt>
      <trkpt lat="47.589601" lon="19.082836"><ele>105.5</ele></trkpt>
      <trkpt lat="47.589699" lon="19.082949"><ele>105.5</ele></trkpt>
      <trkpt lat="47.590026" lon="19.083387"><ele>104.75</ele></trkpt>
      <trkpt lat="47.590516" lon="19.084004"><ele>103.0</ele></trkpt>
      <trkpt lat="47.590570" lon="19.084068"><ele>103.0</ele></trkpt>
      <trkpt lat="47.590598" lon="19.084103"><ele>102.75</ele></trkpt>
      <trkpt lat="47.590634" lon="19.084148"><ele>103.0</ele></trkpt>
      <trkpt lat="47.590726" lon="19.084266"><ele>102.75</ele></trkpt>
      <trkpt lat="47.590824" lon="19.084671"><ele>102.75</ele></trkpt>
      <trkpt lat="47.591269" lon="19.085202"><ele>103.0</ele></trkpt>
      <trkpt lat="47.592134" lon="19.086317"><ele>105.0</ele></trkpt>
      <trkpt lat="47.592270" lon="19.086404"><ele>104.75</ele></trkpt>
      <trkpt lat="47.592431" lon="19.086627"><ele>104.0</ele></trkpt>
      <trkpt lat="47.592499" lon="19.086791"><ele>104.0</ele></trkpt>
      <trkpt lat="47.592823" lon="19.087229"><ele>102.0</ele></trkpt>
      <trkpt lat="47.593013" lon="19.087319"><ele>102.75</ele></trkpt>
      <trkpt lat="47.593085" lon="19.087418"><ele>103.0</ele></trkpt>
      <trkpt lat="47.593158" lon="19.087502"><ele>103.5</ele></trkpt>
      <trkpt lat="47.593514" lon="19.087926"><ele>105.0</ele></trkpt>
      <trkpt lat="47.593727" lon="19.088148"><ele>105.75</ele></trkpt>
      <trkpt lat="47.594190" lon="19.088568"><ele>104.0</ele></trkpt>
      <trkpt lat="47.594652" lon="19.088958"><ele>105.0</ele></trkpt>
      <trkpt lat="47.594871" lon="19.089076"><ele>105.0</ele></trkpt>
      <trkpt lat="47.594963" lon="19.089149"><ele>105.0</ele></trkpt>
      <trkpt lat="47.595021" lon="19.089221"><ele>104.75</ele></trkpt>
      <trkpt lat="47.595055" lon="19.089256"><ele>104.5</ele></trkpt>
      <trkpt lat="47.595184" lon="19.089404"><ele>104.0</ele></trkpt>
      <trkpt lat="47.595259" lon="19.089496"><ele>103.75</ele></trkpt>
      <trkpt lat="47.595290" lon="19.089559"><ele>103.5</ele></trkpt>
      <trkpt lat="47.595461" lon="19.089902"><ele>104.5</ele></trkpt>
      <trkpt lat="47.595560" lon="19.090378"><ele>106.25</ele></trkpt>
      <trkpt lat="47.595585" lon="19.090702"><ele>107.0</ele></trkpt>
      <trkpt lat="47.595649" lon="19.090699"><ele>107.25</ele></trkpt>
      <trkpt lat="47.595753" lon="19.090696"><ele>107.5</ele></trkpt>
      <trkpt lat="47.595791" lon="19.090697"><ele>107.75</ele></trkpt>
      <trkpt lat="47.595824" lon="19.090711"><ele>107.75</ele></trkpt>
      <trkpt lat="47.595842" lon="19.090736"><ele>107.75</ele></trkpt>
      <trkpt lat="47.595869" lon="19.090767"><ele>107.75</ele></trkpt>
      <trkpt lat="47.595933" lon="19.090780"><ele>107.5</ele></trkpt>
      <trkpt lat="47.596265" lon="19.090759"><ele>107.0</ele></trkpt>
      <trkpt lat="47.596530" lon="19.090716"><ele>107.75</ele></trkpt>
      <trkpt lat="47.596991" lon="19.090805"><ele>106.5</ele></trkpt>
      <trkpt lat="47.597519" lon="19.091036"><ele>105.0</ele></trkpt>
      <trkpt lat="47.597687" lon="19.091172"><ele>105.25</ele></trkpt>
      <trkpt lat="47.598027" lon="19.091453"><ele>104.5</ele></trkpt>
      <trkpt lat="47.598229" lon="19.091595"><ele>104.5</ele></trkpt>
      <trkpt lat="47.598679" lon="19.092069"><ele>105.75</ele></trkpt>
      <trkpt lat="47.599196" lon="19.092545"><ele>107.0</ele></trkpt>
      <trkpt lat="47.599317" lon="19.092683"><ele>107.5</ele></trkpt>
      <trkpt lat="47.599462" lon="19.092813"><ele>107.75</ele></trkpt>
      <trkpt lat="47.599534" lon="19.092877"><ele>107.5</ele></trkpt>
      <trkpt lat="47.599624" lon="19.092939"><ele>107.25</ele></trkpt>
      <trkpt lat="47.599847" lon="19.093144"><ele>106.5</ele></trkpt>
      <trkpt lat="47.600447" lon="19.093697"><ele>104.5</ele></trkpt>
      <trkpt lat="47.600807" lon="19.093998"><ele>105.5</ele></trkpt>
      <trkpt lat="47.601164" lon="19.094271"><ele>104.75</ele></trkpt>
      <trkpt lat="47.601470" lon="19.094468"><ele>104.0</ele></trkpt>
      <trkpt lat="47.601906" lon="19.094697"><ele>106.5</ele></trkpt>
      <trkpt lat="47.602948" lon="19.095157"><ele>103.75</ele></trkpt>
      <trkpt lat="47.603236" lon="19.095291"><ele>105.0</ele></trkpt>
      <trkpt lat="47.603396" lon="19.095375"><ele>105.25</ele></trkpt>
      <trkpt lat="47.603573" lon="19.095484"><ele>105.5</ele></trkpt>
      <trkpt lat="47.603926" lon="19.095727"><ele>105.75</ele></trkpt>
      <trkpt lat="47.604251" lon="19.096000"><ele>104.5</ele></trkpt>
      <trkpt lat="47.604787" lon="19.096510"><ele>104.25</ele></trkpt>
      <trkpt lat="47.605113" lon="19.096816"><ele>104.5</ele></trkpt>
      <trkpt lat="47.605329" lon="19.097052"><ele>105.0</ele></trkpt>
      <trkpt lat="47.605436" lon="19.097168"><ele>105.0</ele></trkpt>
      <trkpt lat="47.605837" lon="19.097534"><ele>106.0</ele></trkpt>
      <trkpt lat="47.606436" lon="19.098083"><ele>105.5</ele></trkpt>
      <trkpt lat="47.606476" lon="19.098124"><ele>105.25</ele></trkpt>
      <trkpt lat="47.606571" lon="19.098211"><ele>105.25</ele></trkpt>
      <trkpt lat="47.609288" lon="19.100717"><ele>105.0</ele></trkpt>
      <trkpt lat="47.609315" lon="19.100742"><ele>105.0</ele></trkpt>
      <trkpt lat="47.609356" lon="19.100786"><ele>105.0</ele></trkpt>
      <trkpt lat="47.609631" lon="19.101112"><ele>105.5</ele></trkpt>
      <trkpt lat="47.609889" lon="19.101503"><ele>107.0</ele></trkpt>
      <trkpt lat="47.610271" lon="19.102149"><ele>108.75</ele></trkpt>
      <trkpt lat="47.610460" lon="19.102585"><ele>110.0</ele></trkpt>
      <trkpt lat="47.610540" lon="19.102806"><ele>110.75</ele></trkpt>
      <trkpt lat="47.610911" lon="19.103701"><ele>109.25</ele></trkpt>
      <trkpt lat="47.611041" lon="19.104063"><ele>108.25</ele></trkpt>
      <trkpt lat="47.611073" lon="19.104285"><ele>108.5</ele></trkpt>
      <trkpt lat="47.611178" lon="19.104464"><ele>108.75</ele></trkpt>
      <trkpt lat="47.611400" lon="19.105035"><ele>109.75</ele></trkpt>
      <trkpt lat="47.611463" lon="19.105302"><ele>109.5</ele></trkpt>
      <trkpt lat="47.611607" lon="19.105664"><ele>107.5</ele></trkpt>
      <trkpt lat="47.611689" lon="19.105859"><ele>105.5</ele></trkpt>
      <trkpt lat="47.611946" lon="19.106437"><ele>102.0</ele></trkpt>
      <trkpt lat="47.612105" lon="19.106754"><ele>103.0</ele></trkpt>
      <trkpt lat="47.612286" lon="19.107065"><ele>102.5</ele></trkpt>
      <trkpt lat="47.612658" lon="19.107543"><ele>100.5</ele></trkpt>
      <trkpt lat="47.612923" lon="19.107841"><ele>101.0</ele></trkpt>
      <trkpt lat="47.613236" lon="19.108125"><ele>103.0</ele></trkpt>
      <trkpt lat="47.613403" lon="19.108220"><ele>103.5</ele></trkpt>
      <trkpt lat="47.613855" lon="19.108548"><ele>104.0</ele></trkpt>
      <trkpt lat="47.614040" lon="19.108640"><ele>104.25</ele></trkpt>
      <trkpt lat="47.614134" lon="19.108731"><ele>104.5</ele></trkpt>
      <trkpt lat="47.614211" lon="19.108840"><ele>104.25</ele></trkpt>
      <trkpt lat="47.614957" lon="19.109265"><ele>104.25</ele></trkpt>
      <trkpt lat="47.615123" lon="19.109362"><ele>104.5</ele></trkpt>
      <trkpt lat="47.615495" lon="19.109573"><ele>104.0</ele></trkpt>
      <trkpt lat="47.615760" lon="19.109674"><ele>104.0</ele></trkpt>
      <trkpt lat="47.615932" lon="19.109780"><ele>104.0</ele></trkpt>
      <trkpt lat="47.616539" lon="19.110153"><ele>105.75</ele></trkpt>
      <trkpt lat="47.616765" lon="19.110384"><ele>105.5</ele></trkpt>
      <trkpt lat="47.616874" lon="19.110464"><ele>105.25</ele></trkpt>
      <trkpt lat="47.617316" lon="19.110788"><ele>104.5</ele></trkpt>
      <trkpt lat="47.618106" lon="19.111451"><ele>106.0</ele></trkpt>
      <trkpt lat="47.618693" lon="19.111994"><ele>103.75</ele></trkpt>
      <trkpt lat="47.619183" lon="19.112527"><ele>104.75</ele></trkpt>
      <trkpt lat="47.619536" lon="19.112927"><ele>103.25</ele></trkpt>
      <trkpt lat="47.619855" lon="19.113307"><ele>101.25</ele></trkpt>
      <trkpt lat="47.620115" lon="19.113669"><ele>101.75</ele></trkpt>
      <trkpt lat="47.620467" lon="19.114191"><ele>102.5</ele></trkpt>
      <trkpt lat="47.620983" lon="19.115080"><ele>101.5</ele></trkpt>
      <trkpt lat="47.621520" lon="19.116085"><ele>103.75</ele></trkpt>
      <trkpt lat="47.621955" lon="19.116931"><ele>104.75</ele></trkpt>
      <trkpt lat="47.622540" lon="19.118152"><ele>106.75</ele></trkpt>
      <trkpt lat="47.622999" lon="19.119089"><ele>104.25</ele></trkpt>
      <trkpt lat="47.623416" lon="19.119984"><ele>101.5</ele></trkpt>
      <trkpt lat="47.623583" lon="19.120374"><ele>102.25</ele></trkpt>
      <trkpt lat="47.623606" lon="19.120456"><ele>102.5</ele></trkpt>
      <trkpt lat="47.623640" lon="19.120496"><ele>102.75</ele></trkpt>
      <trkpt lat="47.623624" lon="19.120655"><ele>103.25</ele></trkpt>
      <trkpt lat="47.623631" lon="19.120776"><ele>103.75</ele></trkpt>
      <trkpt lat="47.623689" lon="19.120875"><ele>104.0</ele></trkpt>
      <trkpt lat="47.623746" lon="19.120972"><ele>104.0</ele></trkpt>
      <trkpt lat="47.623795" lon="19.121048"><ele>104.5</ele></trkpt>
      <trkpt lat="47.623852" lon="19.121048"><ele>104.5</ele></trkpt>
      <trkpt lat="47.623927" lon="19.121077"><ele>104.75</ele></trkpt>
      <trkpt lat="47.624006" lon="19.121138"><ele>104.5</ele></trkpt>
      <trkpt lat="47.624115" lon="19.121274"><ele>104.0</ele></trkpt>
      <trkpt lat="47.624215" lon="19.121457"><ele>104.0</ele></trkpt>
      <trkpt lat="47.624927" lon="19.122992"><ele>101.5</ele></trkpt>
      <trkpt lat="47.625707" lon="19.124535"><ele>103.0</ele></trkpt>
      <trkpt lat="47.626068" lon="19.125139"><ele>103.5</ele></trkpt>
      <trkpt lat="47.626117" lon="19.125191"><ele>104.0</ele></trkpt>
      <trkpt lat="47.626727" lon="19.126028"><ele>105.75</ele></trkpt>
      <trkpt lat="47.626765" lon="19.126028"><ele>105.75</ele></trkpt>
      <trkpt lat="47.626921" lon="19.126220"><ele>106.0</ele></trkpt>
      <trkpt lat="47.626956" lon="19.126275"><ele>105.75</ele></trkpt>
      <trkpt lat="47.627129" lon="19.126464"><ele>106.0</ele></trkpt>
      <trkpt lat="47.627465" lon="19.126800"><ele>107.25</ele></trkpt>
      <trkpt lat="47.627572" lon="19.127044"><ele>107.5</ele></trkpt>
      <trkpt lat="47.627561" lon="19.127175"><ele>107.5</ele></trkpt>
      <trkpt lat="47.627623" lon="19.127274"><ele>107.5</ele></trkpt>
      <trkpt lat="47.627670" lon="19.127349"><ele>107.75</ele></trkpt>
      <trkpt lat="47.627664" lon="19.127420"><ele>108.0</ele></trkpt>
      <trkpt lat="47.627700" lon="19.127492"><ele>108.25</ele></trkpt>
      <trkpt lat="47.627782" lon="19.127519"><ele>108.0</ele></trkpt>
      <trkpt lat="47.627820" lon="19.127500"><ele>108.0</ele></trkpt>
      <trkpt lat="47.627879" lon="19.127486"><ele>108.25</ele></trkpt>
      <trkpt lat="47.627902" lon="19.127484"><ele>108.25</ele></trkpt>
      <trkpt lat="47.627975" lon="19.127390"><ele>108.0</ele></trkpt>
      <trkpt lat="47.628081" lon="19.127316"><ele>107.5</ele></trkpt>
      <trkpt lat="47.628258" lon="19.127421"><ele>108.0</ele></trkpt>
      <trkpt lat="47.628312" lon="19.127389"><ele>107.75</ele></trkpt>
      <trkpt lat="47.628467" lon="19.127520"><ele>108.0</ele></trkpt>
      <trkpt lat="47.628680" lon="19.127669"><ele>108.5</ele></trkpt>
      <trkpt lat="47.628856" lon="19.127762"><ele>109.75</ele></trkpt>
      <trkpt lat="47.629586" lon="19.128146"><ele>114.25</ele></trkpt>
      <trkpt lat="47.630174" lon="19.128456"><ele>118.0</ele></trkpt>
      <trkpt lat="47.630690" lon="19.128727"><ele>120.0</ele></trkpt>
      <trkpt lat="47.630900" lon="19.128808"><ele>121.0</ele></trkpt>
      <trkpt lat="47.631162" lon="19.128871"><ele>120.75</ele></trkpt>
      <trkpt lat="47.631335" lon="19.128903"><ele>120.0</ele></trkpt>
      <trkpt lat="47.631506" lon="19.128930"><ele>119.5</ele></trkpt>
      <trkpt lat="47.631847" lon="19.128977"><ele>119.0</ele></trkpt>
      <trkpt lat="47.631855" lon="19.129198"><ele>119.0</ele></trkpt>
      <trkpt lat="47.631864" lon="19.129525"><ele>119.0</ele></trkpt>
      <trkpt lat="47.631864" lon="19.129653"><ele>119.5</ele></trkpt>
      <trkpt lat="47.631894" lon="19.130150"><ele>122.0</ele></trkpt>
      <trkpt lat="47.631966" lon="19.130611"><ele>124.0</ele></trkpt>
      <trkpt lat="47.632209" lon="19.130559"><ele>124.0</ele></trkpt>
      <trkpt lat="47.632160" lon="19.130739"><ele>124.5</ele></trkpt>
      <trkpt lat="47.632099" lon="19.131395"><ele>124.0</ele></trkpt>
      <trkpt lat="47.631995" lon="19.132452"><ele>124.0</ele></trkpt>
      <trkpt lat="47.631978" lon="19.132523"><ele>123.75</ele></trkpt>
      <trkpt lat="47.631941" lon="19.132607"><ele>124.0</ele></trkpt>
      <trkpt lat="47.631827" lon="19.132640"><ele>124.0</ele></trkpt>
      <trkpt lat="47.631147" lon="19.133507"><ele>123.75</ele></trkpt>
      <trkpt lat="47.630952" lon="19.133660"><ele>123.25</ele></trkpt>
      <trkpt lat="47.630795" lon="19.133746"><ele>122.75</ele></trkpt>
      <trkpt lat="47.630283" lon="19.134048"><ele>122.0</ele></trkpt>
      <trkpt lat="47.630180" lon="19.134146"><ele>122.0</ele></trkpt>
      <trkpt lat="47.630123" lon="19.134312"><ele>121.75</ele></trkpt>
      <trkpt lat="47.629977" lon="19.134903"><ele>122.5</ele></trkpt>
      <trkpt lat="47.629869" lon="19.135340"><ele>123.0</ele></trkpt>
      <trkpt lat="47.629817" lon="19.135549"><ele>123.0</ele></trkpt>
      <trkpt lat="47.629776" lon="19.135767"><ele>123.0</ele></trkpt>
      <trkpt lat="47.629722" lon="19.135757"><ele>122.75</ele></trkpt>
      <trkpt lat="47.629698" lon="19.135722"><ele>122.75</ele></trkpt>
      <trkpt lat="47.629692" lon="19.135726"><ele>122.75</ele></trkpt>
      <trkpt lat="47.629647" lon="19.135742"><ele>122.75</ele></trkpt>
      <trkpt lat="47.629616" lon="19.135753"><ele>122.75</ele></trkpt>
      <trkpt lat="47.629638" lon="19.135952"><ele>123.0</ele></trkpt>
      <trkpt lat="47.629696" lon="19.136278"><ele>123.0</ele></trkpt>
      <trkpt lat="47.629838" lon="19.137090"><ele>123.25</ele></trkpt>
      <trkpt lat="47.629857" lon="19.137327"><ele>123.5</ele></trkpt>
      <trkpt lat="47.629849" lon="19.137383"><ele>123.5</ele></trkpt>
      <trkpt lat="47.629762" lon="19.137835"><ele>124.75</ele></trkpt>
      <trkpt lat="47.629724" lon="19.137908"><ele>125.25</ele></trkpt>
      <trkpt lat="47.629673" lon="19.137932"><ele>125.25</ele></trkpt>
      <trkpt lat="47.629576" lon="19.137928"><ele>125.0</ele></trkpt>
      <trkpt lat="47.629574" lon="19.137981"><ele>125.0</ele></trkpt>
      <trkpt lat="47.629566" lon="19.138071"><ele>125.25</ele></trkpt>
      <trkpt lat="47.629666" lon="19.138117"><ele>126.0</ele></trkpt>
      <trkpt lat="47.629675" lon="19.138152"><ele>126.0</ele></trkpt>
      <trkpt lat="47.629692" lon="19.138181"><ele>126.25</ele></trkpt>
      <trkpt lat="47.629715" lon="19.138199"><ele>126.25</ele></trkpt>
      <trkpt lat="47.629738" lon="19.138205"><ele>126.25</ele></trkpt>
      <trkpt lat="47.629782" lon="19.138184"><ele>126.0</ele></trkpt>
      <trkpt lat="47.629864" lon="19.138237"><ele>126.0</ele></trkpt>
      <trkpt lat="47.629901" lon="19.138278"><ele>126.0</ele></trkpt>
      <trkpt lat="47.629934" lon="19.138345"><ele>126.25</ele></trkpt>
      <trkpt lat="47.629962" lon="19.138422"><ele>126.25</ele></trkpt>
      <trkpt lat="47.630025" lon="19.138772"><ele>126.75</ele></trkpt>
      <trkpt lat="47.630198" lon="19.138854"><ele>126.75</ele></trkpt>
      <trkpt lat="47.632346" lon="19.139869"><ele>125.25</ele></trkpt>
      <trkpt lat="47.632407" lon="19.139550"><ele>125.0</ele></trkpt>
      <trkpt lat="47.632592" lon="19.138583"><ele>122.75</ele></trkpt>
      <trkpt lat="47.632610" lon="19.138541"><ele>122.75</ele></trkpt>
      <trkpt lat="47.632640" lon="19.138505"><ele>122.75</ele></trkpt>
      <trkpt lat="47.634251" lon="19.139294"><ele>126.0</ele></trkpt>
      <trkpt lat="47.634466" lon="19.139397"><ele>132.0</ele></trkpt>
      <trkpt lat="47.634251" lon="19.139294"><ele>126.0</ele></trkpt>
      <trkpt lat="47.634516" lon="19.138082"><ele>122.0</ele></trkpt>
      <trkpt lat="47.634690" lon="19.137285"><ele>121.0</ele></trkpt>
      <trkpt lat="47.634990" lon="19.137048"><ele>121.25</ele></trkpt>
      <trkpt lat="47.635045" lon="19.137002"><ele>121.25</ele></trkpt>
      <trkpt lat="47.635079" lon="19.136973"><ele>121.25</ele></trkpt>
      <trkpt lat="47.635855" lon="19.136331"><ele>120.5</ele></trkpt>
      <trkpt lat="47.637464" lon="19.135018"><ele>121.75</ele></trkpt>
      <trkpt lat="47.637563" lon="19.135090"><ele>122.25</ele></trkpt>
      <trkpt lat="47.637571" lon="19.135096"><ele>122.25</ele></trkpt>
      <trkpt lat="47.637682" lon="19.135176"><ele>122.5</ele></trkpt>
      <trkpt lat="47.637727" lon="19.135208"><ele>122.5</ele></trkpt>
      <trkpt lat="47.637964" lon="19.135086"><ele>122.75</ele></trkpt>
      <trkpt lat="47.638379" lon="19.134669"><ele>121.5</ele></trkpt>
      <trkpt lat="47.638709" lon="19.134535"><ele>120.0</ele></trkpt>
      <trkpt lat="47.639150" lon="19.134431"><ele>120.0</ele></trkpt>
      <trkpt lat="47.639718" lon="19.134418"><ele>120.75</ele></trkpt>
      <trkpt lat="47.639793" lon="19.134443"><ele>120.5</ele></trkpt>
      <trkpt lat="47.640640" lon="19.134985"><ele>121.0</ele></trkpt>
      <trkpt lat="47.641478" lon="19.135538"><ele>119.25</ele></trkpt>
      <trkpt lat="47.642331" lon="19.136110"><ele>119.5</ele></trkpt>
      <trkpt lat="47.642981" lon="19.136534"><ele>118.5</ele></trkpt>
      <trkpt lat="47.643573" lon="19.136942"><ele>116.0</ele></trkpt>
      <trkpt lat="47.643768" lon="19.136555"><ele>116.0</ele></trkpt>
      <trkpt lat="47.644222" lon="19.135656"><ele>115.5</ele></trkpt>
      <trkpt lat="47.644237" lon="19.135594"><ele>115.5</ele></trkpt>
      <trkpt lat="47.644238" lon="19.135541"><ele>115.25</ele></trkpt>
      <trkpt lat="47.644349" lon="19.135466"><ele>114.75</ele></trkpt>
      <trkpt lat="47.644384" lon="19.135476"><ele>114.5</ele></trkpt>
      <trkpt lat="47.644821" lon="19.135603"><ele>115.5</ele></trkpt>
      <trkpt lat="47.645531" lon="19.135804"><ele>117.75</ele></trkpt>
      <trkpt lat="47.645686" lon="19.135831"><ele>117.5</ele></trkpt>
      <trkpt lat="47.646468" lon="19.135968"><ele>119.0</ele></trkpt>
      <trkpt lat="47.647502" lon="19.136230"><ele>116.25</ele></trkpt>
      <trkpt lat="47.648529" lon="19.136586"><ele>118.0</ele></trkpt>
      <trkpt lat="47.648815" lon="19.136658"><ele>118.75</ele></trkpt>
      <trkpt lat="47.649088" lon="19.136680"><ele>119.0</ele></trkpt>
      <trkpt lat="47.649612" lon="19.136667"><ele>120.5</ele></trkpt>
      <trkpt lat="47.649871" lon="19.136629"><ele>121.25</ele></trkpt>
      <trkpt lat="47.651367" lon="19.136412"><ele>120.0</ele></trkpt>
      <trkpt lat="47.651798" lon="19.136335"><ele>119.25</ele></trkpt>
      <trkpt lat="47.652185" lon="19.136272"><ele>117.0</ele></trkpt>
      <trkpt lat="47.652456" lon="19.136480"><ele>117.75</ele></trkpt>
      <trkpt lat="47.652456" lon="19.136532"><ele>117.75</ele></trkpt>
      <trkpt lat="47.652466" lon="19.136582"><ele>117.75</ele></trkpt>
      <trkpt lat="47.652486" lon="19.136626"><ele>117.75</ele></trkpt>
      <trkpt lat="47.652513" lon="19.136659"><ele>118.0</ele></trkpt>
      <trkpt lat="47.652546" lon="19.136679"><ele>118.0</ele></trkpt>
      <trkpt lat="47.652587" lon="19.136683"><ele>118.0</ele></trkpt>
      <trkpt lat="47.652626" lon="19.136666"><ele>118.0</ele></trkpt>
      <trkpt lat="47.652660" lon="19.136630"><ele>118.0</ele></trkpt>
      <trkpt lat="47.652683" lon="19.136579"><ele>118.0</ele></trkpt>
      <trkpt lat="47.652693" lon="19.136520"><ele>118.0</ele></trkpt>
      <trkpt lat="47.652691" lon="19.136471"><ele>118.0</ele></trkpt>
      <trkpt lat="47.652679" lon="19.136424"><ele>118.0</ele></trkpt>
      <trkpt lat="47.652813" lon="19.136149"><ele>117.0</ele></trkpt>
      <trkpt lat="47.653352" lon="19.136062"><ele>119.0</ele></trkpt>
      <trkpt lat="47.654062" lon="19.135887"><ele>118.5</ele></trkpt>
      <trkpt lat="47.655101" lon="19.135503"><ele>117.0</ele></trkpt>
      <trkpt lat="47.655758" lon="19.135485"><ele>117.0</ele></trkpt>
      <trkpt lat="47.655966" lon="19.135436"><ele>117.25</ele></trkpt>
      <trkpt lat="47.656003" lon="19.135418"><ele>117.25</ele></trkpt>
      <trkpt lat="47.656861" lon="19.134960"><ele>116.25</ele></trkpt>
      <trkpt lat="47.659145" lon="19.133574"><ele>123.75</ele></trkpt>
      <trkpt lat="47.659883" lon="19.133363"><ele>126.5</ele></trkpt>
      <trkpt lat="47.660491" lon="19.133545"><ele>128.0</ele></trkpt>
      <trkpt lat="47.660821" lon="19.133716"><ele>127.0</ele></trkpt>
      <trkpt lat="47.661191" lon="19.134002"><ele>125.25</ele></trkpt>
      <trkpt lat="47.662134" lon="19.134777"><ele>127.75</ele></trkpt>
      <trkpt lat="47.663788" lon="19.136101"><ele>128.5</ele></trkpt>
      <trkpt lat="47.663922" lon="19.136159"><ele>129.0</ele></trkpt>
      <trkpt lat="47.664129" lon="19.136237"><ele>129.0</ele></trkpt>
      <trkpt lat="47.664266" lon="19.136270"><ele>128.25</ele></trkpt>
      <trkpt lat="47.664723" lon="19.136270"><ele>127.0</ele></trkpt>
      <trkpt lat="47.664823" lon="19.136259"><ele>127.5</ele></trkpt>
      <trkpt lat="47.665047" lon="19.136083"><ele>128.75</ele></trkpt>
      <trkpt lat="47.665943" lon="19.133472"><ele>127.25</ele></trkpt>
      <trkpt lat="47.666064" lon="19.133287"><ele>127.0</ele></trkpt>
      <trkpt lat="47.666234" lon="19.133192"><ele>126.75</ele></trkpt>
      <trkpt lat="47.667174" lon="19.133161"><ele>124.25</ele></trkpt>
      <trkpt lat="47.668135" lon="19.133068"><ele>120.25</ele></trkpt>
      <trkpt lat="47.668746" lon="19.133058"><ele>118.0</ele></trkpt>
      <trkpt lat="47.669057" lon="19.133021"><ele>117.75</ele></trkpt>
      <trkpt lat="47.669183" lon="19.133034"><ele>117.75</ele></trkpt>
      <trkpt lat="47.669324" lon="19.133103"><ele>118.0</ele></trkpt>
      <trkpt lat="47.669449" lon="19.133253"><ele>118.0</ele></trkpt>
      <trkpt lat="47.669713" lon="19.133463"><ele>118.0</ele></trkpt>
      <trkpt lat="47.669773" lon="19.133485"><ele>118.0</ele></trkpt>
      <trkpt lat="47.669817" lon="19.133488"><ele>118.0</ele></trkpt>
      <trkpt lat="47.669870" lon="19.133436"><ele>118.0</ele></trkpt>
      <trkpt lat="47.669947" lon="19.133276"><ele>118.0</ele></trkpt>
      <trkpt lat="47.669963" lon="19.133182"><ele>118.0</ele></trkpt>
      <trkpt lat="47.669966" lon="19.133097"><ele>118.0</ele></trkpt>
      <trkpt lat="47.670611" lon="19.133136"><ele>117.0</ele></trkpt>
      <trkpt lat="47.670695" lon="19.133157"><ele>117.0</ele></trkpt>
      <trkpt lat="47.673524" lon="19.133862"><ele>119.0</ele></trkpt>
      <trkpt lat="47.674635" lon="19.134202"><ele>119.0</ele></trkpt>
      <trkpt lat="47.675727" lon="19.134541"><ele>118.5</ele></trkpt>
      <trkpt lat="47.675753" lon="19.134548"><ele>118.5</ele></trkpt>
      <trkpt lat="47.676880" lon="19.134893"><ele>117.5</ele></trkpt>
      <trkpt lat="47.676944" lon="19.134910"><ele>117.5</ele></trkpt>
      <trkpt lat="47.677954" lon="19.135220"><ele>116.75</ele></trkpt>
      <trkpt lat="47.677963" lon="19.135223"><ele>116.75</ele></trkpt>
      <trkpt lat="47.678001" lon="19.135234"><ele>116.75</ele></trkpt>
      <trkpt lat="47.678055" lon="19.135250"><ele>116.75</ele></trkpt>
      <trkpt lat="47.680357" lon="19.135941"><ele>113.5</ele></trkpt>
      <trkpt lat="47.680967" lon="19.136136"><ele>114.25</ele></trkpt>
      <trkpt lat="47.681047" lon="19.136224"><ele>114.75</ele></trkpt>
      <trkpt lat="47.681299" lon="19.136497"><ele>114.5</ele></trkpt>
      <trkpt lat="47.681861" lon="19.137165"><ele>113.0</ele></trkpt>
      <trkpt lat="47.682405" lon="19.137830"><ele>112.0</ele></trkpt>
      <trkpt lat="47.682449" lon="19.137884"><ele>112.25</ele></trkpt>
      <trkpt lat="47.683070" lon="19.136741"><ele>115.25</ele></trkpt>
      <trkpt lat="47.683121" lon="19.136636"><ele>114.75</ele></trkpt>
      <trkpt lat="47.683143" lon="19.136656"><ele>114.75</ele></trkpt>
      <trkpt lat="47.683943" lon="19.137398"><ele>116.0</ele></trkpt>
      <trkpt lat="47.684123" lon="19.137480"><ele>116.75</ele></trkpt>
      <trkpt lat="47.684298" lon="19.137490"><ele>116.25</ele></trkpt>
      <trkpt lat="47.684771" lon="19.137270"><ele>113.75</ele></trkpt>
      <trkpt lat="47.685191" lon="19.137419"><ele>113.25</ele></trkpt>
      <trkpt lat="47.685420" lon="19.137648"><ele>113.0</ele></trkpt>
      <trkpt lat="47.686695" lon="19.138987"><ele>114.75</ele></trkpt>
      <trkpt lat="47.687144" lon="19.139484"><ele>114.0</ele></trkpt>
      <trkpt lat="47.687918" lon="19.138657"><ele>113.0</ele></trkpt>
      <trkpt lat="47.687983" lon="19.138635"><ele>113.0</ele></trkpt>
      <trkpt lat="47.688023" lon="19.138633"><ele>113.0</ele></trkpt>
      <trkpt lat="47.688280" lon="19.139094"><ele>114.0</ele></trkpt>
      <trkpt lat="47.688662" lon="19.139218"><ele>112.75</ele></trkpt>
      <trkpt lat="47.689015" lon="19.139351"><ele>112.0</ele></trkpt>
      <trkpt lat="47.689452" lon="19.139503"><ele>111.75</ele></trkpt>
      <trkpt lat="47.690826" lon="19.139983"><ele>113.0</ele></trkpt>
      <trkpt lat="47.690952" lon="19.139970"><ele>112.0</ele></trkpt>
      <trkpt lat="47.691082" lon="19.139804"><ele>111.75</ele></trkpt>
      <trkpt lat="47.691331" lon="19.139549"><ele>111.75</ele></trkpt>
      <trkpt lat="47.691467" lon="19.139605"><ele>111.25</ele></trkpt>
      <trkpt lat="47.691575" lon="19.139527"><ele>111.5</ele></trkpt>
      <trkpt lat="47.691616" lon="19.139522"><ele>111.5</ele></trkpt>
      <trkpt lat="47.691705" lon="19.139511"><ele>111.75</ele></trkpt>
      <trkpt lat="47.691968" lon="19.139643"><ele>112.25</ele></trkpt>
      <trkpt lat="47.692188" lon="19.139683"><ele>112.75</ele></trkpt>
      <trkpt lat="47.692506" lon="19.139720"><ele>114.0</ele></trkpt>
      <trkpt lat="47.692790" lon="19.139813"><ele>114.5</ele></trkpt>
      <trkpt lat="47.693137" lon="19.139788"><ele>114.25</ele></trkpt>
      <trkpt lat="47.693521" lon="19.139900"><ele>113.75</ele></trkpt>
      <trkpt lat="47.693998" lon="19.140197"><ele>113.0</ele></trkpt>
      <trkpt lat="47.694038" lon="19.140277"><ele>112.75</ele></trkpt>
      <trkpt lat="47.694112" lon="19.140425"><ele>112.75</ele></trkpt>
      <trkpt lat="47.694152" lon="19.140542"><ele>112.75</ele></trkpt>
      <trkpt lat="47.694213" lon="19.140572"><ele>112.75</ele></trkpt>
      <trkpt lat="47.694321" lon="19.140620"><ele>112.5</ele></trkpt>
      <trkpt lat="47.694384" lon="19.140643"><ele>112.5</ele></trkpt>
      <trkpt lat="47.694517" lon="19.140640"><ele>112.5</ele></trkpt>
      <trkpt lat="47.694579" lon="19.140644"><ele>112.5</ele></trkpt>
      <trkpt lat="47.694705" lon="19.140693"><ele>112.5</ele></trkpt>
      <trkpt lat="47.694806" lon="19.140833"><ele>111.5</ele></trkpt>
      <trkpt lat="47.694885" lon="19.141025"><ele>110.25</ele></trkpt>
      <trkpt lat="47.694953" lon="19.141234"><ele>109.0</ele></trkpt>
      <trkpt lat="47.694994" lon="19.141397"><ele>107.75</ele></trkpt>
      <trkpt lat="47.695078" lon="19.141732"><ele>108.0</ele></trkpt>
      <trkpt lat="47.695144" lon="19.142187"><ele>108.75</ele></trkpt>
      <trkpt lat="47.695143" lon="19.142250"><ele>109.0</ele></trkpt>
      <trkpt lat="47.695171" lon="19.142252"><ele>109.0</ele></trkpt>
      <trkpt lat="47.695231" lon="19.142257"><ele>109.0</ele></trkpt>
      <trkpt lat="47.695328" lon="19.142406"><ele>110.0</ele></trkpt>
      <trkpt lat="47.695431" lon="19.142596"><ele>110.5</ele></trkpt>
      <trkpt lat="47.695522" lon="19.142724"><ele>110.0</ele></trkpt>
      <trkpt lat="47.695598" lon="19.142777"><ele>110.0</ele></trkpt>
      <trkpt lat="47.695708" lon="19.142891"><ele>109.5</ele></trkpt>
      <trkpt lat="47.695906" lon="19.142856"><ele>110.0</ele></trkpt>
      <trkpt lat="47.696498" lon="19.142304"><ele>111.75</ele></trkpt>
      <trkpt lat="47.696856" lon="19.142000"><ele>109.75</ele></trkpt>
      <trkpt lat="47.697128" lon="19.141856"><ele>108.5</ele></trkpt>
      <trkpt lat="47.697307" lon="19.141810"><ele>108.75</ele></trkpt>
      <trkpt lat="47.697473" lon="19.141689"><ele>108.75</ele></trkpt>
      <trkpt lat="47.697597" lon="19.141587"><ele>109.75</ele></trkpt>
      <trkpt lat="47.697787" lon="19.141531"><ele>111.0</ele></trkpt>
      <trkpt lat="47.697895" lon="19.141537"><ele>111.0</ele></trkpt>
      <trkpt lat="47.698041" lon="19.141449"><ele>111.5</ele></trkpt>
      <trkpt lat="47.698139" lon="19.141446"><ele>111.75</ele></trkpt>
      <trkpt lat="47.698245" lon="19.141368"><ele>112.0</ele></trkpt>
      <trkpt lat="47.698325" lon="19.141356"><ele>112.0</ele></trkpt>
      <trkpt lat="47.698398" lon="19.141368"><ele>112.0</ele></trkpt>
      <trkpt lat="47.698474" lon="19.141422"><ele>111.75</ele></trkpt>
      <trkpt lat="47.698558" lon="19.141552"><ele>111.25</ele></trkpt>
      <trkpt lat="47.698640" lon="19.141646"><ele>111.0</ele></trkpt>
      <trkpt lat="47.698695" lon="19.141705"><ele>111.0</ele></trkpt>
      <trkpt lat="47.699854" lon="19.143053"><ele>111.0</ele></trkpt>
      <trkpt lat="47.700235" lon="19.142345"><ele>111.0</ele></trkpt>
      <trkpt lat="47.700496" lon="19.141844"><ele>110.75</ele></trkpt>
      <trkpt lat="47.700855" lon="19.142024"><ele>111.25</ele></trkpt>
      <trkpt lat="47.701410" lon="19.142172"><ele>111.0</ele></trkpt>
      <trkpt lat="47.701786" lon="19.142164"><ele>109.75</ele></trkpt>
      <trkpt lat="47.703060" lon="19.142713"><ele>110.0</ele></trkpt>
      <trkpt lat="47.703529" lon="19.142915"><ele>110.25</ele></trkpt>
      <trkpt lat="47.704882" lon="19.143527"><ele>108.5</ele></trkpt>
      <trkpt lat="47.705116" lon="19.143670"><ele>109.25</ele></trkpt>
      <trkpt lat="47.705279" lon="19.143334"><ele>109.0</ele></trkpt>
      <trkpt lat="47.705296" lon="19.143293"><ele>108.75</ele></trkpt>
      <trkpt lat="47.705311" lon="19.143242"><ele>108.75</ele></trkpt>
      <trkpt lat="47.705324" lon="19.143191"><ele>108.5</ele></trkpt>
      <trkpt lat="47.705413" lon="19.142889"><ele>108.5</ele></trkpt>
      <trkpt lat="47.705477" lon="19.142737"><ele>108.5</ele></trkpt>
      <trkpt lat="47.705490" lon="19.142700"><ele>108.75</ele></trkpt>
      <trkpt lat="47.705611" lon="19.142427"><ele>109.0</ele></trkpt>
      <trkpt lat="47.705897" lon="19.141828"><ele>108.75</ele></trkpt>
      <trkpt lat="47.705945" lon="19.141728"><ele>108.5</ele></trkpt>
      <trkpt lat="47.706368" lon="19.140842"><ele>107.75</ele></trkpt>
      <trkpt lat="47.706482" lon="19.140530"><ele>108.5</ele></trkpt>
      <trkpt lat="47.706576" lon="19.140209"><ele>108.0</ele></trkpt>
      <trkpt lat="47.706749" lon="19.139553"><ele>107.0</ele></trkpt>
      <trkpt lat="47.706959" lon="19.138771"><ele>106.0</ele></trkpt>
      <trkpt lat="47.707182" lon="19.137932"><ele>105.5</ele></trkpt>
      <trkpt lat="47.707264" lon="19.137626"><ele>104.25</ele></trkpt>
      <trkpt lat="47.707298" lon="19.137523"><ele>104.0</ele></trkpt>
      <trkpt lat="47.707318" lon="19.137459"><ele>103.75</ele></trkpt>
      <trkpt lat="47.707659" lon="19.136560"><ele>104.25</ele></trkpt>
      <trkpt lat="47.707687" lon="19.136428"><ele>104.75</ele></trkpt>
      <trkpt lat="47.707695" lon="19.136287"><ele>105.0</ele></trkpt>
      <trkpt lat="47.707710" lon="19.136102"><ele>105.0</ele></trkpt>
      <trkpt lat="47.707781" lon="19.135824"><ele>104.75</ele></trkpt>
      <trkpt lat="47.708072" lon="19.134773"><ele>102.75</ele></trkpt>
      <trkpt lat="47.708445" lon="19.133429"><ele>102.25</ele></trkpt>
      <trkpt lat="47.708833" lon="19.132032"><ele>104.5</ele></trkpt>
      <trkpt lat="47.708938" lon="19.132041"><ele>104.5</ele></trkpt>
      <trkpt lat="47.709405" lon="19.132086"><ele>104.0</ele></trkpt>
      <trkpt lat="47.709683" lon="19.132113"><ele>103.25</ele></trkpt>
      <trkpt lat="47.710264" lon="19.132158"><ele>103.0</ele></trkpt>
      <trkpt lat="47.710338" lon="19.132164"><ele>103.0</ele></trkpt>
      <trkpt lat="47.711447" lon="19.132264"><ele>104.0</ele></trkpt>
      <trkpt lat="47.712546" lon="19.132376"><ele>103.75</ele></trkpt>
      <trkpt lat="47.712624" lon="19.132398"><ele>104.0</ele></trkpt>
      <trkpt lat="47.712747" lon="19.132467"><ele>104.0</ele></trkpt>
      <trkpt lat="47.712864" lon="19.132552"><ele>104.0</ele></trkpt>
      <trkpt lat="47.712912" lon="19.132609"><ele>104.0</ele></trkpt>
      <trkpt lat="47.713497" lon="19.132979"><ele>102.25</ele></trkpt>
      <trkpt lat="47.714135" lon="19.133356"><ele>103.5</ele></trkpt>
      <trkpt lat="47.714005" lon="19.133850"><ele>102.75</ele></trkpt>
      <trkpt lat="47.714566" lon="19.134180"><ele>105.5</ele></trkpt>
      <trkpt lat="47.714581" lon="19.134126"><ele>105.25</ele></trkpt>
      <trkpt lat="47.714984" lon="19.132610"><ele>106.0</ele></trkpt>
      <trkpt lat="47.715013" lon="19.132564"><ele>105.75</ele></trkpt>
      <trkpt lat="47.715039" lon="19.132559"><ele>105.75</ele></trkpt>
      <trkpt lat="47.715062" lon="19.132556"><ele>105.75</ele></trkpt>
      <trkpt lat="47.715914" lon="19.133050"><ele>102.25</ele></trkpt>
      <trkpt lat="47.716196" lon="19.133230"><ele>101.5</ele></trkpt>
      <trkpt lat="47.716229" lon="19.133107"><ele>101.0</ele></trkpt>
      <trkpt lat="47.716293" lon="19.132863"><ele>101.0</ele></trkpt>
      <trkpt lat="47.716373" lon="19.132552"><ele>101.75</ele></trkpt>
      <trkpt lat="47.716393" lon="19.132500"><ele>102.0</ele></trkpt>
      <trkpt lat="47.716421" lon="19.132468"><ele>102.25</ele></trkpt>
      <trkpt lat="47.716474" lon="19.132449"><ele>102.75</ele></trkpt>
      <trkpt lat="47.716679" lon="19.132558"><ele>103.5</ele></trkpt>
      <trkpt lat="47.716774" lon="19.132582"><ele>103.75</ele></trkpt>
      <trkpt lat="47.717148" lon="19.132707"><ele>103.25</ele></trkpt>
      <trkpt lat="47.718440" lon="19.133232"><ele>102.0</ele></trkpt>
      <trkpt lat="47.718961" lon="19.133373"><ele>101.5</ele></trkpt>
      <trkpt lat="47.719542" lon="19.133425"><ele>100.25</ele></trkpt>
      <trkpt lat="47.719572" lon="19.133428"><ele>100.25</ele></trkpt>
      <trkpt lat="47.720154" lon="19.133467"><ele>99.75</ele></trkpt>
      <trkpt lat="47.722490" lon="19.133519"><ele>106.5</ele></trkpt>
      <trkpt lat="47.722687" lon="19.133535"><ele>106.5</ele></trkpt>
      <trkpt lat="47.722913" lon="19.133595"><ele>106.75</ele></trkpt>
      <trkpt lat="47.723007" lon="19.133652"><ele>107.0</ele></trkpt>
      <trkpt lat="47.723050" lon="19.133703"><ele>107.25</ele></trkpt>
      <trkpt lat="47.723091" lon="19.133751"><ele>107.5</ele></trkpt>
      <trkpt lat="47.723144" lon="19.133877"><ele>108.25</ele></trkpt>
      <trkpt lat="47.723184" lon="19.134047"><ele>108.25</ele></trkpt>
      <trkpt lat="47.723189" lon="19.134192"><ele>108.25</ele></trkpt>
      <trkpt lat="47.722944" lon="19.136351"><ele>107.5</ele></trkpt>
      <trkpt lat="47.722925" lon="19.136577"><ele>107.5</ele></trkpt>
      <trkpt lat="47.722939" lon="19.137047"><ele>108.0</ele></trkpt>
      <trkpt lat="47.722943" lon="19.137203"><ele>108.0</ele></trkpt>
      <trkpt lat="47.723052" lon="19.137213"><ele>108.75</ele></trkpt>
      <trkpt lat="47.723157" lon="19.137203"><ele>109.25</ele></trkpt>
      <trkpt lat="47.723344" lon="19.137140"><ele>109.5</ele></trkpt>
      <trkpt lat="47.723997" lon="19.136929"><ele>109.25</ele></trkpt>
      <trkpt lat="47.724286" lon="19.136822"><ele>109.25</ele></trkpt>
      <trkpt lat="47.724506" lon="19.136692"><ele>109.0</ele></trkpt>
      <trkpt lat="47.724741" lon="19.136509"><ele>109.5</ele></trkpt>
      <trkpt lat="47.725501" lon="19.135815"><ele>112.75</ele></trkpt>
      <trkpt lat="47.725648" lon="19.135705"><ele>113.25</ele></trkpt>
      <trkpt lat="47.725796" lon="19.135655"><ele>113.75</ele></trkpt>
      <trkpt lat="47.726089" lon="19.135580"><ele>114.75</ele></trkpt>
      <trkpt lat="47.726463" lon="19.135514"><ele>115.75</ele></trkpt>
      <trkpt lat="47.727125" lon="19.135422"><ele>113.25</ele></trkpt>
      <trkpt lat="47.727377" lon="19.135405"><ele>113.5</ele></trkpt>
      <trkpt lat="47.727575" lon="19.135403"><ele>113.5</ele></trkpt>
      <trkpt lat="47.728020" lon="19.135452"><ele>111.75</ele></trkpt>
      <trkpt lat="47.728159" lon="19.135493"><ele>111.25</ele></trkpt>
      <trkpt lat="47.728256" lon="19.135548"><ele>111.25</ele></trkpt>
      <trkpt lat="47.728316" lon="19.135550"><ele>111.0</ele></trkpt>
      <trkpt lat="47.728340" lon="19.135527"><ele>110.75</ele></trkpt>
      <trkpt lat="47.728416" lon="19.135323"><ele>109.5</ele></trkpt>
      <trkpt lat="47.728463" lon="19.135145"><ele>108.25</ele></trkpt>
      <trkpt lat="47.728499" lon="19.134980"><ele>107.25</ele></trkpt>
      <trkpt lat="47.728521" lon="19.134804"><ele>106.25</ele></trkpt>
      <trkpt lat="47.728529" lon="19.134686"><ele>105.75</ele></trkpt>
      <trkpt lat="47.728527" lon="19.134569"><ele>105.5</ele></trkpt>
      <trkpt lat="47.728517" lon="19.134474"><ele>105.25</ele></trkpt>
      <trkpt lat="47.728502" lon="19.134398"><ele>105.5</ele></trkpt>
      <trkpt lat="47.728465" lon="19.134260"><ele>106.0</ele></trkpt>
      <trkpt lat="47.728465" lon="19.134229"><ele>106.0</ele></trkpt>
      <trkpt lat="47.728478" lon="19.134194"><ele>105.75</ele></trkpt>
      <trkpt lat="47.728665" lon="19.134144"><ele>103.5</ele></trkpt>
      <trkpt lat="47.728705" lon="19.134128"><ele>103.25</ele></trkpt>
      <trkpt lat="47.728717" lon="19.134205"><ele>103.25</ele></trkpt>
      <trkpt lat="47.728738" lon="19.134452"><ele>103.5</ele></trkpt>
      <trkpt lat="47.728710" lon="19.135197"><ele>108.0</ele></trkpt>
      <trkpt lat="47.728749" lon="19.135444"><ele>109.0</ele></trkpt>
      <trkpt lat="47.728813" lon="19.135601"><ele>109.75</ele></trkpt>
      <trkpt lat="47.729076" lon="19.135969"><ele>111.5</ele></trkpt>
      <trkpt lat="47.729488" lon="19.136459"><ele>112.0</ele></trkpt>
      <trkpt lat="47.729927" lon="19.136954"><ele>110.25</ele></trkpt>
      <trkpt lat="47.730925" lon="19.137828"><ele>106.0</ele></trkpt>
      <trkpt lat="47.730825" lon="19.138102"><ele>106.0</ele></trkpt>
      <trkpt lat="47.730799" lon="19.138172"><ele>106.0</ele></trkpt>
      <trkpt lat="47.730789" lon="19.138236"><ele>106.25</ele></trkpt>
      <trkpt lat="47.730784" lon="19.138375"><ele>106.25</ele></trkpt>
      <trkpt lat="47.730807" lon="19.138880"><ele>106.0</ele></trkpt>
      <trkpt lat="47.730805" lon="19.138965"><ele>106.0</ele></trkpt>
      <trkpt lat="47.730787" lon="19.139043"><ele>106.25</ele></trkpt>
      <trkpt lat="47.730482" lon="19.139909"><ele>106.75</ele></trkpt>
      <trkpt lat="47.730447" lon="19.140060"><ele>106.5</ele></trkpt>
      <trkpt lat="47.730438" lon="19.140173"><ele>106.0</ele></trkpt>
      <trkpt lat="47.730441" lon="19.140326"><ele>105.5</ele></trkpt>
      <trkpt lat="47.730464" lon="19.140646"><ele>104.5</ele></trkpt>
      <trkpt lat="47.730446" lon="19.141074"><ele>105.25</ele></trkpt>
      <trkpt lat="47.730430" lon="19.141221"><ele>105.75</ele></trkpt>
      <trkpt lat="47.730402" lon="19.141362"><ele>106.25</ele></trkpt>
      <trkpt lat="47.730361" lon="19.141484"><ele>106.75</ele></trkpt>
      <trkpt lat="47.730311" lon="19.141581"><ele>106.75</ele></trkpt>
      <trkpt lat="47.730114" lon="19.141852"><ele>106.25</ele></trkpt>
      <trkpt lat="47.729761" lon="19.142608"><ele>107.0</ele></trkpt>
      <trkpt lat="47.730111" lon="19.142923"><ele>105.25</ele></trkpt>
      <trkpt lat="47.729761" lon="19.142608"><ele>107.0</ele></trkpt>
      <trkpt lat="47.730114" lon="19.141852"><ele>106.25</ele></trkpt>
      <trkpt lat="47.730311" lon="19.141581"><ele>106.75</ele></trkpt>
      <trkpt lat="47.730361" lon="19.141484"><ele>106.75</ele></trkpt>
      <trkpt lat="47.730402" lon="19.141362"><ele>106.25</ele></trkpt>
      <trkpt lat="47.730430" lon="19.141221"><ele>105.75</ele></trkpt>
      <trkpt lat="47.730446" lon="19.141074"><ele>105.25</ele></trkpt>
      <trkpt lat="47.730464" lon="19.140646"><ele>104.5</ele></trkpt>
      <trkpt lat="47.730441" lon="19.140326"><ele>105.5</ele></trkpt>
      <trkpt lat="47.730438" lon="19.140173"><ele>106.0</ele></trkpt>
      <trkpt lat="47.730447" lon="19.140060"><ele>106.5</ele></trkpt>
      <trkpt lat="47.730482" lon="19.139909"><ele>106.75</ele></trkpt>
      <trkpt lat="47.730787" lon="19.139043"><ele>106.25</ele></trkpt>
      <trkpt lat="47.730805" lon="19.138965"><ele>106.0</ele></trkpt>
      <trkpt lat="47.730807" lon="19.138880"><ele>106.0</ele></trkpt>
      <trkpt lat="47.730784" lon="19.138375"><ele>106.25</ele></trkpt>
      <trkpt lat="47.730789" lon="19.138236"><ele>106.25</ele></trkpt>
      <trkpt lat="47.730799" lon="19.138172"><ele>106.0</ele></trkpt>
      <trkpt lat="47.730825" lon="19.138102"><ele>106.0</ele></trkpt>
      <trkpt lat="47.730925" lon="19.137828"><ele>106.0</ele></trkpt>
      <trkpt lat="47.730966" lon="19.137863"><ele>106.0</ele></trkpt>
      <trkpt lat="47.731021" lon="19.137309"><ele>104.5</ele></trkpt>
      <trkpt lat="47.731038" lon="19.137131"><ele>104.0</ele></trkpt>
      <trkpt lat="47.731109" lon="19.136468"><ele>104.75</ele></trkpt>
      <trkpt lat="47.731201" lon="19.135928"><ele>105.75</ele></trkpt>
      <trkpt lat="47.731272" lon="19.135535"><ele>105.5</ele></trkpt>
      <trkpt lat="47.731283" lon="19.135447"><ele>105.5</ele></trkpt>
      <trkpt lat="47.731435" lon="19.134331"><ele>103.5</ele></trkpt>
      <trkpt lat="47.731599" lon="19.134374"><ele>103.75</ele></trkpt>
      <trkpt lat="47.732822" lon="19.134785"><ele>105.25</ele></trkpt>
      <trkpt lat="47.733194" lon="19.134905"><ele>105.75</ele></trkpt>
      <trkpt lat="47.733323" lon="19.134903"><ele>105.25</ele></trkpt>
      <trkpt lat="47.734173" lon="19.134720"><ele>102.75</ele></trkpt>
      <trkpt lat="47.734505" lon="19.134710"><ele>102.75</ele></trkpt>
      <trkpt lat="47.735498" lon="19.134903"><ele>101.25</ele></trkpt>
      <trkpt lat="47.735891" lon="19.134983"><ele>99.5</ele></trkpt>
      <trkpt lat="47.736300" lon="19.135061"><ele>99.75</ele></trkpt>
      <trkpt lat="47.738052" lon="19.135385"><ele>106.5</ele></trkpt>
      <trkpt lat="47.740106" lon="19.135726"><ele>104.25</ele></trkpt>
      <trkpt lat="47.741131" lon="19.135918"><ele>103.75</ele></trkpt>
      <trkpt lat="47.742422" lon="19.136060"><ele>105.5</ele></trkpt>
      <trkpt lat="47.742726" lon="19.136037"><ele>103.5</ele></trkpt>
      <trkpt lat="47.743270" lon="19.135929"><ele>104.5</ele></trkpt>
      <trkpt lat="47.744087" lon="19.135926"><ele>105.25</ele></trkpt>
      <trkpt lat="47.745389" lon="19.136015"><ele>104.25</ele></trkpt>
      <trkpt lat="47.746014" lon="19.136043"><ele>107.0</ele></trkpt>
      <trkpt lat="47.746185" lon="19.136091"><ele>107.5</ele></trkpt>
      <trkpt lat="47.746231" lon="19.136104"><ele>107.5</ele></trkpt>
      <trkpt lat="47.746278" lon="19.136127"><ele>107.25</ele></trkpt>
      <trkpt lat="47.746392" lon="19.136183"><ele>107.25</ele></trkpt>
      <trkpt lat="47.746569" lon="19.136242"><ele>108.0</ele></trkpt>
      <trkpt lat="47.747319" lon="19.136412"><ele>105.0</ele></trkpt>
      <trkpt lat="47.747979" lon="19.136620"><ele>106.5</ele></trkpt>
      <trkpt lat="47.748248" lon="19.136655"><ele>107.5</ele></trkpt>
      <trkpt lat="47.749130" lon="19.136886"><ele>110.75</ele></trkpt>
      <trkpt lat="47.749677" lon="19.136989"><ele>108.0</ele></trkpt>
      <trkpt lat="47.750250" lon="19.137000"><ele>105.75</ele></trkpt>
      <trkpt lat="47.750482" lon="19.137012"><ele>105.75</ele></trkpt>
      <trkpt lat="47.750717" lon="19.136942"><ele>106.0</ele></trkpt>
      <trkpt lat="47.751002" lon="19.136840"><ele>106.0</ele></trkpt>
      <trkpt lat="47.752482" lon="19.136853"><ele>103.75</ele></trkpt>
      <trkpt lat="47.753255" lon="19.136818"><ele>106.25</ele></trkpt>
      <trkpt lat="47.753484" lon="19.136799"><ele>105.5</ele></trkpt>
      <trkpt lat="47.754507" lon="19.136744"><ele>103.75</ele></trkpt>
      <trkpt lat="47.754980" lon="19.136722"><ele>104.75</ele></trkpt>
      <trkpt lat="47.755140" lon="19.136698"><ele>104.75</ele></trkpt>
      <trkpt lat="47.755512" lon="19.136599"><ele>105.0</ele></trkpt>
      <trkpt lat="47.755629" lon="19.136604"><ele>104.75</ele></trkpt>
      <trkpt lat="47.755735" lon="19.136639"><ele>104.75</ele></trkpt>
      <trkpt lat="47.755963" lon="19.136754"><ele>105.0</ele></trkpt>
      <trkpt lat="47.756502" lon="19.136884"><ele>106.0</ele></trkpt>
      <trkpt lat="47.756695" lon="19.136911"><ele>106.0</ele></trkpt>
      <trkpt lat="47.756859" lon="19.136944"><ele>106.0</ele></trkpt>
      <trkpt lat="47.757383" lon="19.137227"><ele>106.75</ele></trkpt>
      <trkpt lat="47.757579" lon="19.137300"><ele>107.0</ele></trkpt>
      <trkpt lat="47.757713" lon="19.137303"><ele>107.5</ele></trkpt>
      <trkpt lat="47.757817" lon="19.137298"><ele>107.25</ele></trkpt>
      <trkpt lat="47.759718" lon="19.137069"><ele>104.25</ele></trkpt>
      <trkpt lat="47.760350" lon="19.136985"><ele>105.25</ele></trkpt>
      <trkpt lat="47.760498" lon="19.136951"><ele>105.75</ele></trkpt>
      <trkpt lat="47.761507" lon="19.136462"><ele>105.0</ele></trkpt>
      <trkpt lat="47.762607" lon="19.135983"><ele>108.5</ele></trkpt>
      <trkpt lat="47.762645" lon="19.135960"><ele>108.75</ele></trkpt>
      <trkpt lat="47.762710" lon="19.135920"><ele>108.75</ele></trkpt>
      <trkpt lat="47.762946" lon="19.135712"><ele>109.25</ele></trkpt>
      <trkpt lat="47.763004" lon="19.135676"><ele>109.25</ele></trkpt>
      <trkpt lat="47.763058" lon="19.135658"><ele>109.25</ele></trkpt>
      <trkpt lat="47.763272" lon="19.135687"><ele>109.75</ele></trkpt>
      <trkpt lat="47.763326" lon="19.135707"><ele>109.75</ele></trkpt>
      <trkpt lat="47.763419" lon="19.135778"><ele>110.0</ele></trkpt>
      <trkpt lat="47.763575" lon="19.135931"><ele>111.0</ele></trkpt>
      <trkpt lat="47.763634" lon="19.135956"><ele>111.5</ele></trkpt>
      <trkpt lat="47.763688" lon="19.135963"><ele>111.75</ele></trkpt>
      <trkpt lat="47.763785" lon="19.135948"><ele>112.25</ele></trkpt>
      <trkpt lat="47.763874" lon="19.135959"><ele>112.75</ele></trkpt>
      <trkpt lat="47.764014" lon="19.136006"><ele>113.5</ele></trkpt>
      <trkpt lat="47.764256" lon="19.136120"><ele>115.25</ele></trkpt>
      <trkpt lat="47.764405" lon="19.136134"><ele>115.75</ele></trkpt>
      <trkpt lat="47.764478" lon="19.136169"><ele>115.75</ele></trkpt>
      <trkpt lat="47.764668" lon="19.136324"><ele>114.75</ele></trkpt>
      <trkpt lat="47.764711" lon="19.136338"><ele>114.25</ele></trkpt>
      <trkpt lat="47.764742" lon="19.136303"><ele>114.25</ele></trkpt>
      <trkpt lat="47.764810" lon="19.136173"><ele>114.75</ele></trkpt>
      <trkpt lat="47.765039" lon="19.135701"><ele>113.0</ele></trkpt>
      <trkpt lat="47.765147" lon="19.135584"><ele>112.0</ele></trkpt>
      <trkpt lat="47.765830" lon="19.135205"><ele>112.0</ele></trkpt>
      <trkpt lat="47.766886" lon="19.134640"><ele>108.25</ele></trkpt>
      <trkpt lat="47.766951" lon="19.134568"><ele>107.75</ele></trkpt>
      <trkpt lat="47.767022" lon="19.134438"><ele>106.5</ele></trkpt>
      <trkpt lat="47.767091" lon="19.134336"><ele>105.25</ele></trkpt>
      <trkpt lat="47.767179" lon="19.134199"><ele>103.5</ele></trkpt>
      <trkpt lat="47.767247" lon="19.134060"><ele>102.5</ele></trkpt>
      <trkpt lat="47.767276" lon="19.134024"><ele>102.5</ele></trkpt>
      <trkpt lat="47.767297" lon="19.134011"><ele>102.5</ele></trkpt>
      <trkpt lat="47.767318" lon="19.134016"><ele>102.5</ele></trkpt>
      <trkpt lat="47.767346" lon="19.134037"><ele>102.75</ele></trkpt>
      <trkpt lat="47.767401" lon="19.134113"><ele>103.25</ele></trkpt>
      <trkpt lat="47.767462" lon="19.134175"><ele>103.75</ele></trkpt>
      <trkpt lat="47.767949" lon="19.134505"><ele>104.25</ele></trkpt>
      <trkpt lat="47.768040" lon="19.134544"><ele>103.0</ele></trkpt>
      <trkpt lat="47.768076" lon="19.134544"><ele>102.75</ele></trkpt>
      <trkpt lat="47.768118" lon="19.134521"><ele>102.25</ele></trkpt>
      <trkpt lat="47.768156" lon="19.134479"><ele>101.75</ele></trkpt>
      <trkpt lat="47.768223" lon="19.134374"><ele>101.0</ele></trkpt>
      <trkpt lat="47.768820" lon="19.133402"><ele>102.75</ele></trkpt>
      <trkpt lat="47.769948" lon="19.131641"><ele>103.5</ele></trkpt>
      <trkpt lat="47.770349" lon="19.131151"><ele>102.5</ele></trkpt>
      <trkpt lat="47.770579" lon="19.130902"><ele>101.25</ele></trkpt>
      <trkpt lat="47.771398" lon="19.130218"><ele>102.5</ele></trkpt>
      <trkpt lat="47.771455" lon="19.130179"><ele>103.0</ele></trkpt>
      <trkpt lat="47.771560" lon="19.130138"><ele>103.75</ele></trkpt>
      <trkpt lat="47.771584" lon="19.130102"><ele>103.75</ele></trkpt>
      <trkpt lat="47.771715" lon="19.130045"><ele>105.0</ele></trkpt>
      <trkpt lat="47.771947" lon="19.129856"><ele>105.75</ele></trkpt>
      <trkpt lat="47.772085" lon="19.129742"><ele>105.25</ele></trkpt>
      <trkpt lat="47.772314" lon="19.129554"><ele>106.0</ele></trkpt>
      <trkpt lat="47.772664" lon="19.129266"><ele>107.5</ele></trkpt>
      <trkpt lat="47.772721" lon="19.129220"><ele>107.75</ele></trkpt>
      <trkpt lat="47.772729" lon="19.129273"><ele>108.0</ele></trkpt>
      <trkpt lat="47.772746" lon="19.129371"><ele>108.5</ele></trkpt>
      <trkpt lat="47.772807" lon="19.129708"><ele>110.0</ele></trkpt>
      <trkpt lat="47.772896" lon="19.130114"><ele>111.25</ele></trkpt>
      <trkpt lat="47.773113" lon="19.130764"><ele>112.75</ele></trkpt>
      <trkpt lat="47.773133" lon="19.130849"><ele>113.0</ele></trkpt>
      <trkpt lat="47.773219" lon="19.131139"><ele>112.75</ele></trkpt>
      <trkpt lat="47.773257" lon="19.131325"><ele>112.25</ele></trkpt>
      <trkpt lat="47.773271" lon="19.131393"><ele>112.0</ele></trkpt>
      <trkpt lat="47.773522" lon="19.131244"><ele>112.5</ele></trkpt>
      <trkpt lat="47.773837" lon="19.131056"><ele>113.0</ele></trkpt>
      <trkpt lat="47.774286" lon="19.130802"><ele>113.0</ele></trkpt>
      <trkpt lat="47.774747" lon="19.130545"><ele>113.75</ele></trkpt>
      <trkpt lat="47.774813" lon="19.130502"><ele>113.75</ele></trkpt>
      <trkpt lat="47.774896" lon="19.130434"><ele>113.5</ele></trkpt>
      <trkpt lat="47.774927" lon="19.130476"><ele>112.75</ele></trkpt>
      <trkpt lat="47.775379" lon="19.131137"><ele>120.25</ele></trkpt>
      <trkpt lat="47.775647" lon="19.131531"><ele>117.0</ele></trkpt>
      <trkpt lat="47.775829" lon="19.131787"><ele>115.5</ele></trkpt>
      <trkpt lat="47.775895" lon="19.131854"><ele>115.0</ele></trkpt>
      <trkpt lat="47.775993" lon="19.131891"><ele>114.5</ele></trkpt>
      <trkpt lat="47.776108" lon="19.131901"><ele>114.25</ele></trkpt>
      <trkpt lat="47.776246" lon="19.131860"><ele>113.75</ele></trkpt>
      <trkpt lat="47.776341" lon="19.131778"><ele>113.75</ele></trkpt>
      <trkpt lat="47.776373" lon="19.131824"><ele>113.5</ele></trkpt>
      <trkpt lat="47.777106" lon="19.132893"><ele>113.75</ele></trkpt>
      <trkpt lat="47.777165" lon="19.132958"><ele>113.75</ele></trkpt>
      <trkpt lat="47.777819" lon="19.133915"><ele>112.75</ele></trkpt>
      <trkpt lat="47.778271" lon="19.134396"><ele>112.75</ele></trkpt>
      <trkpt lat="47.778365" lon="19.134474"><ele>112.75</ele></trkpt>
      <trkpt lat="47.778437" lon="19.134561"><ele>112.75</ele></trkpt>
      <trkpt lat="47.778656" lon="19.134898"><ele>112.0</ele></trkpt>
      <trkpt lat="47.778709" lon="19.134988"><ele>112.0</ele></trkpt>
      <trkpt lat="47.779321" lon="19.135890"><ele>113.75</ele></trkpt>
      <trkpt lat="47.779343" lon="19.135921"><ele>113.75</ele></trkpt>
      <trkpt lat="47.778952" lon="19.136513"><ele>114.0</ele></trkpt>
      <trkpt lat="47.778930" lon="19.136547"><ele>114.0</ele></trkpt>
      <trkpt lat="47.778881" lon="19.136616"><ele>113.75</ele></trkpt>
      <trkpt lat="47.778848" lon="19.136665"><ele>113.75</ele></trkpt>
      <trkpt lat="47.778482" lon="19.137242"><ele>114.0</ele></trkpt>
      <trkpt lat="47.778447" lon="19.137298"><ele>114.0</ele></trkpt>
      <trkpt lat="47.778464" lon="19.137316"><ele>114.0</ele></trkpt>
      <trkpt lat="47.779114" lon="19.137989"><ele>114.75</ele></trkpt>
      <trkpt lat="47.779341" lon="19.138276"><ele>116.5</ele></trkpt>
      <trkpt lat="47.779455" lon="19.138434"><ele>116.75</ele></trkpt>
      <trkpt lat="47.779511" lon="19.138514"><ele>116.5</ele></trkpt>
      <trkpt lat="47.779666" lon="19.138727"><ele>115.0</ele></trkpt>
      <trkpt lat="47.779749" lon="19.138850"><ele>113.75</ele></trkpt>
      <trkpt lat="47.779843" lon="19.138974"><ele>113.25</ele></trkpt>
      <trkpt lat="47.779888" lon="19.139022"><ele>113.0</ele></trkpt>
      <trkpt lat="47.780065" lon="19.139143"><ele>113.0</ele></trkpt>
      <trkpt lat="47.780582" lon="19.139488"><ele>114.0</ele></trkpt>
      <trkpt lat="47.780904" lon="19.139700"><ele>115.0</ele></trkpt>
      <trkpt lat="47.781133" lon="19.139879"><ele>114.75</ele></trkpt>
      <trkpt lat="47.781282" lon="19.140019"><ele>114.25</ele></trkpt>
      <trkpt lat="47.781343" lon="19.140112"><ele>114.0</ele></trkpt>
      <trkpt lat="47.781386" lon="19.140177"><ele>114.0</ele></trkpt>
      <trkpt lat="47.781473" lon="19.140361"><ele>114.0</ele></trkpt>
      <trkpt lat="47.781592" lon="19.140021"><ele>114.0</ele></trkpt>
      <trkpt lat="47.781699" lon="19.139693"><ele>114.0</ele></trkpt>
      <trkpt lat="47.781900" lon="19.139117"><ele>114.0</ele></trkpt>
      <trkpt lat="47.781960" lon="19.138928"><ele>114.0</ele></trkpt>
      <trkpt lat="47.782066" lon="19.138602"><ele>113.25</ele></trkpt>
      <trkpt lat="47.782243" lon="19.138074"><ele>114.0</ele></trkpt>
      <trkpt lat="47.782429" lon="19.137480"><ele>115.0</ele></trkpt>
      <trkpt lat="47.782634" lon="19.136761"><ele>114.0</ele></trkpt>
      <trkpt lat="47.782732" lon="19.136412"><ele>113.0</ele></trkpt>
      <trkpt lat="47.782778" lon="19.136250"><ele>112.5</ele></trkpt>
      <trkpt lat="47.782925" lon="19.135740"><ele>111.5</ele></trkpt>
      <trkpt lat="47.783034" lon="19.135378"><ele>111.25</ele></trkpt>
      <trkpt lat="47.783324" lon="19.134366"><ele>111.75</ele></trkpt>
      <trkpt lat="47.783498" lon="19.133771"><ele>112.0</ele></trkpt>
      <trkpt lat="47.783461" lon="19.133740"><ele>111.75</ele></trkpt>
      <trkpt lat="47.783225" lon="19.133541"><ele>110.75</ele></trkpt>
      <trkpt lat="47.783196" lon="19.133639"><ele>110.5</ele></trkpt>
      <trkpt lat="47.783153" lon="19.133648"><ele>110.25</ele></trkpt>
      <trkpt lat="47.783106" lon="19.133631"><ele>110.0</ele></trkpt>
      <trkpt lat="47.783027" lon="19.133580"><ele>110.0</ele></trkpt>
      <trkpt lat="47.782950" lon="19.133531"><ele>110.5</ele></trkpt>
      <trkpt lat="47.782987" lon="19.133427"><ele>110.75</ele></trkpt>
      <trkpt lat="47.782950" lon="19.133531"><ele>110.5</ele></trkpt>
      <trkpt lat="47.783027" lon="19.133580"><ele>110.0</ele></trkpt>
      <trkpt lat="47.782766" lon="19.134447"><ele>110.0</ele></trkpt>
      <trkpt lat="47.782644" lon="19.134516"><ele>110.25</ele></trkpt>
      <trkpt lat="47.782622" lon="19.134552"><ele>110.5</ele></trkpt>
      <trkpt lat="47.782393" lon="19.135390"><ele>111.0</ele></trkpt>
      <trkpt lat="47.782249" lon="19.135897"><ele>112.0</ele></trkpt>
      <trkpt lat="47.782103" lon="19.136422"><ele>114.0</ele></trkpt>
      <trkpt lat="47.781985" lon="19.136852"><ele>115.0</ele></trkpt>
      <trkpt lat="47.781985" lon="19.136954"><ele>115.0</ele></trkpt>
      <trkpt lat="47.782040" lon="19.137073"><ele>115.0</ele></trkpt>
      <trkpt lat="47.782121" lon="19.137178"><ele>115.5</ele></trkpt>
      <trkpt lat="47.782429" lon="19.137480"><ele>115.0</ele></trkpt>
      <trkpt lat="47.784402" lon="19.139528"><ele>116.25</ele></trkpt>
      <trkpt lat="47.784581" lon="19.139699"><ele>116.75</ele></trkpt>
      <trkpt lat="47.784694" lon="19.139827"><ele>116.75</ele></trkpt>
      <trkpt lat="47.785352" lon="19.140516"><ele>122.75</ele></trkpt>
      <trkpt lat="47.786251" lon="19.141481"><ele>131.0</ele></trkpt>
      <trkpt lat="47.786533" lon="19.141773"><ele>131.0</ele></trkpt>
      <trkpt lat="47.787728" lon="19.143000"><ele>135.0</ele></trkpt>
      <trkpt lat="47.787772" lon="19.143046"><ele>135.0</ele></trkpt>
      <trkpt lat="47.789276" lon="19.144602"><ele>141.5</ele></trkpt>
      <trkpt lat="47.788805" lon="19.146168"><ele>149.75</ele></trkpt>
      <trkpt lat="47.788741" lon="19.146497"><ele>149.75</ele></trkpt>
      <trkpt lat="47.789847" lon="19.146122"><ele>156.75</ele></trkpt>
      <trkpt lat="47.790113" lon="19.146032"><ele>157.25</ele></trkpt>
      <trkpt lat="47.790368" lon="19.146034"><ele>157.0</ele></trkpt>
      <trkpt lat="47.790570" lon="19.146171"><ele>157.75</ele></trkpt>
      <trkpt lat="47.790728" lon="19.146477"><ele>161.75</ele></trkpt>
      <trkpt lat="47.790761" lon="19.146776"><ele>164.0</ele></trkpt>
      <trkpt lat="47.790727" lon="19.147099"><ele>166.25</ele></trkpt>
      <trkpt lat="47.790409" lon="19.147819"><ele>168.5</ele></trkpt>
      <trkpt lat="47.790250" lon="19.148160"><ele>169.0</ele></trkpt>
      <trkpt lat="47.790224" lon="19.148252"><ele>169.75</ele></trkpt>
      <trkpt lat="47.790208" lon="19.148343"><ele>170.75</ele></trkpt>
      <trkpt lat="47.790214" lon="19.148507"><ele>173.25</ele></trkpt>
      <trkpt lat="47.790243" lon="19.148707"><ele>175.25</ele></trkpt>
      <trkpt lat="47.790298" lon="19.148827"><ele>175.75</ele></trkpt>
      <trkpt lat="47.790369" lon="19.148925"><ele>177.0</ele></trkpt>
      <trkpt lat="47.790534" lon="19.149086"><ele>179.5</ele></trkpt>
      <trkpt lat="47.790852" lon="19.149329"><ele>185.25</ele></trkpt>
      <trkpt lat="47.790989" lon="19.149420"><ele>187.5</ele></trkpt>
      <trkpt lat="47.791144" lon="19.149592"><ele>190.25</ele></trkpt>
      <trkpt lat="47.791344" lon="19.150112"><ele>194.0</ele></trkpt>
      <trkpt lat="47.791935" lon="19.151795"><ele>197.5</ele></trkpt>
      <trkpt lat="47.792152" lon="19.152369"><ele>195.75</ele></trkpt>
      <trkpt lat="47.792383" lon="19.152854"><ele>195.75</ele></trkpt>
      <trkpt lat="47.792507" lon="19.153071"><ele>195.75</ele></trkpt>
      <trkpt lat="47.792577" lon="19.153196"><ele>195.0</ele></trkpt>
      <trkpt lat="47.792661" lon="19.153313"><ele>194.25</ele></trkpt>
      <trkpt lat="47.792836" lon="19.153527"><ele>193.0</ele></trkpt>
      <trkpt lat="47.793196" lon="19.153935"><ele>190.75</ele></trkpt>
      <trkpt lat="47.793419" lon="19.154245"><ele>189.0</ele></trkpt>
      <trkpt lat="47.793559" lon="19.154454"><ele>188.25</ele></trkpt>
      <trkpt lat="47.793765" lon="19.154880"><ele>188.25</ele></trkpt>
      <trkpt lat="47.793931" lon="19.155234"><ele>186.5</ele></trkpt>
      <trkpt lat="47.794005" lon="19.155450"><ele>185.5</ele></trkpt>
      <trkpt lat="47.794042" lon="19.155575"><ele>184.75</ele></trkpt>
      <trkpt lat="47.794122" lon="19.155841"><ele>183.0</ele></trkpt>
      <trkpt lat="47.794579" lon="19.157392"><ele>176.0</ele></trkpt>
      <trkpt lat="47.794832" lon="19.158280"><ele>178.25</ele></trkpt>
      <trkpt lat="47.795461" lon="19.160518"><ele>175.0</ele></trkpt>
      <trkpt lat="47.795638" lon="19.161148"><ele>172.5</ele></trkpt>
      <trkpt lat="47.795780" lon="19.161555"><ele>170.5</ele></trkpt>
      <trkpt lat="47.796174" lon="19.162676"><ele>163.0</ele></trkpt>
      <trkpt lat="47.796863" lon="19.164480"><ele>153.0</ele></trkpt>
      <trkpt lat="47.796979" lon="19.164940"><ele>151.25</ele></trkpt>
      <trkpt lat="47.797032" lon="19.165313"><ele>152.0</ele></trkpt>
      <trkpt lat="47.797047" lon="19.165656"><ele>152.75</ele></trkpt>
      <trkpt lat="47.796959" lon="19.166424"><ele>154.75</ele></trkpt>
      <trkpt lat="47.796801" lon="19.167134"><ele>153.25</ele></trkpt>
      <trkpt lat="47.796747" lon="19.167377"><ele>154.0</ele></trkpt>
      <trkpt lat="47.796452" lon="19.168708"><ele>156.75</ele></trkpt>
      <trkpt lat="47.796335" lon="19.169060"><ele>157.5</ele></trkpt>
      <trkpt lat="47.796179" lon="19.169395"><ele>158.25</ele></trkpt>
      <trkpt lat="47.795974" lon="19.169730"><ele>159.5</ele></trkpt>
      <trkpt lat="47.795117" lon="19.170769"><ele>158.0</ele></trkpt>
      <trkpt lat="47.794892" lon="19.171112"><ele>158.25</ele></trkpt>
      <trkpt lat="47.793320" lon="19.174116"><ele>169.25</ele></trkpt>
      <trkpt lat="47.793191" lon="19.174441"><ele>171.25</ele></trkpt>
      <trkpt lat="47.793126" lon="19.174783"><ele>173.5</ele></trkpt>
      <trkpt lat="47.793117" lon="19.175117"><ele>175.5</ele></trkpt>
      <trkpt lat="47.793190" lon="19.175494"><ele>175.5</ele></trkpt>
      <trkpt lat="47.793340" lon="19.175814"><ele>174.75</ele></trkpt>
      <trkpt lat="47.794377" lon="19.177546"><ele>168.5</ele></trkpt>
      <trkpt lat="47.795177" lon="19.178900"><ele>168.5</ele></trkpt>
      <trkpt lat="47.796045" lon="19.180336"><ele>162.5</ele></trkpt>
      <trkpt lat="47.796527" lon="19.181168"><ele>160.5</ele></trkpt>
      <trkpt lat="47.796873" lon="19.181751"><ele>160.25</ele></trkpt>
      <trkpt lat="47.797009" lon="19.181881"><ele>160.25</ele></trkpt>
      <trkpt lat="47.797163" lon="19.181934"><ele>160.75</ele></trkpt>
      <trkpt lat="47.797230" lon="19.182103"><ele>160.25</ele></trkpt>
      <trkpt lat="47.798033" lon="19.183205"><ele>154.25</ele></trkpt>
      <trkpt lat="47.798164" lon="19.183300"><ele>152.75</ele></trkpt>
      <trkpt lat="47.798263" lon="19.183297"><ele>152.25</ele></trkpt>
      <trkpt lat="47.798722" lon="19.182822"><ele>150.25</ele></trkpt>
      <trkpt lat="47.799017" lon="19.182657"><ele>149.75</ele></trkpt>
      <trkpt lat="47.799553" lon="19.182403"><ele>148.5</ele></trkpt>
      <trkpt lat="47.799900" lon="19.182140"><ele>147.5</ele></trkpt>
      <trkpt lat="47.801836" lon="19.180591"><ele>147.75</ele></trkpt>
      <trkpt lat="47.801898" lon="19.180542"><ele>148.0</ele></trkpt>
      <trkpt lat="47.802696" lon="19.180006"><ele>151.75</ele></trkpt>
      <trkpt lat="47.803011" lon="19.179794"><ele>151.75</ele></trkpt>
      <trkpt lat="47.803360" lon="19.179559"><ele>151.0</ele></trkpt>
      <trkpt lat="47.803609" lon="19.179478"><ele>151.0</ele></trkpt>
      <trkpt lat="47.803886" lon="19.179475"><ele>151.75</ele></trkpt>
      <trkpt lat="47.804477" lon="19.179555"><ele>150.0</ele></trkpt>
      <trkpt lat="47.805065" lon="19.179635"><ele>150.5</ele></trkpt>
      <trkpt lat="47.805157" lon="19.179618"><ele>150.25</ele></trkpt>
      <trkpt lat="47.805236" lon="19.179556"><ele>150.0</ele></trkpt>
      <trkpt lat="47.805305" lon="19.179395"><ele>150.0</ele></trkpt>
      <trkpt lat="47.805353" lon="19.179109"><ele>150.0</ele></trkpt>
      <trkpt lat="47.805241" lon="19.178302"><ele>153.5</ele></trkpt>
      <trkpt lat="47.808164" lon="19.177988"><ele>158.0</ele></trkpt>
      <trkpt lat="47.808237" lon="19.177929"><ele>158.25</ele></trkpt>
      <trkpt lat="47.808069" lon="19.177632"><ele>159.0</ele></trkpt>
      <trkpt lat="47.808083" lon="19.177588"><ele>159.0</ele></trkpt>
      <trkpt lat="47.808069" lon="19.177632"><ele>159.0</ele></trkpt>
      <trkpt lat="47.808237" lon="19.177929"><ele>158.25</ele></trkpt>
      <trkpt lat="47.808863" lon="19.179055"><ele>154.25</ele></trkpt>
      <trkpt lat="47.809042" lon="19.179282"><ele>154.5</ele></trkpt>
      <trkpt lat="47.809327" lon="19.179571"><ele>155.75</ele></trkpt>
      <trkpt lat="47.809463" lon="19.179686"><ele>156.0</ele></trkpt>
      <trkpt lat="47.809558" lon="19.179739"><ele>156.25</ele></trkpt>
      <trkpt lat="47.810037" lon="19.179882"><ele>157.5</ele></trkpt>
      <trkpt lat="47.810188" lon="19.179957"><ele>158.25</ele></trkpt>
      <trkpt lat="47.810799" lon="19.180320"><ele>159.5</ele></trkpt>
      <trkpt lat="47.810921" lon="19.180393"><ele>159.5</ele></trkpt>
      <trkpt lat="47.811018" lon="19.180489"><ele>159.5</ele></trkpt>
      <trkpt lat="47.811076" lon="19.180564"><ele>159.75</ele></trkpt>
      <trkpt lat="47.811228" lon="19.180496"><ele>160.5</ele></trkpt>
      <trkpt lat="47.811947" lon="19.180083"><ele>161.25</ele></trkpt>
      <trkpt lat="47.812201" lon="19.180074"><ele>161.75</ele></trkpt>
      <trkpt lat="47.812765" lon="19.180174"><ele>162.0</ele></trkpt>
      <trkpt lat="47.812926" lon="19.180242"><ele>162.75</ele></trkpt>
      <trkpt lat="47.814028" lon="19.180829"><ele>170.0</ele></trkpt>
      <trkpt lat="47.816045" lon="19.182000"><ele>178.25</ele></trkpt>
      <trkpt lat="47.816175" lon="19.182062"><ele>179.5</ele></trkpt>
      <trkpt lat="47.816292" lon="19.182104"><ele>180.5</ele></trkpt>
      <trkpt lat="47.816541" lon="19.182097"><ele>182.5</ele></trkpt>
      <trkpt lat="47.817394" lon="19.182023"><ele>188.75</ele></trkpt>
      <trkpt lat="47.817543" lon="19.181944"><ele>189.25</ele></trkpt>
      <trkpt lat="47.817733" lon="19.181721"><ele>189.5</ele></trkpt>
      <trkpt lat="47.817858" lon="19.181539"><ele>190.25</ele></trkpt>
      <trkpt lat="47.818491" lon="19.180770"><ele>197.75</ele></trkpt>
      <trkpt lat="47.818820" lon="19.180522"><ele>201.25</ele></trkpt>
      <trkpt lat="47.819243" lon="19.179952"><ele>204.5</ele></trkpt>
      <trkpt lat="47.819425" lon="19.179740"><ele>204.75</ele></trkpt>
      <trkpt lat="47.819588" lon="19.179612"><ele>207.75</ele></trkpt>
      <trkpt lat="47.819713" lon="19.179502"><ele>209.75</ele></trkpt>
      <trkpt lat="47.819942" lon="19.179239"><ele>210.75</ele></trkpt>
      <trkpt lat="47.820040" lon="19.179171"><ele>211.0</ele></trkpt>
      <trkpt lat="47.820272" lon="19.179051"><ele>212.25</ele></trkpt>
      <trkpt lat="47.820475" lon="19.178924"><ele>212.75</ele></trkpt>
      <trkpt lat="47.820698" lon="19.178738"><ele>214.25</ele></trkpt>
      <trkpt lat="47.821001" lon="19.178479"><ele>217.0</ele></trkpt>
      <trkpt lat="47.821172" lon="19.178220"><ele>219.0</ele></trkpt>
      <trkpt lat="47.821327" lon="19.177820"><ele>221.75</ele></trkpt>
      <trkpt lat="47.821426" lon="19.177491"><ele>222.75</ele></trkpt>
      <trkpt lat="47.821688" lon="19.177228"><ele>228.25</ele></trkpt>
      <trkpt lat="47.821995" lon="19.176959"><ele>233.5</ele></trkpt>
      <trkpt lat="47.822176" lon="19.176821"><ele>236.75</ele></trkpt>
      <trkpt lat="47.822380" lon="19.176735"><ele>239.25</ele></trkpt>
      <trkpt lat="47.823316" lon="19.176455"><ele>249.0</ele></trkpt>
      <trkpt lat="47.823899" lon="19.176365"><ele>255.0</ele></trkpt>
      <trkpt lat="47.824164" lon="19.176413"><ele>258.0</ele></trkpt>
      <trkpt lat="47.824334" lon="19.176372"><ele>260.75</ele></trkpt>
      <trkpt lat="47.824504" lon="19.176270"><ele>263.5</ele></trkpt>
      <trkpt lat="47.825176" lon="19.175737"><ele>274.0</ele></trkpt>
      <trkpt lat="47.825555" lon="19.175297"><ele>279.75</ele></trkpt>
      <trkpt lat="47.825776" lon="19.175148"><ele>283.75</ele></trkpt>
      <trkpt lat="47.826068" lon="19.175001"><ele>288.25</ele></trkpt>
      <trkpt lat="47.826295" lon="19.174901"><ele>291.75</ele></trkpt>
      <trkpt lat="47.826485" lon="19.175102"><ele>292.75</ele></trkpt>
      <trkpt lat="47.826638" lon="19.175341"><ele>293.75</ele></trkpt>
      <trkpt lat="47.826790" lon="19.175485"><ele>296.25</ele></trkpt>
      <trkpt lat="47.826953" lon="19.175612"><ele>298.5</ele></trkpt>
      <trkpt lat="47.827241" lon="19.175658"><ele>303.0</ele></trkpt>
      <trkpt lat="47.827708" lon="19.175703"><ele>307.0</ele></trkpt>
      <trkpt lat="47.827748" lon="19.175708"><ele>307.25</ele></trkpt>
      <trkpt lat="47.827941" lon="19.175742"><ele>307.0</ele></trkpt>
      <trkpt lat="47.828046" lon="19.175747"><ele>307.0</ele></trkpt>
      <trkpt lat="47.828182" lon="19.175713"><ele>307.0</ele></trkpt>
      <trkpt lat="47.828273" lon="19.175669"><ele>307.25</ele></trkpt>
      <trkpt lat="47.828560" lon="19.175399"><ele>311.5</ele></trkpt>
      <trkpt lat="47.828641" lon="19.175344"><ele>312.25</ele></trkpt>
      <trkpt lat="47.828709" lon="19.175318"><ele>312.25</ele></trkpt>
      <trkpt lat="47.828798" lon="19.175331"><ele>311.25</ele></trkpt>
      <trkpt lat="47.828920" lon="19.175376"><ele>309.25</ele></trkpt>
      <trkpt lat="47.829046" lon="19.175376"><ele>308.25</ele></trkpt>
      <trkpt lat="47.829143" lon="19.175337"><ele>308.5</ele></trkpt>
      <trkpt lat="47.829254" lon="19.175273"><ele>310.0</ele></trkpt>
      <trkpt lat="47.829402" lon="19.175217"><ele>311.5</ele></trkpt>
      <trkpt lat="47.829542" lon="19.175182"><ele>312.0</ele></trkpt>
      <trkpt lat="47.829676" lon="19.175164"><ele>312.0</ele></trkpt>
      <trkpt lat="47.829789" lon="19.175185"><ele>311.5</ele></trkpt>
      <trkpt lat="47.829911" lon="19.175244"><ele>310.75</ele></trkpt>
      <trkpt lat="47.830583" lon="19.175630"><ele>311.25</ele></trkpt>
      <trkpt lat="47.830889" lon="19.175856"><ele>312.25</ele></trkpt>
      <trkpt lat="47.831107" lon="19.175976"><ele>313.25</ele></trkpt>
      <trkpt lat="47.831272" lon="19.176038"><ele>316.0</ele></trkpt>
      <trkpt lat="47.831684" lon="19.176171"><ele>322.75</ele></trkpt>
      <trkpt lat="47.831796" lon="19.176211"><ele>323.5</ele></trkpt>
      <trkpt lat="47.832147" lon="19.176273"><ele>327.25</ele></trkpt>
      <trkpt lat="47.832380" lon="19.176328"><ele>331.5</ele></trkpt>
      <trkpt lat="47.832833" lon="19.176515"><ele>338.5</ele></trkpt>
      <trkpt lat="47.833010" lon="19.176567"><ele>338.0</ele></trkpt>
      <trkpt lat="47.833156" lon="19.176565"><ele>337.75</ele></trkpt>
      <trkpt lat="47.833364" lon="19.176801"><ele>336.5</ele></trkpt>
      <trkpt lat="47.833506" lon="19.177009"><ele>336.75</ele></trkpt>
      <trkpt lat="47.833618" lon="19.177156"><ele>337.75</ele></trkpt>
      <trkpt lat="47.833764" lon="19.177311"><ele>339.75</ele></trkpt>
      <trkpt lat="47.833949" lon="19.177436"><ele>341.75</ele></trkpt>
      <trkpt lat="47.834448" lon="19.177747"><ele>346.5</ele></trkpt>
      <trkpt lat="47.834662" lon="19.177919"><ele>349.0</ele></trkpt>
      <trkpt lat="47.834762" lon="19.178057"><ele>350.75</ele></trkpt>
      <trkpt lat="47.834915" lon="19.178294"><ele>352.75</ele></trkpt>
      <trkpt lat="47.835165" lon="19.178759"><ele>355.5</ele></trkpt>
      <trkpt lat="47.835330" lon="19.179035"><ele>358.5</ele></trkpt>
      <trkpt lat="47.835545" lon="19.179335"><ele>359.5</ele></trkpt>
      <trkpt lat="47.835804" lon="19.179633"><ele>358.5</ele></trkpt>
      <trkpt lat="47.836318" lon="19.180125"><ele>356.0</ele></trkpt>
      <trkpt lat="47.836503" lon="19.180334"><ele>353.75</ele></trkpt>
      <trkpt lat="47.836652" lon="19.180570"><ele>352.25</ele></trkpt>
      <trkpt lat="47.836833" lon="19.180948"><ele>349.5</ele></trkpt>
      <trkpt lat="47.836944" lon="19.181106"><ele>348.75</ele></trkpt>
      <trkpt lat="47.837081" lon="19.181254"><ele>346.75</ele></trkpt>
      <trkpt lat="47.837283" lon="19.181909"><ele>345.5</ele></trkpt>
      <trkpt lat="47.837505" lon="19.182355"><ele>343.25</ele></trkpt>
      <trkpt lat="47.837573" lon="19.182702"><ele>342.5</ele></trkpt>
      <trkpt lat="47.837515" lon="19.183118"><ele>341.75</ele></trkpt>
      <trkpt lat="47.837621" lon="19.184076"><ele>340.0</ele></trkpt>
      <trkpt lat="47.837637" lon="19.184872"><ele>344.0</ele></trkpt>
      <trkpt lat="47.837608" lon="19.185375"><ele>348.25</ele></trkpt>
      <trkpt lat="47.837651" lon="19.185855"><ele>354.25</ele></trkpt>
      <trkpt lat="47.837779" lon="19.186457"><ele>359.25</ele></trkpt>
      <trkpt lat="47.838124" lon="19.187151"><ele>360.75</ele></trkpt>
      <trkpt lat="47.838384" lon="19.187583"><ele>358.25</ele></trkpt>
      <trkpt lat="47.838617" lon="19.187821"><ele>355.25</ele></trkpt>
      <trkpt lat="47.839069" lon="19.188131"><ele>352.25</ele></trkpt>
      <trkpt lat="47.839306" lon="19.188471"><ele>350.25</ele></trkpt>
      <trkpt lat="47.839537" lon="19.188841"><ele>349.25</ele></trkpt>
      <trkpt lat="47.839654" lon="19.188952"><ele>348.0</ele></trkpt>
      <trkpt lat="47.840042" lon="19.188747"><ele>346.75</ele></trkpt>
      <trkpt lat="47.840313" lon="19.188832"><ele>345.0</ele></trkpt>
      <trkpt lat="47.840719" lon="19.188130"><ele>346.25</ele></trkpt>
      <trkpt lat="47.840938" lon="19.187572"><ele>345.5</ele></trkpt>
      <trkpt lat="47.841041" lon="19.187236"><ele>344.5</ele></trkpt>
      <trkpt lat="47.841216" lon="19.187200"><ele>343.5</ele></trkpt>
      <trkpt lat="47.841416" lon="19.187125"><ele>342.25</ele></trkpt>
      <trkpt lat="47.841575" lon="19.186938"><ele>341.5</ele></trkpt>
      <trkpt lat="47.841649" lon="19.186959"><ele>341.75</ele></trkpt>
      <trkpt lat="47.841744" lon="19.187002"><ele>342.0</ele></trkpt>
      <trkpt lat="47.841856" lon="19.187075"><ele>342.5</ele></trkpt>
      <trkpt lat="47.841949" lon="19.187120"><ele>343.0</ele></trkpt>
      <trkpt lat="47.842082" lon="19.187152"><ele>342.5</ele></trkpt>
      <trkpt lat="47.842159" lon="19.187139"><ele>342.0</ele></trkpt>
      <trkpt lat="47.842259" lon="19.187146"><ele>341.25</ele></trkpt>
      <trkpt lat="47.842410" lon="19.187219"><ele>339.75</ele></trkpt>
      <trkpt lat="47.842491" lon="19.187239"><ele>339.0</ele></trkpt>
      <trkpt lat="47.843049" lon="19.187254"><ele>336.0</ele></trkpt>
      <trkpt lat="47.843202" lon="19.187280"><ele>334.75</ele></trkpt>
      <trkpt lat="47.843512" lon="19.187435"><ele>331.5</ele></trkpt>
      <trkpt lat="47.843696" lon="19.187501"><ele>329.5</ele></trkpt>
      <trkpt lat="47.843836" lon="19.187520"><ele>329.0</ele></trkpt>
      <trkpt lat="47.843970" lon="19.187495"><ele>328.5</ele></trkpt>
      <trkpt lat="47.844074" lon="19.187457"><ele>328.25</ele></trkpt>
      <trkpt lat="47.844183" lon="19.187448"><ele>327.75</ele></trkpt>
      <trkpt lat="47.844300" lon="19.187467"><ele>327.5</ele></trkpt>
      <trkpt lat="47.844413" lon="19.187515"><ele>327.0</ele></trkpt>
      <trkpt lat="47.844535" lon="19.187547"><ele>326.5</ele></trkpt>
      <trkpt lat="47.844668" lon="19.187549"><ele>326.0</ele></trkpt>
      <trkpt lat="47.844968" lon="19.187529"><ele>325.0</ele></trkpt>
      <trkpt lat="47.845218" lon="19.187571"><ele>325.0</ele></trkpt>
      <trkpt lat="47.845305" lon="19.187552"><ele>324.75</ele></trkpt>
      <trkpt lat="47.845379" lon="19.187515"><ele>324.25</ele></trkpt>
      <trkpt lat="47.845471" lon="19.187407"><ele>323.5</ele></trkpt>
      <trkpt lat="47.845660" lon="19.187139"><ele>322.5</ele></trkpt>
      <trkpt lat="47.845741" lon="19.187057"><ele>321.75</ele></trkpt>
      <trkpt lat="47.845811" lon="19.186999"><ele>321.25</ele></trkpt>
      <trkpt lat="47.845907" lon="19.186970"><ele>320.75</ele></trkpt>
      <trkpt lat="47.845990" lon="19.186960"><ele>320.5</ele></trkpt>
      <trkpt lat="47.846558" lon="19.187003"><ele>323.75</ele></trkpt>
      <trkpt lat="47.846638" lon="19.187039"><ele>324.75</ele></trkpt>
      <trkpt lat="47.846805" lon="19.186981"><ele>325.75</ele></trkpt>
      <trkpt lat="47.846976" lon="19.186959"><ele>326.75</ele></trkpt>
      <trkpt lat="47.847075" lon="19.186957"><ele>326.75</ele></trkpt>
      <trkpt lat="47.847139" lon="19.186967"><ele>326.75</ele></trkpt>
      <trkpt lat="47.847303" lon="19.186992"><ele>326.5</ele></trkpt>
      <trkpt lat="47.847472" lon="19.187041"><ele>326.0</ele></trkpt>
      <trkpt lat="47.848111" lon="19.187269"><ele>327.25</ele></trkpt>
      <trkpt lat="47.848291" lon="19.187352"><ele>327.75</ele></trkpt>
      <trkpt lat="47.848430" lon="19.187476"><ele>327.25</ele></trkpt>
      <trkpt lat="47.848559" lon="19.187643"><ele>326.25</ele></trkpt>
      <trkpt lat="47.848785" lon="19.188064"><ele>324.75</ele></trkpt>
      <trkpt lat="47.848891" lon="19.188217"><ele>323.75</ele></trkpt>
      <trkpt lat="47.849072" lon="19.188426"><ele>322.25</ele></trkpt>
      <trkpt lat="47.849236" lon="19.188548"><ele>321.5</ele></trkpt>
      <trkpt lat="47.849334" lon="19.188607"><ele>321.5</ele></trkpt>
      <trkpt lat="47.849451" lon="19.188624"><ele>322.0</ele></trkpt>
      <trkpt lat="47.849532" lon="19.188624"><ele>322.25</ele></trkpt>
      <trkpt lat="47.849658" lon="19.188580"><ele>322.5</ele></trkpt>
      <trkpt lat="47.849711" lon="19.188540"><ele>322.25</ele></trkpt>
      <trkpt lat="47.849910" lon="19.188260"><ele>320.25</ele></trkpt>
      <trkpt lat="47.850309" lon="19.187576"><ele>312.75</ele></trkpt>
      <trkpt lat="47.850780" lon="19.186912"><ele>306.75</ele></trkpt>
      <trkpt lat="47.851063" lon="19.186614"><ele>303.5</ele></trkpt>
      <trkpt lat="47.851243" lon="19.186457"><ele>302.0</ele></trkpt>
      <trkpt lat="47.851492" lon="19.186285"><ele>300.5</ele></trkpt>
      <trkpt lat="47.851755" lon="19.186167"><ele>300.5</ele></trkpt>
      <trkpt lat="47.851814" lon="19.186127"><ele>300.5</ele></trkpt>
      <trkpt lat="47.851869" lon="19.186058"><ele>300.25</ele></trkpt>
      <trkpt lat="47.851944" lon="19.185894"><ele>299.25</ele></trkpt>
      <trkpt lat="47.852070" lon="19.185711"><ele>299.0</ele></trkpt>
      <trkpt lat="47.852114" lon="19.185687"><ele>299.0</ele></trkpt>
      <trkpt lat="47.852175" lon="19.185668"><ele>299.0</ele></trkpt>
      <trkpt lat="47.852229" lon="19.185686"><ele>298.75</ele></trkpt>
      <trkpt lat="47.852264" lon="19.185715"><ele>298.75</ele></trkpt>
      <trkpt lat="47.852654" lon="19.185989"><ele>298.5</ele></trkpt>
      <trkpt lat="47.852773" lon="19.186116"><ele>298.75</ele></trkpt>
      <trkpt lat="47.852844" lon="19.186213"><ele>298.5</ele></trkpt>
      <trkpt lat="47.852905" lon="19.186342"><ele>297.75</ele></trkpt>
      <trkpt lat="47.853014" lon="19.186623"><ele>293.0</ele></trkpt>
      <trkpt lat="47.853071" lon="19.186742"><ele>290.25</ele></trkpt>
      <trkpt lat="47.853160" lon="19.186853"><ele>288.25</ele></trkpt>
      <trkpt lat="47.853434" lon="19.187114"><ele>285.25</ele></trkpt>
      <trkpt lat="47.853652" lon="19.187272"><ele>285.0</ele></trkpt>
      <trkpt lat="47.853783" lon="19.187457"><ele>284.5</ele></trkpt>
      <trkpt lat="47.853844" lon="19.187540"><ele>284.25</ele></trkpt>
      <trkpt lat="47.853988" lon="19.187657"><ele>283.5</ele></trkpt>
      <trkpt lat="47.854049" lon="19.187683"><ele>283.25</ele></trkpt>
      <trkpt lat="47.854742" lon="19.187910"><ele>280.0</ele></trkpt>
      <trkpt lat="47.854839" lon="19.187962"><ele>280.5</ele></trkpt>
      <trkpt lat="47.854934" lon="19.188035"><ele>281.25</ele></trkpt>
      <trkpt lat="47.855093" lon="19.188268"><ele>282.5</ele></trkpt>
      <trkpt lat="47.855373" lon="19.188633"><ele>282.75</ele></trkpt>
      <trkpt lat="47.855580" lon="19.188846"><ele>281.0</ele></trkpt>
      <trkpt lat="47.855751" lon="19.188991"><ele>280.5</ele></trkpt>
      <trkpt lat="47.855932" lon="19.189126"><ele>279.0</ele></trkpt>
      <trkpt lat="47.856284" lon="19.189277"><ele>276.75</ele></trkpt>
      <trkpt lat="47.856472" lon="19.189233"><ele>276.5</ele></trkpt>
      <trkpt lat="47.857344" lon="19.189117"><ele>268.25</ele></trkpt>
      <trkpt lat="47.857704" lon="19.189034"><ele>267.0</ele></trkpt>
      <trkpt lat="47.857912" lon="19.189042"><ele>267.0</ele></trkpt>
      <trkpt lat="47.857992" lon="19.189059"><ele>267.0</ele></trkpt>
      <trkpt lat="47.858061" lon="19.189100"><ele>267.0</ele></trkpt>
      <trkpt lat="47.858432" lon="19.189429"><ele>267.25</ele></trkpt>
      <trkpt lat="47.858564" lon="19.189556"><ele>267.75</ele></trkpt>
      <trkpt lat="47.858575" lon="19.189383"><ele>267.5</ele></trkpt>
      <trkpt lat="47.858535" lon="19.188777"><ele>267.0</ele></trkpt>
      <trkpt lat="47.858534" lon="19.188678"><ele>267.0</ele></trkpt>
      <trkpt lat="47.858553" lon="19.188544"><ele>266.75</ele></trkpt>
      <trkpt lat="47.858617" lon="19.187944"><ele>267.0</ele></trkpt>
      <trkpt lat="47.858630" lon="19.187209"><ele>267.0</ele></trkpt>
      <trkpt lat="47.858637" lon="19.186974"><ele>268.75</ele></trkpt>
      <trkpt lat="47.858650" lon="19.186904"><ele>269.0</ele></trkpt>
      <trkpt lat="47.858685" lon="19.186860"><ele>269.25</ele></trkpt>
      <trkpt lat="47.858740" lon="19.186855"><ele>269.5</ele></trkpt>
      <trkpt lat="47.860694" lon="19.187349"><ele>270.0</ele></trkpt>
      <trkpt lat="47.860763" lon="19.187043"><ele>270.75</ele></trkpt>
      <trkpt lat="47.860829" lon="19.186858"><ele>271.0</ele></trkpt>
      <trkpt lat="47.860865" lon="19.186787"><ele>270.75</ele></trkpt>
      <trkpt lat="47.860927" lon="19.186691"><ele>270.25</ele></trkpt>
      <trkpt lat="47.861091" lon="19.186487"><ele>269.5</ele></trkpt>
      <trkpt lat="47.861252" lon="19.186358"><ele>269.25</ele></trkpt>
      <trkpt lat="47.861792" lon="19.186001"><ele>270.25</ele></trkpt>
      <trkpt lat="47.862193" lon="19.185804"><ele>268.0</ele></trkpt>
      <trkpt lat="47.862280" lon="19.185698"><ele>267.75</ele></trkpt>
      <trkpt lat="47.862403" lon="19.185565"><ele>267.25</ele></trkpt>
      <trkpt lat="47.862475" lon="19.185506"><ele>267.0</ele></trkpt>
      <trkpt lat="47.862559" lon="19.185465"><ele>266.75</ele></trkpt>
      <trkpt lat="47.862780" lon="19.185441"><ele>266.25</ele></trkpt>
      <trkpt lat="47.862896" lon="19.185389"><ele>264.5</ele></trkpt>
      <trkpt lat="47.862993" lon="19.185311"><ele>263.5</ele></trkpt>
      <trkpt lat="47.863143" lon="19.185129"><ele>261.25</ele></trkpt>
      <trkpt lat="47.863242" lon="19.184931"><ele>260.0</ele></trkpt>
      <trkpt lat="47.863912" lon="19.183416"><ele>256.25</ele></trkpt>
      <trkpt lat="47.864138" lon="19.183154"><ele>252.25</ele></trkpt>
      <trkpt lat="47.864681" lon="19.182657"><ele>245.75</ele></trkpt>
      <trkpt lat="47.864822" lon="19.182518"><ele>244.0</ele></trkpt>
      <trkpt lat="47.864953" lon="19.182359"><ele>241.5</ele></trkpt>
      <trkpt lat="47.865324" lon="19.181617"><ele>237.0</ele></trkpt>
      <trkpt lat="47.865587" lon="19.181153"><ele>233.75</ele></trkpt>
      <trkpt lat="47.865740" lon="19.180947"><ele>231.75</ele></trkpt>
      <trkpt lat="47.866035" lon="19.180620"><ele>230.5</ele></trkpt>
      <trkpt lat="47.866279" lon="19.180426"><ele>229.25</ele></trkpt>
      <trkpt lat="47.866414" lon="19.180355"><ele>228.0</ele></trkpt>
      <trkpt lat="47.866636" lon="19.180270"><ele>224.5</ele></trkpt>
      <trkpt lat="47.866930" lon="19.180216"><ele>222.25</ele></trkpt>
      <trkpt lat="47.867081" lon="19.180227"><ele>221.0</ele></trkpt>
      <trkpt lat="47.867720" lon="19.180397"><ele>211.75</ele></trkpt>
      <trkpt lat="47.868028" lon="19.180319"><ele>210.5</ele></trkpt>
      <trkpt lat="47.868215" lon="19.180204"><ele>209.5</ele></trkpt>
      <trkpt lat="47.869051" lon="19.179423"><ele>203.0</ele></trkpt>
      <trkpt lat="47.869175" lon="19.179213"><ele>201.75</ele></trkpt>
      <trkpt lat="47.869228" lon="19.179061"><ele>200.75</ele></trkpt>
      <trkpt lat="47.869294" lon="19.178792"><ele>199.0</ele></trkpt>
      <trkpt lat="47.869667" lon="19.176920"><ele>197.0</ele></trkpt>
      <trkpt lat="47.869736" lon="19.176609"><ele>197.0</ele></trkpt>
      <trkpt lat="47.869795" lon="19.176442"><ele>197.0</ele></trkpt>
      <trkpt lat="47.869848" lon="19.176339"><ele>196.75</ele></trkpt>
      <trkpt lat="47.869972" lon="19.176194"><ele>196.75</ele></trkpt>
      <trkpt lat="47.870144" lon="19.176045"><ele>196.75</ele></trkpt>
      <trkpt lat="47.870433" lon="19.175836"><ele>196.0</ele></trkpt>
      <trkpt lat="47.870683" lon="19.175674"><ele>196.5</ele></trkpt>
      <trkpt lat="47.870976" lon="19.175520"><ele>198.5</ele></trkpt>
      <trkpt lat="47.871749" lon="19.175215"><ele>198.0</ele></trkpt>
      <trkpt lat="47.872100" lon="19.175124"><ele>198.75</ele></trkpt>
      <trkpt lat="47.872137" lon="19.175116"><ele>198.75</ele></trkpt>
      <trkpt lat="47.872346" lon="19.175086"><ele>199.25</ele></trkpt>
      <trkpt lat="47.872615" lon="19.175028"><ele>198.75</ele></trkpt>
      <trkpt lat="47.872749" lon="19.174965"><ele>198.25</ele></trkpt>
      <trkpt lat="47.872905" lon="19.174844"><ele>197.25</ele></trkpt>
      <trkpt lat="47.873150" lon="19.174585"><ele>196.25</ele></trkpt>
      <trkpt lat="47.875420" lon="19.171907"><ele>190.5</ele></trkpt>
      <trkpt lat="47.875512" lon="19.171814"><ele>190.5</ele></trkpt>
      <trkpt lat="47.875622" lon="19.171746"><ele>190.0</ele></trkpt>
      <trkpt lat="47.875792" lon="19.171750"><ele>188.75</ele></trkpt>
      <trkpt lat="47.876021" lon="19.171830"><ele>187.0</ele></trkpt>
      <trkpt lat="47.876148" lon="19.171805"><ele>186.5</ele></trkpt>
      <trkpt lat="47.876353" lon="19.171628"><ele>186.5</ele></trkpt>
      <trkpt lat="47.877720" lon="19.169894"><ele>186.0</ele></trkpt>
      <trkpt lat="47.877807" lon="19.169768"><ele>186.0</ele></trkpt>
      <trkpt lat="47.877908" lon="19.169551"><ele>186.25</ele></trkpt>
      <trkpt lat="47.878048" lon="19.169201"><ele>186.75</ele></trkpt>
      <trkpt lat="47.878062" lon="19.169077"><ele>187.25</ele></trkpt>
      <trkpt lat="47.878151" lon="19.168895"><ele>187.5</ele></trkpt>
      <trkpt lat="47.878264" lon="19.168791"><ele>187.25</ele></trkpt>
      <trkpt lat="47.878372" lon="19.168732"><ele>186.5</ele></trkpt>
      <trkpt lat="47.879078" lon="19.168528"><ele>184.75</ele></trkpt>
      <trkpt lat="47.879154" lon="19.168508"><ele>185.25</ele></trkpt>
      <trkpt lat="47.879263" lon="19.168480"><ele>186.5</ele></trkpt>
      <trkpt lat="47.879378" lon="19.168453"><ele>188.25</ele></trkpt>
      <trkpt lat="47.879395" lon="19.168208"><ele>190.0</ele></trkpt>
      <trkpt lat="47.879517" lon="19.167377"><ele>191.5</ele></trkpt>
      <trkpt lat="47.879556" lon="19.167239"><ele>191.5</ele></trkpt>
      <trkpt lat="47.879833" lon="19.166536"><ele>191.5</ele></trkpt>
      <trkpt lat="47.879874" lon="19.166366"><ele>191.5</ele></trkpt>
      <trkpt lat="47.879930" lon="19.165991"><ele>190.5</ele></trkpt>
      <trkpt lat="47.880081" lon="19.164864"><ele>191.5</ele></trkpt>
      <trkpt lat="47.880199" lon="19.164292"><ele>191.5</ele></trkpt>
      <trkpt lat="47.880273" lon="19.164037"><ele>191.75</ele></trkpt>
      <trkpt lat="47.880454" lon="19.163529"><ele>192.75</ele></trkpt>
      <trkpt lat="47.880884" lon="19.162567"><ele>193.0</ele></trkpt>
      <trkpt lat="47.880979" lon="19.162341"><ele>192.5</ele></trkpt>
      <trkpt lat="47.881068" lon="19.162038"><ele>193.25</ele></trkpt>
      <trkpt lat="47.881132" lon="19.161754"><ele>192.75</ele></trkpt>
      <trkpt lat="47.881505" lon="19.160229"><ele>193.75</ele></trkpt>
      <trkpt lat="47.881887" lon="19.158830"><ele>189.75</ele></trkpt>
      <trkpt lat="47.881985" lon="19.158530"><ele>190.0</ele></trkpt>
      <trkpt lat="47.882106" lon="19.158225"><ele>190.5</ele></trkpt>
      <trkpt lat="47.882519" lon="19.157276"><ele>194.5</ele></trkpt>
      <trkpt lat="47.882598" lon="19.157025"><ele>194.25</ele></trkpt>
      <trkpt lat="47.882669" lon="19.156741"><ele>194.25</ele></trkpt>
      <trkpt lat="47.883398" lon="19.153419"><ele>193.75</ele></trkpt>
      <trkpt lat="47.883515" lon="19.152892"><ele>194.5</ele></trkpt>
      <trkpt lat="47.883597" lon="19.152436"><ele>194.5</ele></trkpt>
      <trkpt lat="47.883640" lon="19.152118"><ele>194.25</ele></trkpt>
      <trkpt lat="47.883663" lon="19.151813"><ele>194.0</ele></trkpt>
      <trkpt lat="47.883667" lon="19.151448"><ele>194.0</ele></trkpt>
      <trkpt lat="47.883655" lon="19.151120"><ele>193.75</ele></trkpt>
      <trkpt lat="47.883577" lon="19.149404"><ele>191.75</ele></trkpt>
      <trkpt lat="47.883560" lon="19.149130"><ele>191.5</ele></trkpt>
      <trkpt lat="47.883541" lon="19.148894"><ele>191.25</ele></trkpt>
      <trkpt lat="47.883490" lon="19.148702"><ele>191.25</ele></trkpt>
      <trkpt lat="47.883395" lon="19.148541"><ele>191.25</ele></trkpt>
      <trkpt lat="47.883148" lon="19.148286"><ele>189.5</ele></trkpt>
      <trkpt lat="47.883095" lon="19.148236"><ele>189.25</ele></trkpt>
      <trkpt lat="47.882544" lon="19.147719"><ele>189.0</ele></trkpt>
      <trkpt lat="47.882053" lon="19.147205"><ele>189.5</ele></trkpt>
      <trkpt lat="47.881996" lon="19.147146"><ele>189.5</ele></trkpt>
      <trkpt lat="47.881960" lon="19.147079"><ele>189.25</ele></trkpt>
      <trkpt lat="47.881896" lon="19.146892"><ele>189.0</ele></trkpt>
      <trkpt lat="47.881836" lon="19.146485"><ele>189.75</ele></trkpt>
      <trkpt lat="47.881798" lon="19.145906"><ele>190.5</ele></trkpt>
      <trkpt lat="47.881719" lon="19.144986"><ele>190.75</ele></trkpt>
      <trkpt lat="47.881795" lon="19.143949"><ele>192.5</ele></trkpt>
      <trkpt lat="47.881938" lon="19.142559"><ele>198.0</ele></trkpt>
      <trkpt lat="47.881981" lon="19.142071"><ele>199.75</ele></trkpt>
      <trkpt lat="47.882000" lon="19.141864"><ele>200.0</ele></trkpt>
      <trkpt lat="47.882017" lon="19.141373"><ele>201.75</ele></trkpt>
      <trkpt lat="47.882019" lon="19.141142"><ele>203.25</ele></trkpt>
      <trkpt lat="47.882020" lon="19.141012"><ele>204.0</ele></trkpt>
      <trkpt lat="47.882020" lon="19.141000"><ele>204.5</ele></trkpt>
      <trkpt lat="47.882020" lon="19.141012"><ele>204.0</ele></trkpt>
      <trkpt lat="47.882019" lon="19.141142"><ele>203.25</ele></trkpt>
      <trkpt lat="47.882017" lon="19.141373"><ele>201.75</ele></trkpt>
      <trkpt lat="47.882000" lon="19.141864"><ele>200.0</ele></trkpt>
      <trkpt lat="47.881981" lon="19.142071"><ele>199.75</ele></trkpt>
      <trkpt lat="47.881938" lon="19.142559"><ele>198.0</ele></trkpt>
      <trkpt lat="47.881795" lon="19.143949"><ele>192.5</ele></trkpt>
      <trkpt lat="47.881719" lon="19.144986"><ele>190.75</ele></trkpt>
      <trkpt lat="47.881798" lon="19.145906"><ele>190.5</ele></trkpt>
      <trkpt lat="47.881836" lon="19.146485"><ele>189.75</ele></trkpt>
      <trkpt lat="47.881896" lon="19.146892"><ele>189.0</ele></trkpt>
      <trkpt lat="47.881960" lon="19.147079"><ele>189.25</ele></trkpt>
      <trkpt lat="47.881996" lon="19.147146"><ele>189.5</ele></trkpt>
      <trkpt lat="47.882053" lon="19.147205"><ele>189.5</ele></trkpt>
      <trkpt lat="47.882544" lon="19.147719"><ele>189.0</ele></trkpt>
      <trkpt lat="47.883095" lon="19.148236"><ele>189.25</ele></trkpt>
      <trkpt lat="47.883148" lon="19.148286"><ele>189.5</ele></trkpt>
      <trkpt lat="47.883395" lon="19.148541"><ele>191.25</ele></trkpt>
      <trkpt lat="47.883490" lon="19.148702"><ele>191.25</ele></trkpt>
      <trkpt lat="47.883541" lon="19.148894"><ele>191.25</ele></trkpt>
      <trkpt lat="47.883560" lon="19.149130"><ele>191.5</ele></trkpt>
      <trkpt lat="47.883577" lon="19.149404"><ele>191.75</ele></trkpt>
      <trkpt lat="47.883655" lon="19.151120"><ele>193.75</ele></trkpt>
      <trkpt lat="47.883667" lon="19.151448"><ele>194.0</ele></trkpt>
      <trkpt lat="47.883663" lon="19.151813"><ele>194.0</ele></trkpt>
      <trkpt lat="47.883640" lon="19.152118"><ele>194.25</ele></trkpt>
      <trkpt lat="47.883597" lon="19.152436"><ele>194.5</ele></trkpt>
      <trkpt lat="47.883515" lon="19.152892"><ele>194.5</ele></trkpt>
      <trkpt lat="47.883398" lon="19.153419"><ele>193.75</ele></trkpt>
      <trkpt lat="47.882669" lon="19.156741"><ele>194.25</ele></trkpt>
      <trkpt lat="47.882598" lon="19.157025"><ele>194.25</ele></trkpt>
      <trkpt lat="47.882519" lon="19.157276"><ele>194.5</ele></trkpt>
      <trkpt lat="47.882106" lon="19.158225"><ele>190.5</ele></trkpt>
      <trkpt lat="47.881985" lon="19.158530"><ele>190.0</ele></trkpt>
      <trkpt lat="47.881887" lon="19.158830"><ele>189.75</ele></trkpt>
      <trkpt lat="47.881505" lon="19.160229"><ele>193.75</ele></trkpt>
      <trkpt lat="47.881132" lon="19.161754"><ele>192.75</ele></trkpt>
      <trkpt lat="47.881068" lon="19.162038"><ele>193.25</ele></trkpt>
      <trkpt lat="47.880979" lon="19.162341"><ele>192.5</ele></trkpt>
      <trkpt lat="47.880884" lon="19.162567"><ele>193.0</ele></trkpt>
      <trkpt lat="47.880454" lon="19.163529"><ele>192.75</ele></trkpt>
      <trkpt lat="47.880273" lon="19.164037"><ele>191.75</ele></trkpt>
      <trkpt lat="47.880199" lon="19.164292"><ele>191.5</ele></trkpt>
      <trkpt lat="47.880081" lon="19.164864"><ele>191.5</ele></trkpt>
      <trkpt lat="47.879930" lon="19.165991"><ele>190.5</ele></trkpt>
      <trkpt lat="47.879874" lon="19.166366"><ele>191.5</ele></trkpt>
      <trkpt lat="47.879833" lon="19.166536"><ele>191.5</ele></trkpt>
      <trkpt lat="47.879556" lon="19.167239"><ele>191.5</ele></trkpt>
      <trkpt lat="47.879517" lon="19.167377"><ele>191.5</ele></trkpt>
      <trkpt lat="47.879395" lon="19.168208"><ele>190.0</ele></trkpt>
      <trkpt lat="47.879378" lon="19.168453"><ele>188.25</ele></trkpt>
      <trkpt lat="47.879263" lon="19.168480"><ele>186.5</ele></trkpt>
      <trkpt lat="47.879154" lon="19.168508"><ele>185.25</ele></trkpt>
      <trkpt lat="47.879078" lon="19.168528"><ele>184.75</ele></trkpt>
      <trkpt lat="47.878372" lon="19.168732"><ele>186.5</ele></trkpt>
      <trkpt lat="47.878264" lon="19.168791"><ele>187.25</ele></trkpt>
      <trkpt lat="47.878151" lon="19.168895"><ele>187.5</ele></trkpt>
      <trkpt lat="47.878062" lon="19.169077"><ele>187.25</ele></trkpt>
      <trkpt lat="47.878048" lon="19.169201"><ele>186.75</ele></trkpt>
      <trkpt lat="47.877908" lon="19.169551"><ele>186.25</ele></trkpt>
      <trkpt lat="47.877807" lon="19.169768"><ele>186.0</ele></trkpt>
      <trkpt lat="47.877720" lon="19.169894"><ele>186.0</ele></trkpt>
      <trkpt lat="47.876353" lon="19.171628"><ele>186.5</ele></trkpt>
      <trkpt lat="47.876148" lon="19.171805"><ele>186.5</ele></trkpt>
      <trkpt lat="47.876021" lon="19.171830"><ele>187.0</ele></trkpt>
      <trkpt lat="47.875792" lon="19.171750"><ele>188.75</ele></trkpt>
      <trkpt lat="47.875622" lon="19.171746"><ele>190.0</ele></trkpt>
      <trkpt lat="47.875512" lon="19.171814"><ele>190.5</ele></trkpt>
      <trkpt lat="47.875420" lon="19.171907"><ele>190.5</ele></trkpt>
      <trkpt lat="47.873150" lon="19.174585"><ele>196.25</ele></trkpt>
      <trkpt lat="47.872905" lon="19.174844"><ele>197.25</ele></trkpt>
      <trkpt lat="47.872749" lon="19.174965"><ele>198.25</ele></trkpt>
      <trkpt lat="47.872615" lon="19.175028"><ele>198.75</ele></trkpt>
      <trkpt lat="47.872346" lon="19.175086"><ele>199.25</ele></trkpt>
      <trkpt lat="47.872137" lon="19.175116"><ele>198.75</ele></trkpt>
      <trkpt lat="47.872100" lon="19.175124"><ele>198.75</ele></trkpt>
      <trkpt lat="47.871749" lon="19.175215"><ele>198.0</ele></trkpt>
      <trkpt lat="47.870976" lon="19.175520"><ele>198.5</ele></trkpt>
      <trkpt lat="47.870683" lon="19.175674"><ele>196.5</ele></trkpt>
      <trkpt lat="47.870433" lon="19.175836"><ele>196.0</ele></trkpt>
      <trkpt lat="47.870144" lon="19.176045"><ele>196.75</ele></trkpt>
      <trkpt lat="47.869972" lon="19.176194"><ele>196.75</ele></trkpt>
      <trkpt lat="47.869848" lon="19.176339"><ele>196.75</ele></trkpt>
      <trkpt lat="47.869795" lon="19.176442"><ele>197.0</ele></trkpt>
      <trkpt lat="47.869736" lon="19.176609"><ele>197.0</ele></trkpt>
      <trkpt lat="47.869667" lon="19.176920"><ele>197.0</ele></trkpt>
      <trkpt lat="47.869294" lon="19.178792"><ele>199.0</ele></trkpt>
      <trkpt lat="47.869228" lon="19.179061"><ele>200.75</ele></trkpt>
      <trkpt lat="47.869175" lon="19.179213"><ele>201.75</ele></trkpt>
      <trkpt lat="47.869051" lon="19.179423"><ele>203.0</ele></trkpt>
      <trkpt lat="47.868215" lon="19.180204"><ele>209.5</ele></trkpt>
      <trkpt lat="47.868028" lon="19.180319"><ele>210.5</ele></trkpt>
      <trkpt lat="47.867720" lon="19.180397"><ele>211.75</ele></trkpt>
      <trkpt lat="47.867081" lon="19.180227"><ele>221.0</ele></trkpt>
      <trkpt lat="47.866930" lon="19.180216"><ele>222.25</ele></trkpt>
      <trkpt lat="47.866636" lon="19.180270"><ele>224.5</ele></trkpt>
      <trkpt lat="47.866414" lon="19.180355"><ele>228.0</ele></trkpt>
      <trkpt lat="47.866279" lon="19.180426"><ele>229.25</ele></trkpt>
      <trkpt lat="47.866035" lon="19.180620"><ele>230.5</ele></trkpt>
      <trkpt lat="47.865740" lon="19.180947"><ele>231.75</ele></trkpt>
      <trkpt lat="47.865587" lon="19.181153"><ele>233.75</ele></trkpt>
      <trkpt lat="47.865324" lon="19.181617"><ele>237.0</ele></trkpt>
      <trkpt lat="47.864953" lon="19.182359"><ele>241.5</ele></trkpt>
      <trkpt lat="47.864822" lon="19.182518"><ele>244.0</ele></trkpt>
      <trkpt lat="47.864681" lon="19.182657"><ele>245.75</ele></trkpt>
      <trkpt lat="47.864138" lon="19.183154"><ele>252.25</ele></trkpt>
      <trkpt lat="47.863912" lon="19.183416"><ele>256.25</ele></trkpt>
      <trkpt lat="47.863242" lon="19.184931"><ele>260.0</ele></trkpt>
      <trkpt lat="47.863143" lon="19.185129"><ele>261.25</ele></trkpt>
      <trkpt lat="47.862993" lon="19.185311"><ele>263.5</ele></trkpt>
      <trkpt lat="47.862896" lon="19.185389"><ele>264.5</ele></trkpt>
      <trkpt lat="47.862780" lon="19.185441"><ele>266.25</ele></trkpt>
      <trkpt lat="47.862559" lon="19.185465"><ele>266.75</ele></trkpt>
      <trkpt lat="47.862475" lon="19.185506"><ele>267.0</ele></trkpt>
      <trkpt lat="47.862403" lon="19.185565"><ele>267.25</ele></trkpt>
      <trkpt lat="47.862280" lon="19.185698"><ele>267.75</ele></trkpt>
      <trkpt lat="47.862193" lon="19.185804"><ele>268.0</ele></trkpt>
      <trkpt lat="47.861792" lon="19.186001"><ele>270.25</ele></trkpt>
      <trkpt lat="47.861252" lon="19.186358"><ele>269.25</ele></trkpt>
      <trkpt lat="47.861091" lon="19.186487"><ele>269.5</ele></trkpt>
      <trkpt lat="47.860927" lon="19.186691"><ele>270.25</ele></trkpt>
      <trkpt lat="47.860865" lon="19.186787"><ele>270.75</ele></trkpt>
      <trkpt lat="47.860829" lon="19.186858"><ele>271.0</ele></trkpt>
      <trkpt lat="47.860763" lon="19.187043"><ele>270.75</ele></trkpt>
      <trkpt lat="47.860694" lon="19.187349"><ele>270.0</ele></trkpt>
      <trkpt lat="47.858740" lon="19.186855"><ele>269.5</ele></trkpt>
      <trkpt lat="47.858685" lon="19.186860"><ele>269.25</ele></trkpt>
      <trkpt lat="47.858650" lon="19.186904"><ele>269.0</ele></trkpt>
      <trkpt lat="47.858637" lon="19.186974"><ele>268.75</ele></trkpt>
      <trkpt lat="47.858630" lon="19.187209"><ele>267.0</ele></trkpt>
      <trkpt lat="47.858617" lon="19.187944"><ele>267.0</ele></trkpt>
      <trkpt lat="47.858553" lon="19.188544"><ele>266.75</ele></trkpt>
      <trkpt lat="47.858534" lon="19.188678"><ele>267.0</ele></trkpt>
      <trkpt lat="47.858535" lon="19.188777"><ele>267.0</ele></trkpt>
      <trkpt lat="47.858575" lon="19.189383"><ele>267.5</ele></trkpt>
      <trkpt lat="47.858564" lon="19.189556"><ele>267.75</ele></trkpt>
      <trkpt lat="47.858627" lon="19.189677"><ele>268.0</ele></trkpt>
      <trkpt lat="47.858712" lon="19.189816"><ele>268.5</ele></trkpt>
      <trkpt lat="47.858217" lon="19.189840"><ele>266.75</ele></trkpt>
      <trkpt lat="47.858156" lon="19.189871"><ele>266.5</ele></trkpt>
      <trkpt lat="47.858111" lon="19.189938"><ele>266.25</ele></trkpt>
      <trkpt lat="47.858088" lon="19.190009"><ele>266.25</ele></trkpt>
      <trkpt lat="47.858070" lon="19.190098"><ele>266.25</ele></trkpt>
      <trkpt lat="47.857997" lon="19.190589"><ele>267.5</ele></trkpt>
      <trkpt lat="47.857979" lon="19.190984"><ele>266.75</ele></trkpt>
      <trkpt lat="47.857944" lon="19.191555"><ele>266.0</ele></trkpt>
      <trkpt lat="47.857895" lon="19.191908"><ele>263.75</ele></trkpt>
      <trkpt lat="47.857944" lon="19.191555"><ele>266.0</ele></trkpt>
      <trkpt lat="47.857979" lon="19.190984"><ele>266.75</ele></trkpt>
      <trkpt lat="47.857997" lon="19.190589"><ele>267.5</ele></trkpt>
      <trkpt lat="47.858070" lon="19.190098"><ele>266.25</ele></trkpt>
      <trkpt lat="47.858088" lon="19.190009"><ele>266.25</ele></trkpt>
      <trkpt lat="47.858111" lon="19.189938"><ele>266.25</ele></trkpt>
      <trkpt lat="47.858156" lon="19.189871"><ele>266.5</ele></trkpt>
      <trkpt lat="47.858217" lon="19.189840"><ele>266.75</ele></trkpt>
      <trkpt lat="47.858712" lon="19.189816"><ele>268.5</ele></trkpt>
      <trkpt lat="47.858783" lon="19.189954"><ele>268.5</ele></trkpt>
      <trkpt lat="47.858864" lon="19.190197"><ele>268.25</ele></trkpt>
      <trkpt lat="47.858961" lon="19.190580"><ele>267.75</ele></trkpt>
      <trkpt lat="47.859088" lon="19.191233"><ele>270.25</ele></trkpt>
      <trkpt lat="47.859170" lon="19.191783"><ele>272.0</ele></trkpt>
      <trkpt lat="47.859117" lon="19.191857"><ele>271.75</ele></trkpt>
      <trkpt lat="47.859064" lon="19.191948"><ele>271.5</ele></trkpt>
      <trkpt lat="47.858995" lon="19.192100"><ele>271.25</ele></trkpt>
      <trkpt lat="47.858906" lon="19.192335"><ele>270.5</ele></trkpt>
      <trkpt lat="47.858771" lon="19.192728"><ele>270.0</ele></trkpt>
      <trkpt lat="47.857883" lon="19.195317"><ele>271.5</ele></trkpt>
      <trkpt lat="47.857785" lon="19.195601"><ele>273.0</ele></trkpt>
      <trkpt lat="47.857395" lon="19.196742"><ele>270.5</ele></trkpt>
      <trkpt lat="47.857242" lon="19.197107"><ele>269.0</ele></trkpt>
      <trkpt lat="47.857133" lon="19.197330"><ele>269.25</ele></trkpt>
      <trkpt lat="47.856892" lon="19.197683"><ele>268.0</ele></trkpt>
      <trkpt lat="47.856363" lon="19.198421"><ele>267.75</ele></trkpt>
      <trkpt lat="47.856225" lon="19.198604"><ele>266.75</ele></trkpt>
      <trkpt lat="47.856084" lon="19.198789"><ele>265.0</ele></trkpt>
      <trkpt lat="47.855796" lon="19.199055"><ele>264.5</ele></trkpt>
      <trkpt lat="47.855372" lon="19.199408"><ele>266.25</ele></trkpt>
      <trkpt lat="47.854933" lon="19.199756"><ele>266.25</ele></trkpt>
      <trkpt lat="47.854096" lon="19.200357"><ele>262.75</ele></trkpt>
      <trkpt lat="47.853873" lon="19.200560"><ele>262.0</ele></trkpt>
      <trkpt lat="47.852244" lon="19.202218"><ele>266.0</ele></trkpt>
      <trkpt lat="47.851693" lon="19.202752"><ele>266.0</ele></trkpt>
      <trkpt lat="47.851471" lon="19.202949"><ele>265.5</ele></trkpt>
      <trkpt lat="47.849884" lon="19.204397"><ele>265.25</ele></trkpt>
      <trkpt lat="47.849707" lon="19.204549"><ele>266.25</ele></trkpt>
      <trkpt lat="47.849501" lon="19.204686"><ele>267.5</ele></trkpt>
      <trkpt lat="47.849381" lon="19.204722"><ele>267.5</ele></trkpt>
      <trkpt lat="47.849123" lon="19.204776"><ele>265.5</ele></trkpt>
      <trkpt lat="47.849045" lon="19.204805"><ele>264.75</ele></trkpt>
      <trkpt lat="47.848930" lon="19.204862"><ele>263.75</ele></trkpt>
      <trkpt lat="47.848811" lon="19.204967"><ele>263.25</ele></trkpt>
      <trkpt lat="47.848454" lon="19.205411"><ele>261.25</ele></trkpt>
      <trkpt lat="47.847399" lon="19.206772"><ele>260.5</ele></trkpt>
      <trkpt lat="47.846010" lon="19.208617"><ele>260.25</ele></trkpt>
      <trkpt lat="47.845719" lon="19.209023"><ele>258.0</ele></trkpt>
      <trkpt lat="47.845264" lon="19.209716"><ele>256.75</ele></trkpt>
      <trkpt lat="47.844486" lon="19.210969"><ele>259.75</ele></trkpt>
      <trkpt lat="47.844305" lon="19.211281"><ele>260.25</ele></trkpt>
      <trkpt lat="47.844254" lon="19.211393"><ele>260.25</ele></trkpt>
      <trkpt lat="47.843624" lon="19.212776"><ele>259.0</ele></trkpt>
      <trkpt lat="47.843108" lon="19.213848"><ele>257.75</ele></trkpt>
      <trkpt lat="47.842480" lon="19.215107"><ele>257.0</ele></trkpt>
      <trkpt lat="47.842370" lon="19.215381"><ele>256.5</ele></trkpt>
      <trkpt lat="47.842340" lon="19.215479"><ele>256.25</ele></trkpt>
      <trkpt lat="47.842235" lon="19.215928"><ele>253.75</ele></trkpt>
      <trkpt lat="47.841838" lon="19.218315"><ele>252.5</ele></trkpt>
      <trkpt lat="47.841686" lon="19.219216"><ele>254.25</ele></trkpt>
      <trkpt lat="47.841632" lon="19.219492"><ele>254.75</ele></trkpt>
      <trkpt lat="47.841516" lon="19.219960"><ele>254.25</ele></trkpt>
      <trkpt lat="47.840323" lon="19.223820"><ele>251.75</ele></trkpt>
      <trkpt lat="47.840264" lon="19.224001"><ele>251.75</ele></trkpt>
      <trkpt lat="47.840153" lon="19.224285"><ele>251.75</ele></trkpt>
      <trkpt lat="47.839995" lon="19.224631"><ele>250.75</ele></trkpt>
      <trkpt lat="47.839907" lon="19.224805"><ele>250.75</ele></trkpt>
      <trkpt lat="47.839812" lon="19.224973"><ele>250.75</ele></trkpt>
      <trkpt lat="47.839728" lon="19.225114"><ele>251.25</ele></trkpt>
      <trkpt lat="47.839617" lon="19.225269"><ele>251.75</ele></trkpt>
      <trkpt lat="47.839167" lon="19.225802"><ele>251.0</ele></trkpt>
      <trkpt lat="47.839001" lon="19.226017"><ele>250.25</ele></trkpt>
      <trkpt lat="47.838946" lon="19.226104"><ele>250.0</ele></trkpt>
      <trkpt lat="47.838856" lon="19.226293"><ele>249.75</ele></trkpt>
      <trkpt lat="47.838480" lon="19.227215"><ele>251.0</ele></trkpt>
      <trkpt lat="47.838018" lon="19.228384"><ele>251.0</ele></trkpt>
      <trkpt lat="47.837971" lon="19.228539"><ele>251.25</ele></trkpt>
      <trkpt lat="47.837885" lon="19.228834"><ele>252.0</ele></trkpt>
      <trkpt lat="47.837562" lon="19.230193"><ele>251.5</ele></trkpt>
      <trkpt lat="47.837500" lon="19.230511"><ele>251.0</ele></trkpt>
      <trkpt lat="47.837469" lon="19.230648"><ele>250.75</ele></trkpt>
      <trkpt lat="47.837451" lon="19.230793"><ele>250.75</ele></trkpt>
      <trkpt lat="47.837413" lon="19.231071"><ele>250.0</ele></trkpt>
      <trkpt lat="47.837338" lon="19.231726"><ele>250.0</ele></trkpt>
      <trkpt lat="47.837270" lon="19.232500"><ele>250.0</ele></trkpt>
      <trkpt lat="47.837196" lon="19.234110"><ele>250.5</ele></trkpt>
      <trkpt lat="47.837182" lon="19.234537"><ele>250.5</ele></trkpt>
      <trkpt lat="47.837162" lon="19.234825"><ele>250.0</ele></trkpt>
      <trkpt lat="47.837157" lon="19.234902"><ele>250.0</ele></trkpt>
      <trkpt lat="47.837008" lon="19.234841"><ele>250.0</ele></trkpt>
      <trkpt lat="47.836790" lon="19.234773"><ele>249.25</ele></trkpt>
      <trkpt lat="47.836611" lon="19.234719"><ele>248.75</ele></trkpt>
      <trkpt lat="47.836455" lon="19.234674"><ele>248.0</ele></trkpt>
      <trkpt lat="47.836072" lon="19.234566"><ele>248.5</ele></trkpt>
      <trkpt lat="47.835698" lon="19.234425"><ele>249.75</ele></trkpt>
      <trkpt lat="47.835460" lon="19.234334"><ele>249.75</ele></trkpt>
      <trkpt lat="47.834793" lon="19.234004"><ele>250.5</ele></trkpt>
      <trkpt lat="47.832808" lon="19.232954"><ele>257.25</ele></trkpt>
      <trkpt lat="47.831980" lon="19.232508"><ele>264.25</ele></trkpt>
      <trkpt lat="47.831794" lon="19.232432"><ele>265.25</ele></trkpt>
      <trkpt lat="47.831540" lon="19.232383"><ele>267.25</ele></trkpt>
      <trkpt lat="47.830108" lon="19.232174"><ele>282.0</ele></trkpt>
      <trkpt lat="47.828516" lon="19.232075"><ele>290.75</ele></trkpt>
      <trkpt lat="47.828202" lon="19.232078"><ele>292.25</ele></trkpt>
      <trkpt lat="47.827897" lon="19.232137"><ele>293.5</ele></trkpt>
      <trkpt lat="47.827709" lon="19.232200"><ele>293.75</ele></trkpt>
      <trkpt lat="47.827544" lon="19.232271"><ele>294.0</ele></trkpt>
      <trkpt lat="47.827324" lon="19.232390"><ele>294.75</ele></trkpt>
      <trkpt lat="47.827122" lon="19.232523"><ele>295.25</ele></trkpt>
      <trkpt lat="47.826886" lon="19.232712"><ele>295.75</ele></trkpt>
      <trkpt lat="47.826668" lon="19.232902"><ele>294.5</ele></trkpt>
      <trkpt lat="47.826625" lon="19.232939"><ele>294.0</ele></trkpt>
      <trkpt lat="47.826499" lon="19.233035"><ele>292.75</ele></trkpt>
      <trkpt lat="47.826399" lon="19.233082"><ele>292.0</ele></trkpt>
      <trkpt lat="47.826304" lon="19.233105"><ele>291.5</ele></trkpt>
      <trkpt lat="47.826116" lon="19.233106"><ele>291.0</ele></trkpt>
      <trkpt lat="47.825796" lon="19.233057"><ele>290.5</ele></trkpt>
      <trkpt lat="47.825648" lon="19.233051"><ele>289.5</ele></trkpt>
      <trkpt lat="47.825483" lon="19.233071"><ele>287.75</ele></trkpt>
      <trkpt lat="47.824764" lon="19.233129"><ele>282.0</ele></trkpt>
      <trkpt lat="47.824475" lon="19.233173"><ele>281.25</ele></trkpt>
      <trkpt lat="47.824175" lon="19.233243"><ele>278.5</ele></trkpt>
      <trkpt lat="47.823340" lon="19.233459"><ele>264.75</ele></trkpt>
      <trkpt lat="47.823115" lon="19.233502"><ele>260.75</ele></trkpt>
      <trkpt lat="47.822982" lon="19.233465"><ele>259.0</ele></trkpt>
      <trkpt lat="47.822848" lon="19.233367"><ele>257.0</ele></trkpt>
      <trkpt lat="47.822642" lon="19.233183"><ele>253.5</ele></trkpt>
      <trkpt lat="47.822475" lon="19.233091"><ele>251.75</ele></trkpt>
      <trkpt lat="47.822345" lon="19.233057"><ele>250.75</ele></trkpt>
      <trkpt lat="47.822204" lon="19.233046"><ele>249.75</ele></trkpt>
      <trkpt lat="47.821866" lon="19.233061"><ele>248.5</ele></trkpt>
      <trkpt lat="47.821658" lon="19.233105"><ele>247.75</ele></trkpt>
      <trkpt lat="47.821460" lon="19.233191"><ele>247.5</ele></trkpt>
      <trkpt lat="47.821232" lon="19.233340"><ele>247.5</ele></trkpt>
      <trkpt lat="47.820047" lon="19.234319"><ele>236.75</ele></trkpt>
      <trkpt lat="47.819845" lon="19.234497"><ele>233.75</ele></trkpt>
      <trkpt lat="47.819636" lon="19.234702"><ele>230.75</ele></trkpt>
      <trkpt lat="47.818472" lon="19.235974"><ele>215.25</ele></trkpt>
      <trkpt lat="47.818200" lon="19.236239"><ele>210.25</ele></trkpt>
      <trkpt lat="47.817946" lon="19.236427"><ele>207.5</ele></trkpt>
      <trkpt lat="47.817696" lon="19.236564"><ele>206.0</ele></trkpt>
      <trkpt lat="47.817422" lon="19.236679"><ele>203.5</ele></trkpt>
      <trkpt lat="47.816295" lon="19.237009"><ele>198.25</ele></trkpt>
      <trkpt lat="47.816142" lon="19.237077"><ele>196.25</ele></trkpt>
      <trkpt lat="47.815996" lon="19.237160"><ele>194.25</ele></trkpt>
      <trkpt lat="47.815804" lon="19.237330"><ele>191.25</ele></trkpt>
      <trkpt lat="47.815621" lon="19.237514"><ele>190.0</ele></trkpt>
      <trkpt lat="47.815087" lon="19.238171"><ele>184.5</ele></trkpt>
      <trkpt lat="47.814673" lon="19.238705"><ele>179.25</ele></trkpt>
      <trkpt lat="47.813740" lon="19.240135"><ele>170.0</ele></trkpt>
      <trkpt lat="47.812995" lon="19.241282"><ele>164.0</ele></trkpt>
      <trkpt lat="47.812768" lon="19.241641"><ele>161.75</ele></trkpt>
      <trkpt lat="47.812425" lon="19.242151"><ele>162.75</ele></trkpt>
      <trkpt lat="47.812007" lon="19.242673"><ele>160.25</ele></trkpt>
      <trkpt lat="47.811574" lon="19.243174"><ele>158.5</ele></trkpt>
      <trkpt lat="47.811352" lon="19.243392"><ele>157.75</ele></trkpt>
      <trkpt lat="47.811163" lon="19.243525"><ele>158.5</ele></trkpt>
      <trkpt lat="47.810968" lon="19.243598"><ele>159.0</ele></trkpt>
      <trkpt lat="47.810810" lon="19.243636"><ele>158.5</ele></trkpt>
      <trkpt lat="47.810651" lon="19.243694"><ele>157.5</ele></trkpt>
      <trkpt lat="47.810452" lon="19.243823"><ele>156.0</ele></trkpt>
      <trkpt lat="47.810262" lon="19.243996"><ele>155.25</ele></trkpt>
      <trkpt lat="47.809786" lon="19.244508"><ele>158.25</ele></trkpt>
      <trkpt lat="47.809319" lon="19.245042"><ele>157.5</ele></trkpt>
      <trkpt lat="47.808735" lon="19.245788"><ele>155.5</ele></trkpt>
      <trkpt lat="47.807918" lon="19.246805"><ele>155.25</ele></trkpt>
      <trkpt lat="47.807764" lon="19.247026"><ele>154.25</ele></trkpt>
      <trkpt lat="47.807603" lon="19.247292"><ele>153.5</ele></trkpt>
      <trkpt lat="47.806800" lon="19.248779"><ele>153.0</ele></trkpt>
      <trkpt lat="47.806773" lon="19.248726"><ele>153.0</ele></trkpt>
      <trkpt lat="47.806255" lon="19.247879"><ele>156.5</ele></trkpt>
      <trkpt lat="47.806175" lon="19.247797"><ele>156.0</ele></trkpt>
      <trkpt lat="47.805849" lon="19.248345"><ele>157.0</ele></trkpt>
      <trkpt lat="47.805536" lon="19.248817"><ele>156.75</ele></trkpt>
      <trkpt lat="47.804982" lon="19.249537"><ele>154.0</ele></trkpt>
      <trkpt lat="47.804868" lon="19.249678"><ele>154.0</ele></trkpt>
      <trkpt lat="47.804227" lon="19.250421"><ele>152.5</ele></trkpt>
      <trkpt lat="47.804102" lon="19.250589"><ele>151.75</ele></trkpt>
      <trkpt lat="47.803965" lon="19.250718"><ele>151.5</ele></trkpt>
      <trkpt lat="47.803572" lon="19.251072"><ele>150.5</ele></trkpt>
      <trkpt lat="47.803503" lon="19.250969"><ele>149.75</ele></trkpt>
      <trkpt lat="47.803359" lon="19.250806"><ele>149.0</ele></trkpt>
      <trkpt lat="47.803202" lon="19.250654"><ele>147.5</ele></trkpt>
      <trkpt lat="47.803130" lon="19.250564"><ele>147.25</ele></trkpt>
      <trkpt lat="47.803121" lon="19.250490"><ele>147.0</ele></trkpt>
      <trkpt lat="47.803127" lon="19.250407"><ele>147.25</ele></trkpt>
      <trkpt lat="47.803165" lon="19.250241"><ele>147.25</ele></trkpt>
      <trkpt lat="47.803210" lon="19.250081"><ele>147.5</ele></trkpt>
      <trkpt lat="47.803255" lon="19.249955"><ele>147.5</ele></trkpt>
      <trkpt lat="47.803200" lon="19.249862"><ele>147.0</ele></trkpt>
      <trkpt lat="47.803104" lon="19.249737"><ele>146.0</ele></trkpt>
      <trkpt lat="47.803069" lon="19.249692"><ele>146.0</ele></trkpt>
      <trkpt lat="47.803040" lon="19.249653"><ele>146.0</ele></trkpt>
      <trkpt lat="47.802707" lon="19.249283"><ele>147.75</ele></trkpt>
      <trkpt lat="47.803040" lon="19.249653"><ele>146.0</ele></trkpt>
      <trkpt lat="47.803069" lon="19.249692"><ele>146.0</ele></trkpt>
      <trkpt lat="47.803104" lon="19.249737"><ele>146.0</ele></trkpt>
      <trkpt lat="47.803200" lon="19.249862"><ele>147.0</ele></trkpt>
      <trkpt lat="47.803255" lon="19.249955"><ele>147.5</ele></trkpt>
      <trkpt lat="47.803210" lon="19.250081"><ele>147.5</ele></trkpt>
      <trkpt lat="47.803165" lon="19.250241"><ele>147.25</ele></trkpt>
      <trkpt lat="47.803127" lon="19.250407"><ele>147.25</ele></trkpt>
      <trkpt lat="47.803121" lon="19.250490"><ele>147.0</ele></trkpt>
      <trkpt lat="47.803130" lon="19.250564"><ele>147.25</ele></trkpt>
      <trkpt lat="47.803202" lon="19.250654"><ele>147.5</ele></trkpt>
      <trkpt lat="47.803359" lon="19.250806"><ele>149.0</ele></trkpt>
      <trkpt lat="47.803503" lon="19.250969"><ele>149.75</ele></trkpt>
      <trkpt lat="47.803572" lon="19.251072"><ele>150.5</ele></trkpt>
      <trkpt lat="47.803965" lon="19.250718"><ele>151.5</ele></trkpt>
      <trkpt lat="47.804102" lon="19.250589"><ele>151.75</ele></trkpt>
      <trkpt lat="47.804227" lon="19.250421"><ele>152.5</ele></trkpt>
      <trkpt lat="47.804868" lon="19.249678"><ele>154.0</ele></trkpt>
      <trkpt lat="47.804982" lon="19.249537"><ele>154.0</ele></trkpt>
      <trkpt lat="47.805536" lon="19.248817"><ele>156.75</ele></trkpt>
      <trkpt lat="47.805849" lon="19.248345"><ele>157.0</ele></trkpt>
      <trkpt lat="47.806175" lon="19.247797"><ele>156.0</ele></trkpt>
      <trkpt lat="47.806255" lon="19.247879"><ele>156.5</ele></trkpt>
      <trkpt lat="47.806773" lon="19.248726"><ele>153.0</ele></trkpt>
      <trkpt lat="47.806800" lon="19.248779"><ele>153.0</ele></trkpt>
      <trkpt lat="47.807603" lon="19.247292"><ele>153.5</ele></trkpt>
      <trkpt lat="47.807764" lon="19.247026"><ele>154.25</ele></trkpt>
      <trkpt lat="47.807918" lon="19.246805"><ele>155.25</ele></trkpt>
      <trkpt lat="47.808735" lon="19.245788"><ele>155.5</ele></trkpt>
      <trkpt lat="47.809319" lon="19.245042"><ele>157.5</ele></trkpt>
      <trkpt lat="47.809786" lon="19.244508"><ele>158.25</ele></trkpt>
      <trkpt lat="47.810262" lon="19.243996"><ele>155.25</ele></trkpt>
      <trkpt lat="47.810452" lon="19.243823"><ele>156.0</ele></trkpt>
      <trkpt lat="47.810651" lon="19.243694"><ele>157.5</ele></trkpt>
      <trkpt lat="47.810810" lon="19.243636"><ele>158.5</ele></trkpt>
      <trkpt lat="47.810968" lon="19.243598"><ele>159.0</ele></trkpt>
      <trkpt lat="47.811163" lon="19.243525"><ele>158.5</ele></trkpt>
      <trkpt lat="47.811352" lon="19.243392"><ele>157.75</ele></trkpt>
      <trkpt lat="47.811574" lon="19.243174"><ele>158.5</ele></trkpt>
      <trkpt lat="47.812007" lon="19.242673"><ele>160.25</ele></trkpt>
      <trkpt lat="47.812425" lon="19.242151"><ele>162.75</ele></trkpt>
      <trkpt lat="47.812768" lon="19.241641"><ele>161.75</ele></trkpt>
      <trkpt lat="47.812995" lon="19.241282"><ele>164.0</ele></trkpt>
      <trkpt lat="47.813740" lon="19.240135"><ele>170.0</ele></trkpt>
      <trkpt lat="47.814673" lon="19.238705"><ele>179.25</ele></trkpt>
      <trkpt lat="47.815087" lon="19.238171"><ele>184.5</ele></trkpt>
      <trkpt lat="47.815621" lon="19.237514"><ele>190.0</ele></trkpt>
      <trkpt lat="47.815804" lon="19.237330"><ele>191.25</ele></trkpt>
      <trkpt lat="47.815996" lon="19.237160"><ele>194.25</ele></trkpt>
      <trkpt lat="47.816142" lon="19.237077"><ele>196.25</ele></trkpt>
      <trkpt lat="47.816295" lon="19.237009"><ele>198.25</ele></trkpt>
      <trkpt lat="47.817422" lon="19.236679"><ele>203.5</ele></trkpt>
      <trkpt lat="47.817696" lon="19.236564"><ele>206.0</ele></trkpt>
      <trkpt lat="47.817946" lon="19.236427"><ele>207.5</ele></trkpt>
      <trkpt lat="47.818200" lon="19.236239"><ele>210.25</ele></trkpt>
      <trkpt lat="47.818472" lon="19.235974"><ele>215.25</ele></trkpt>
      <trkpt lat="47.819636" lon="19.234702"><ele>230.75</ele></trkpt>
      <trkpt lat="47.819845" lon="19.234497"><ele>233.75</ele></trkpt>
      <trkpt lat="47.820047" lon="19.234319"><ele>236.75</ele></trkpt>
      <trkpt lat="47.821232" lon="19.233340"><ele>247.5</ele></trkpt>
      <trkpt lat="47.821460" lon="19.233191"><ele>247.5</ele></trkpt>
      <trkpt lat="47.821658" lon="19.233105"><ele>247.75</ele></trkpt>
      <trkpt lat="47.821866" lon="19.233061"><ele>248.5</ele></trkpt>
      <trkpt lat="47.822204" lon="19.233046"><ele>249.75</ele></trkpt>
      <trkpt lat="47.822345" lon="19.233057"><ele>250.75</ele></trkpt>
      <trkpt lat="47.822475" lon="19.233091"><ele>251.75</ele></trkpt>
      <trkpt lat="47.822642" lon="19.233183"><ele>253.5</ele></trkpt>
      <trkpt lat="47.822848" lon="19.233367"><ele>257.0</ele></trkpt>
      <trkpt lat="47.822982" lon="19.233465"><ele>259.0</ele></trkpt>
      <trkpt lat="47.823115" lon="19.233502"><ele>260.75</ele></trkpt>
      <trkpt lat="47.823340" lon="19.233459"><ele>264.75</ele></trkpt>
      <trkpt lat="47.824175" lon="19.233243"><ele>278.5</ele></trkpt>
      <trkpt lat="47.824475" lon="19.233173"><ele>281.25</ele></trkpt>
      <trkpt lat="47.824764" lon="19.233129"><ele>282.0</ele></trkpt>
      <trkpt lat="47.825483" lon="19.233071"><ele>287.75</ele></trkpt>
      <trkpt lat="47.825648" lon="19.233051"><ele>289.5</ele></trkpt>
      <trkpt lat="47.825796" lon="19.233057"><ele>290.5</ele></trkpt>
      <trkpt lat="47.826116" lon="19.233106"><ele>291.0</ele></trkpt>
      <trkpt lat="47.826304" lon="19.233105"><ele>291.5</ele></trkpt>
      <trkpt lat="47.826399" lon="19.233082"><ele>292.0</ele></trkpt>
      <trkpt lat="47.826499" lon="19.233035"><ele>292.75</ele></trkpt>
      <trkpt lat="47.826625" lon="19.232939"><ele>294.0</ele></trkpt>
      <trkpt lat="47.826668" lon="19.232902"><ele>294.5</ele></trkpt>
      <trkpt lat="47.826886" lon="19.232712"><ele>295.75</ele></trkpt>
      <trkpt lat="47.827122" lon="19.232523"><ele>295.25</ele></trkpt>
      <trkpt lat="47.827324" lon="19.232390"><ele>294.75</ele></trkpt>
      <trkpt lat="47.827544" lon="19.232271"><ele>294.0</ele></trkpt>
      <trkpt lat="47.827709" lon="19.232200"><ele>293.75</ele></trkpt>
      <trkpt lat="47.827897" lon="19.232137"><ele>293.5</ele></trkpt>
      <trkpt lat="47.828202" lon="19.232078"><ele>292.25</ele></trkpt>
      <trkpt lat="47.828516" lon="19.232075"><ele>290.75</ele></trkpt>
      <trkpt lat="47.830108" lon="19.232174"><ele>282.0</ele></trkpt>
      <trkpt lat="47.831540" lon="19.232383"><ele>267.25</ele></trkpt>
      <trkpt lat="47.831794" lon="19.232432"><ele>265.25</ele></trkpt>
      <trkpt lat="47.831980" lon="19.232508"><ele>264.25</ele></trkpt>
      <trkpt lat="47.832808" lon="19.232954"><ele>257.25</ele></trkpt>
      <trkpt lat="47.834793" lon="19.234004"><ele>250.5</ele></trkpt>
      <trkpt lat="47.835460" lon="19.234334"><ele>249.75</ele></trkpt>
      <trkpt lat="47.835698" lon="19.234425"><ele>249.75</ele></trkpt>
      <trkpt lat="47.835659" lon="19.234813"><ele>249.75</ele></trkpt>
      <trkpt lat="47.835594" lon="19.235750"><ele>252.25</ele></trkpt>
      <trkpt lat="47.835521" lon="19.236950"><ele>251.0</ele></trkpt>
      <trkpt lat="47.836136" lon="19.237950"><ele>247.25</ele></trkpt>
      <trkpt lat="47.836323" lon="19.238240"><ele>247.25</ele></trkpt>
      <trkpt lat="47.837316" lon="19.238073"><ele>249.25</ele></trkpt>
      <trkpt lat="47.837348" lon="19.238229"><ele>249.25</ele></trkpt>
      <trkpt lat="47.837808" lon="19.240440"><ele>251.0</ele></trkpt>
      <trkpt lat="47.837919" lon="19.241008"><ele>252.75</ele></trkpt>
      <trkpt lat="47.837983" lon="19.241463"><ele>254.0</ele></trkpt>
      <trkpt lat="47.838019" lon="19.241872"><ele>254.5</ele></trkpt>
      <trkpt lat="47.838050" lon="19.242436"><ele>252.0</ele></trkpt>
      <trkpt lat="47.838069" lon="19.242613"><ele>252.0</ele></trkpt>
      <trkpt lat="47.838093" lon="19.242736"><ele>252.25</ele></trkpt>
      <trkpt lat="47.838118" lon="19.242808"><ele>252.25</ele></trkpt>
      <trkpt lat="47.838166" lon="19.242896"><ele>252.75</ele></trkpt>
      <trkpt lat="47.838251" lon="19.242981"><ele>253.25</ele></trkpt>
      <trkpt lat="47.838422" lon="19.243057"><ele>254.75</ele></trkpt>
      <trkpt lat="47.839614" lon="19.243323"><ele>259.25</ele></trkpt>
      <trkpt lat="47.839793" lon="19.243380"><ele>259.0</ele></trkpt>
      <trkpt lat="47.839974" lon="19.243462"><ele>260.25</ele></trkpt>
      <trkpt lat="47.840249" lon="19.243653"><ele>262.75</ele></trkpt>
      <trkpt lat="47.840366" lon="19.243754"><ele>263.75</ele></trkpt>
      <trkpt lat="47.840501" lon="19.243885"><ele>264.0</ele></trkpt>
      <trkpt lat="47.840650" lon="19.244054"><ele>263.5</ele></trkpt>
      <trkpt lat="47.840881" lon="19.244383"><ele>262.5</ele></trkpt>
      <trkpt lat="47.841156" lon="19.244793"><ele>261.5</ele></trkpt>
      <trkpt lat="47.841355" lon="19.245090"><ele>259.25</ele></trkpt>
      <trkpt lat="47.841461" lon="19.245249"><ele>258.25</ele></trkpt>
      <trkpt lat="47.841685" lon="19.245548"><ele>256.75</ele></trkpt>
      <trkpt lat="47.841943" lon="19.245808"><ele>254.0</ele></trkpt>
      <trkpt lat="47.842269" lon="19.246109"><ele>251.0</ele></trkpt>
      <trkpt lat="47.842834" lon="19.246470"><ele>251.75</ele></trkpt>
      <trkpt lat="47.843320" lon="19.246750"><ele>251.0</ele></trkpt>
      <trkpt lat="47.843462" lon="19.246823"><ele>250.5</ele></trkpt>
      <trkpt lat="47.843545" lon="19.246923"><ele>249.75</ele></trkpt>
      <trkpt lat="47.843604" lon="19.247039"><ele>249.5</ele></trkpt>
      <trkpt lat="47.843649" lon="19.247198"><ele>249.0</ele></trkpt>
      <trkpt lat="47.843831" lon="19.248036"><ele>247.5</ele></trkpt>
      <trkpt lat="47.843888" lon="19.248264"><ele>247.0</ele></trkpt>
      <trkpt lat="47.843982" lon="19.248544"><ele>245.25</ele></trkpt>
      <trkpt lat="47.844218" lon="19.249135"><ele>241.0</ele></trkpt>
      <trkpt lat="47.844585" lon="19.249874"><ele>236.5</ele></trkpt>
      <trkpt lat="47.844695" lon="19.250098"><ele>236.25</ele></trkpt>
      <trkpt lat="47.844760" lon="19.250266"><ele>236.0</ele></trkpt>
      <trkpt lat="47.844842" lon="19.250544"><ele>236.25</ele></trkpt>
      <trkpt lat="47.844948" lon="19.250988"><ele>239.25</ele></trkpt>
      <trkpt lat="47.845020" lon="19.251185"><ele>240.75</ele></trkpt>
      <trkpt lat="47.845278" lon="19.251806"><ele>246.0</ele></trkpt>
      <trkpt lat="47.845328" lon="19.251972"><ele>246.25</ele></trkpt>
      <trkpt lat="47.845385" lon="19.252249"><ele>246.25</ele></trkpt>
      <trkpt lat="47.845569" lon="19.253659"><ele>251.0</ele></trkpt>
      <trkpt lat="47.845608" lon="19.253806"><ele>251.0</ele></trkpt>
      <trkpt lat="47.845668" lon="19.253953"><ele>250.75</ele></trkpt>
      <trkpt lat="47.845726" lon="19.254056"><ele>250.25</ele></trkpt>
      <trkpt lat="47.845946" lon="19.254314"><ele>250.0</ele></trkpt>
      <trkpt lat="47.848143" lon="19.256767"><ele>257.25</ele></trkpt>
      <trkpt lat="47.848668" lon="19.257424"><ele>252.75</ele></trkpt>
      <trkpt lat="47.849084" lon="19.258028"><ele>250.25</ele></trkpt>
      <trkpt lat="47.849196" lon="19.258149"><ele>250.0</ele></trkpt>
      <trkpt lat="47.849344" lon="19.258285"><ele>250.0</ele></trkpt>
      <trkpt lat="47.849482" lon="19.258377"><ele>249.75</ele></trkpt>
      <trkpt lat="47.850503" lon="19.258918"><ele>250.75</ele></trkpt>
      <trkpt lat="47.850727" lon="19.259049"><ele>251.75</ele></trkpt>
      <trkpt lat="47.850971" lon="19.259225"><ele>254.0</ele></trkpt>
      <trkpt lat="47.851258" lon="19.259458"><ele>256.5</ele></trkpt>
      <trkpt lat="47.852110" lon="19.260221"><ele>264.0</ele></trkpt>
      <trkpt lat="47.852506" lon="19.260477"><ele>269.0</ele></trkpt>
      <trkpt lat="47.853544" lon="19.260978"><ele>272.25</ele></trkpt>
      <trkpt lat="47.853716" lon="19.261044"><ele>270.5</ele></trkpt>
      <trkpt lat="47.853894" lon="19.261086"><ele>269.0</ele></trkpt>
      <trkpt lat="47.854277" lon="19.261128"><ele>267.0</ele></trkpt>
      <trkpt lat="47.854472" lon="19.261168"><ele>265.5</ele></trkpt>
      <trkpt lat="47.854583" lon="19.261226"><ele>265.0</ele></trkpt>
      <trkpt lat="47.854686" lon="19.261316"><ele>264.25</ele></trkpt>
      <trkpt lat="47.854792" lon="19.261466"><ele>264.25</ele></trkpt>
      <trkpt lat="47.854913" lon="19.261694"><ele>264.5</ele></trkpt>
      <trkpt lat="47.855135" lon="19.262208"><ele>264.25</ele></trkpt>
      <trkpt lat="47.855316" lon="19.262546"><ele>264.0</ele></trkpt>
      <trkpt lat="47.855416" lon="19.262677"><ele>264.75</ele></trkpt>
      <trkpt lat="47.855538" lon="19.262807"><ele>265.75</ele></trkpt>
      <trkpt lat="47.856051" lon="19.263225"><ele>270.75</ele></trkpt>
      <trkpt lat="47.856264" lon="19.263420"><ele>271.75</ele></trkpt>
      <trkpt lat="47.856889" lon="19.264115"><ele>273.75</ele></trkpt>
      <trkpt lat="47.857264" lon="19.264483"><ele>273.5</ele></trkpt>
      <trkpt lat="47.857946" lon="19.265059"><ele>269.25</ele></trkpt>
      <trkpt lat="47.858316" lon="19.265323"><ele>268.75</ele></trkpt>
      <trkpt lat="47.858451" lon="19.265382"><ele>268.75</ele></trkpt>
      <trkpt lat="47.858827" lon="19.265514"><ele>268.25</ele></trkpt>
      <trkpt lat="47.858998" lon="19.265579"><ele>268.25</ele></trkpt>
      <trkpt lat="47.858571" lon="19.266222"><ele>266.25</ele></trkpt>
      <trkpt lat="47.857891" lon="19.267151"><ele>263.75</ele></trkpt>
      <trkpt lat="47.856494" lon="19.269094"><ele>259.25</ele></trkpt>
      <trkpt lat="47.856375" lon="19.269242"><ele>259.25</ele></trkpt>
      <trkpt lat="47.856179" lon="19.269428"><ele>259.75</ele></trkpt>
      <trkpt lat="47.854458" lon="19.270871"><ele>261.25</ele></trkpt>
      <trkpt lat="47.851686" lon="19.273208"><ele>259.5</ele></trkpt>
      <trkpt lat="47.851375" lon="19.273458"><ele>258.25</ele></trkpt>
      <trkpt lat="47.851225" lon="19.273623"><ele>257.75</ele></trkpt>
      <trkpt lat="47.851168" lon="19.273709"><ele>258.0</ele></trkpt>
      <trkpt lat="47.851091" lon="19.273852"><ele>258.5</ele></trkpt>
      <trkpt lat="47.850961" lon="19.274228"><ele>260.5</ele></trkpt>
      <trkpt lat="47.850836" lon="19.274627"><ele>263.5</ele></trkpt>
      <trkpt lat="47.849546" lon="19.278730"><ele>275.0</ele></trkpt>
      <trkpt lat="47.849432" lon="19.279045"><ele>276.5</ele></trkpt>
      <trkpt lat="47.849316" lon="19.279312"><ele>277.5</ele></trkpt>
      <trkpt lat="47.845971" lon="19.285556"><ele>266.0</ele></trkpt>
      <trkpt lat="47.845410" lon="19.286610"><ele>265.0</ele></trkpt>
      <trkpt lat="47.845237" lon="19.286933"><ele>263.75</ele></trkpt>
      <trkpt lat="47.844865" lon="19.287623"><ele>261.0</ele></trkpt>
      <trkpt lat="47.844764" lon="19.287843"><ele>260.25</ele></trkpt>
      <trkpt lat="47.844722" lon="19.287973"><ele>259.75</ele></trkpt>
      <trkpt lat="47.844694" lon="19.288108"><ele>259.75</ele></trkpt>
      <trkpt lat="47.844678" lon="19.288237"><ele>259.75</ele></trkpt>
      <trkpt lat="47.844664" lon="19.288465"><ele>259.25</ele></trkpt>
      <trkpt lat="47.844670" lon="19.288586"><ele>259.0</ele></trkpt>
      <trkpt lat="47.844687" lon="19.288704"><ele>258.5</ele></trkpt>
      <trkpt lat="47.844711" lon="19.288799"><ele>258.25</ele></trkpt>
      <trkpt lat="47.844750" lon="19.288886"><ele>258.0</ele></trkpt>
      <trkpt lat="47.844953" lon="19.289271"><ele>256.75</ele></trkpt>
      <trkpt lat="47.845110" lon="19.289636"><ele>255.0</ele></trkpt>
      <trkpt lat="47.845164" lon="19.289806"><ele>254.75</ele></trkpt>
      <trkpt lat="47.845248" lon="19.290106"><ele>254.0</ele></trkpt>
      <trkpt lat="47.845308" lon="19.290399"><ele>253.75</ele></trkpt>
      <trkpt lat="47.845399" lon="19.290813"><ele>254.25</ele></trkpt>
      <trkpt lat="47.845548" lon="19.291586"><ele>256.75</ele></trkpt>
      <trkpt lat="47.845602" lon="19.292002"><ele>255.75</ele></trkpt>
      <trkpt lat="47.845689" lon="19.292643"><ele>258.25</ele></trkpt>
      <trkpt lat="47.845754" lon="19.293181"><ele>257.75</ele></trkpt>
      <trkpt lat="47.845787" lon="19.293400"><ele>257.0</ele></trkpt>
      <trkpt lat="47.845794" lon="19.293458"><ele>256.75</ele></trkpt>
      <trkpt lat="47.845813" lon="19.293610"><ele>256.5</ele></trkpt>
      <trkpt lat="47.845823" lon="19.293775"><ele>255.5</ele></trkpt>
      <trkpt lat="47.845821" lon="19.293881"><ele>254.75</ele></trkpt>
      <trkpt lat="47.845809" lon="19.293987"><ele>254.5</ele></trkpt>
      <trkpt lat="47.845779" lon="19.294150"><ele>253.75</ele></trkpt>
      <trkpt lat="47.845712" lon="19.294368"><ele>253.0</ele></trkpt>
      <trkpt lat="47.845491" lon="19.294953"><ele>251.0</ele></trkpt>
      <trkpt lat="47.845262" lon="19.295500"><ele>249.0</ele></trkpt>
      <trkpt lat="47.845063" lon="19.295926"><ele>248.25</ele></trkpt>
      <trkpt lat="47.844855" lon="19.296294"><ele>247.75</ele></trkpt>
      <trkpt lat="47.844340" lon="19.297126"><ele>246.0</ele></trkpt>
      <trkpt lat="47.844020" lon="19.297647"><ele>243.5</ele></trkpt>
      <trkpt lat="47.843922" lon="19.297844"><ele>242.75</ele></trkpt>
      <trkpt lat="47.843793" lon="19.297906"><ele>243.0</ele></trkpt>
      <trkpt lat="47.843555" lon="19.298089"><ele>242.25</ele></trkpt>
      <trkpt lat="47.843530" lon="19.298160"><ele>242.0</ele></trkpt>
      <trkpt lat="47.843535" lon="19.298248"><ele>241.75</ele></trkpt>
      <trkpt lat="47.843565" lon="19.298382"><ele>241.5</ele></trkpt>
      <trkpt lat="47.843638" lon="19.298602"><ele>241.0</ele></trkpt>
      <trkpt lat="47.843147" lon="19.299354"><ele>239.75</ele></trkpt>
      <trkpt lat="47.842918" lon="19.299707"><ele>238.5</ele></trkpt>
      <trkpt lat="47.842726" lon="19.300091"><ele>237.75</ele></trkpt>
      <trkpt lat="47.842704" lon="19.300150"><ele>237.5</ele></trkpt>
      <trkpt lat="47.842689" lon="19.300217"><ele>237.5</ele></trkpt>
      <trkpt lat="47.842686" lon="19.300283"><ele>237.5</ele></trkpt>
      <trkpt lat="47.842694" lon="19.300362"><ele>237.5</ele></trkpt>
      <trkpt lat="47.842711" lon="19.300480"><ele>237.75</ele></trkpt>
      <trkpt lat="47.842775" lon="19.300746"><ele>237.25</ele></trkpt>
      <trkpt lat="47.842918" lon="19.301210"><ele>236.0</ele></trkpt>
      <trkpt lat="47.842995" lon="19.301430"><ele>236.0</ele></trkpt>
      <trkpt lat="47.843128" lon="19.301658"><ele>236.25</ele></trkpt>
      <trkpt lat="47.843611" lon="19.302314"><ele>237.75</ele></trkpt>
      <trkpt lat="47.844091" lon="19.302965"><ele>240.5</ele></trkpt>
      <trkpt lat="47.844232" lon="19.303178"><ele>241.0</ele></trkpt>
      <trkpt lat="47.844276" lon="19.303276"><ele>241.25</ele></trkpt>
      <trkpt lat="47.844372" lon="19.303555"><ele>240.75</ele></trkpt>
      <trkpt lat="47.844708" lon="19.304773"><ele>241.0</ele></trkpt>
      <trkpt lat="47.844888" lon="19.305428"><ele>241.5</ele></trkpt>
      <trkpt lat="47.845151" lon="19.306379"><ele>242.0</ele></trkpt>
      <trkpt lat="47.845260" lon="19.306753"><ele>242.5</ele></trkpt>
      <trkpt lat="47.845815" lon="19.308739"><ele>241.75</ele></trkpt>
      <trkpt lat="47.845843" lon="19.308882"><ele>242.0</ele></trkpt>
      <trkpt lat="47.845872" lon="19.309049"><ele>242.25</ele></trkpt>
      <trkpt lat="47.845912" lon="19.309350"><ele>242.25</ele></trkpt>
      <trkpt lat="47.845974" lon="19.309923"><ele>244.0</ele></trkpt>
      <trkpt lat="47.845991" lon="19.310170"><ele>245.25</ele></trkpt>
      <trkpt lat="47.845996" lon="19.310559"><ele>246.75</ele></trkpt>
      <trkpt lat="47.845987" lon="19.312423"><ele>249.75</ele></trkpt>
      <trkpt lat="47.845929" lon="19.314159"><ele>250.5</ele></trkpt>
      <trkpt lat="47.845899" lon="19.314691"><ele>251.0</ele></trkpt>
      <trkpt lat="47.845865" lon="19.315022"><ele>252.0</ele></trkpt>
      <trkpt lat="47.845823" lon="19.315272"><ele>252.75</ele></trkpt>
      <trkpt lat="47.845749" lon="19.315588"><ele>253.75</ele></trkpt>
      <trkpt lat="47.845324" lon="19.317201"><ele>267.5</ele></trkpt>
      <trkpt lat="47.845006" lon="19.318291"><ele>271.75</ele></trkpt>
      <trkpt lat="47.844837" lon="19.318896"><ele>274.5</ele></trkpt>
      <trkpt lat="47.844762" lon="19.319199"><ele>275.0</ele></trkpt>
      <trkpt lat="47.844736" lon="19.319618"><ele>275.0</ele></trkpt>
      <trkpt lat="47.844699" lon="19.320067"><ele>274.75</ele></trkpt>
      <trkpt lat="47.844542" lon="19.321189"><ele>277.25</ele></trkpt>
      <trkpt lat="47.844470" lon="19.321675"><ele>280.0</ele></trkpt>
      <trkpt lat="47.843871" lon="19.324454"><ele>288.75</ele></trkpt>
      <trkpt lat="47.843578" lon="19.325667"><ele>295.75</ele></trkpt>
      <trkpt lat="47.843500" lon="19.325984"><ele>295.75</ele></trkpt>
      <trkpt lat="47.843456" lon="19.326106"><ele>295.5</ele></trkpt>
      <trkpt lat="47.843351" lon="19.326306"><ele>295.0</ele></trkpt>
      <trkpt lat="47.843250" lon="19.326541"><ele>294.5</ele></trkpt>
      <trkpt lat="47.843223" lon="19.326614"><ele>294.25</ele></trkpt>
      <trkpt lat="47.843210" lon="19.326682"><ele>294.25</ele></trkpt>
      <trkpt lat="47.843205" lon="19.326942"><ele>294.25</ele></trkpt>
      <trkpt lat="47.843221" lon="19.327094"><ele>294.0</ele></trkpt>
      <trkpt lat="47.843294" lon="19.327761"><ele>293.25</ele></trkpt>
      <trkpt lat="47.843334" lon="19.328372"><ele>292.5</ele></trkpt>
      <trkpt lat="47.843362" lon="19.328635"><ele>290.5</ele></trkpt>
      <trkpt lat="47.843403" lon="19.328936"><ele>288.5</ele></trkpt>
      <trkpt lat="47.843797" lon="19.330676"><ele>278.0</ele></trkpt>
      <trkpt lat="47.843824" lon="19.330820"><ele>276.5</ele></trkpt>
      <trkpt lat="47.843938" lon="19.331455"><ele>274.75</ele></trkpt>
      <trkpt lat="47.844132" lon="19.332912"><ele>269.0</ele></trkpt>
      <trkpt lat="47.844190" lon="19.333447"><ele>268.5</ele></trkpt>
      <trkpt lat="47.844192" lon="19.333600"><ele>268.0</ele></trkpt>
      <trkpt lat="47.844187" lon="19.333717"><ele>267.5</ele></trkpt>
      <trkpt lat="47.844170" lon="19.333809"><ele>267.25</ele></trkpt>
      <trkpt lat="47.844072" lon="19.334162"><ele>264.5</ele></trkpt>
      <trkpt lat="47.843952" lon="19.334545"><ele>263.5</ele></trkpt>
      <trkpt lat="47.843439" lon="19.335990"><ele>256.25</ele></trkpt>
      <trkpt lat="47.843380" lon="19.336188"><ele>254.75</ele></trkpt>
      <trkpt lat="47.843330" lon="19.336432"><ele>254.0</ele></trkpt>
      <trkpt lat="47.843085" lon="19.337976"><ele>251.0</ele></trkpt>
      <trkpt lat="47.843015" lon="19.338305"><ele>250.0</ele></trkpt>
      <trkpt lat="47.842880" lon="19.338711"><ele>247.25</ele></trkpt>
      <trkpt lat="47.842567" lon="19.339608"><ele>240.75</ele></trkpt>
      <trkpt lat="47.842472" lon="19.339950"><ele>238.0</ele></trkpt>
      <trkpt lat="47.842401" lon="19.340312"><ele>236.25</ele></trkpt>
      <trkpt lat="47.842350" lon="19.340657"><ele>236.0</ele></trkpt>
      <trkpt lat="47.842317" lon="19.340929"><ele>234.75</ele></trkpt>
      <trkpt lat="47.842282" lon="19.341398"><ele>231.25</ele></trkpt>
      <trkpt lat="47.842261" lon="19.341887"><ele>229.25</ele></trkpt>
      <trkpt lat="47.842226" lon="19.342264"><ele>228.0</ele></trkpt>
      <trkpt lat="47.842201" lon="19.342406"><ele>227.75</ele></trkpt>
      <trkpt lat="47.842146" lon="19.342646"><ele>227.25</ele></trkpt>
      <trkpt lat="47.842091" lon="19.342852"><ele>227.25</ele></trkpt>
      <trkpt lat="47.842021" lon="19.343060"><ele>227.5</ele></trkpt>
      <trkpt lat="47.841485" lon="19.344419"><ele>224.5</ele></trkpt>
      <trkpt lat="47.841403" lon="19.344657"><ele>225.5</ele></trkpt>
      <trkpt lat="47.841168" lon="19.345484"><ele>226.5</ele></trkpt>
      <trkpt lat="47.841120" lon="19.345631"><ele>226.0</ele></trkpt>
      <trkpt lat="47.841048" lon="19.345822"><ele>225.5</ele></trkpt>
      <trkpt lat="47.840585" lon="19.346831"><ele>223.0</ele></trkpt>
      <trkpt lat="47.840247" lon="19.347580"><ele>220.5</ele></trkpt>
      <trkpt lat="47.840146" lon="19.347863"><ele>219.75</ele></trkpt>
      <trkpt lat="47.840087" lon="19.348052"><ele>219.5</ele></trkpt>
      <trkpt lat="47.840040" lon="19.348241"><ele>219.75</ele></trkpt>
      <trkpt lat="47.839794" lon="19.349564"><ele>217.25</ele></trkpt>
      <trkpt lat="47.839485" lon="19.350733"><ele>213.5</ele></trkpt>
      <trkpt lat="47.839466" lon="19.350853"><ele>212.75</ele></trkpt>
      <trkpt lat="47.839448" lon="19.351037"><ele>212.0</ele></trkpt>
      <trkpt lat="47.839343" lon="19.352208"><ele>202.25</ele></trkpt>
      <trkpt lat="47.839315" lon="19.352445"><ele>200.0</ele></trkpt>
      <trkpt lat="47.839222" lon="19.352905"><ele>196.75</ele></trkpt>
      <trkpt lat="47.839142" lon="19.353203"><ele>195.0</ele></trkpt>
      <trkpt lat="47.838940" lon="19.353688"><ele>190.75</ele></trkpt>
      <trkpt lat="47.838882" lon="19.353867"><ele>189.0</ele></trkpt>
      <trkpt lat="47.838838" lon="19.354040"><ele>187.25</ele></trkpt>
      <trkpt lat="47.838824" lon="19.354137"><ele>184.0</ele></trkpt>
      <trkpt lat="47.838748" lon="19.354706"><ele>184.0</ele></trkpt>
      <trkpt lat="47.838747" lon="19.354770"><ele>183.75</ele></trkpt>
      <trkpt lat="47.838761" lon="19.354817"><ele>183.5</ele></trkpt>
      <trkpt lat="47.838793" lon="19.354873"><ele>183.25</ele></trkpt>
      <trkpt lat="47.838827" lon="19.354901"><ele>183.25</ele></trkpt>
      <trkpt lat="47.839069" lon="19.355036"><ele>182.75</ele></trkpt>
      <trkpt lat="47.839193" lon="19.355097"><ele>182.5</ele></trkpt>
      <trkpt lat="47.839735" lon="19.355090"><ele>182.5</ele></trkpt>
      <trkpt lat="47.839828" lon="19.355128"><ele>182.5</ele></trkpt>
      <trkpt lat="47.839856" lon="19.355227"><ele>182.0</ele></trkpt>
      <trkpt lat="47.839853" lon="19.355565"><ele>181.25</ele></trkpt>
      <trkpt lat="47.839866" lon="19.355959"><ele>180.0</ele></trkpt>
      <trkpt lat="47.839900" lon="19.356113"><ele>179.5</ele></trkpt>
      <trkpt lat="47.839939" lon="19.356220"><ele>179.75</ele></trkpt>
      <trkpt lat="47.840023" lon="19.356361"><ele>180.0</ele></trkpt>
      <trkpt lat="47.840172" lon="19.356469"><ele>181.25</ele></trkpt>
      <trkpt lat="47.841436" lon="19.356946"><ele>182.5</ele></trkpt>
      <trkpt lat="47.841534" lon="19.357008"><ele>182.5</ele></trkpt>
      <trkpt lat="47.841617" lon="19.357077"><ele>182.25</ele></trkpt>
      <trkpt lat="47.841672" lon="19.357142"><ele>182.25</ele></trkpt>
      <trkpt lat="47.842055" lon="19.357812"><ele>181.0</ele></trkpt>
      <trkpt lat="47.842137" lon="19.357921"><ele>181.0</ele></trkpt>
      <trkpt lat="47.842229" lon="19.358000"><ele>181.0</ele></trkpt>
      <trkpt lat="47.842314" lon="19.358040"><ele>181.25</ele></trkpt>
      <trkpt lat="47.842528" lon="19.358084"><ele>182.5</ele></trkpt>
      <trkpt lat="47.843003" lon="19.358092"><ele>188.0</ele></trkpt>
      <trkpt lat="47.843506" lon="19.358228"><ele>190.0</ele></trkpt>
      <trkpt lat="47.844209" lon="19.358533"><ele>193.25</ele></trkpt>
      <trkpt lat="47.844395" lon="19.358614"><ele>193.25</ele></trkpt>
      <trkpt lat="47.844613" lon="19.358770"><ele>193.0</ele></trkpt>
      <trkpt lat="47.844772" lon="19.358943"><ele>193.75</ele></trkpt>
      <trkpt lat="47.844866" lon="19.359137"><ele>196.0</ele></trkpt>
      <trkpt lat="47.844934" lon="19.359383"><ele>196.75</ele></trkpt>
      <trkpt lat="47.845162" lon="19.361006"><ele>196.25</ele></trkpt>
      <trkpt lat="47.845525" lon="19.363442"><ele>205.75</ele></trkpt>
      <trkpt lat="47.845570" lon="19.363690"><ele>206.25</ele></trkpt>
      <trkpt lat="47.845633" lon="19.363907"><ele>208.0</ele></trkpt>
      <trkpt lat="47.845682" lon="19.364023"><ele>209.5</ele></trkpt>
      <trkpt lat="47.845816" lon="19.364239"><ele>212.75</ele></trkpt>
      <trkpt lat="47.845886" lon="19.364352"><ele>214.75</ele></trkpt>
      <trkpt lat="47.845982" lon="19.364449"><ele>216.5</ele></trkpt>
      <trkpt lat="47.846146" lon="19.364557"><ele>218.75</ele></trkpt>
      <trkpt lat="47.846284" lon="19.364616"><ele>219.75</ele></trkpt>
      <trkpt lat="47.847008" lon="19.364722"><ele>221.25</ele></trkpt>
      <trkpt lat="47.847149" lon="19.364761"><ele>222.5</ele></trkpt>
      <trkpt lat="47.847231" lon="19.364805"><ele>223.25</ele></trkpt>
      <trkpt lat="47.847381" lon="19.364931"><ele>225.25</ele></trkpt>
      <trkpt lat="47.847467" lon="19.365065"><ele>227.0</ele></trkpt>
      <trkpt lat="47.847512" lon="19.365195"><ele>228.5</ele></trkpt>
      <trkpt lat="47.847533" lon="19.365297"><ele>229.5</ele></trkpt>
      <trkpt lat="47.847546" lon="19.365522"><ele>230.25</ele></trkpt>
      <trkpt lat="47.847527" lon="19.367089"><ele>242.0</ele></trkpt>
      <trkpt lat="47.847497" lon="19.367528"><ele>243.25</ele></trkpt>
      <trkpt lat="47.847427" lon="19.368189"><ele>247.0</ele></trkpt>
      <trkpt lat="47.847406" lon="19.368657"><ele>247.0</ele></trkpt>
      <trkpt lat="47.847415" lon="19.368882"><ele>247.5</ele></trkpt>
      <trkpt lat="47.847453" lon="19.369144"><ele>247.75</ele></trkpt>
      <trkpt lat="47.847639" lon="19.369827"><ele>249.0</ele></trkpt>
      <trkpt lat="47.847747" lon="19.371281"><ele>245.75</ele></trkpt>
      <trkpt lat="47.847752" lon="19.371505"><ele>245.75</ele></trkpt>
      <trkpt lat="47.847741" lon="19.371986"><ele>244.75</ele></trkpt>
      <trkpt lat="47.847709" lon="19.372261"><ele>244.0</ele></trkpt>
      <trkpt lat="47.847615" lon="19.372707"><ele>241.75</ele></trkpt>
      <trkpt lat="47.847376" lon="19.373726"><ele>239.75</ele></trkpt>
      <trkpt lat="47.847294" lon="19.374143"><ele>235.5</ele></trkpt>
      <trkpt lat="47.847216" lon="19.374608"><ele>233.5</ele></trkpt>
      <trkpt lat="47.846800" lon="19.377127"><ele>232.0</ele></trkpt>
      <trkpt lat="47.846740" lon="19.377360"><ele>230.75</ele></trkpt>
      <trkpt lat="47.846616" lon="19.377713"><ele>229.0</ele></trkpt>
      <trkpt lat="47.846508" lon="19.377952"><ele>228.5</ele></trkpt>
      <trkpt lat="47.846443" lon="19.378072"><ele>228.75</ele></trkpt>
      <trkpt lat="47.846378" lon="19.378181"><ele>228.5</ele></trkpt>
      <trkpt lat="47.846259" lon="19.378356"><ele>227.75</ele></trkpt>
      <trkpt lat="47.846043" lon="19.378649"><ele>226.5</ele></trkpt>
      <trkpt lat="47.845313" lon="19.379450"><ele>222.25</ele></trkpt>
      <trkpt lat="47.845245" lon="19.379540"><ele>221.5</ele></trkpt>
      <trkpt lat="47.845130" lon="19.379726"><ele>220.75</ele></trkpt>
      <trkpt lat="47.845037" lon="19.379923"><ele>220.75</ele></trkpt>
      <trkpt lat="47.844965" lon="19.380126"><ele>220.25</ele></trkpt>
      <trkpt lat="47.844917" lon="19.380314"><ele>220.0</ele></trkpt>
      <trkpt lat="47.844902" lon="19.380414"><ele>220.25</ele></trkpt>
      <trkpt lat="47.844889" lon="19.380636"><ele>220.25</ele></trkpt>
      <trkpt lat="47.844918" lon="19.380932"><ele>219.75</ele></trkpt>
      <trkpt lat="47.845099" lon="19.381752"><ele>215.5</ele></trkpt>
      <trkpt lat="47.845191" lon="19.382267"><ele>211.25</ele></trkpt>
      <trkpt lat="47.845271" lon="19.382878"><ele>207.25</ele></trkpt>
      <trkpt lat="47.845404" lon="19.384025"><ele>199.0</ele></trkpt>
      <trkpt lat="47.845422" lon="19.384215"><ele>197.5</ele></trkpt>
      <trkpt lat="47.845428" lon="19.384445"><ele>195.75</ele></trkpt>
      <trkpt lat="47.845414" lon="19.385298"><ele>189.75</ele></trkpt>
      <trkpt lat="47.845417" lon="19.385493"><ele>188.75</ele></trkpt>
      <trkpt lat="47.845445" lon="19.385947"><ele>185.25</ele></trkpt>
      <trkpt lat="47.845468" lon="19.386306"><ele>183.0</ele></trkpt>
      <trkpt lat="47.845469" lon="19.386387"><ele>182.5</ele></trkpt>
      <trkpt lat="47.845456" lon="19.386653"><ele>181.5</ele></trkpt>
      <trkpt lat="47.845441" lon="19.386768"><ele>181.0</ele></trkpt>
      <trkpt lat="47.845431" lon="19.386906"><ele>180.0</ele></trkpt>
      <trkpt lat="47.845428" lon="19.387085"><ele>179.25</ele></trkpt>
      <trkpt lat="47.845440" lon="19.387242"><ele>178.75</ele></trkpt>
      <trkpt lat="47.845478" lon="19.387549"><ele>178.0</ele></trkpt>
      <trkpt lat="47.845563" lon="19.388202"><ele>178.0</ele></trkpt>
      <trkpt lat="47.845571" lon="19.388309"><ele>178.0</ele></trkpt>
      <trkpt lat="47.845579" lon="19.388428"><ele>178.0</ele></trkpt>
      <trkpt lat="47.845468" lon="19.388380"><ele>177.5</ele></trkpt>
      <trkpt lat="47.845379" lon="19.388362"><ele>177.25</ele></trkpt>
      <trkpt lat="47.845023" lon="19.388334"><ele>176.75</ele></trkpt>
      <trkpt lat="47.844820" lon="19.388332"><ele>177.0</ele></trkpt>
      <trkpt lat="47.844705" lon="19.388340"><ele>176.75</ele></trkpt>
      <trkpt lat="47.844229" lon="19.388383"><ele>176.0</ele></trkpt>
      <trkpt lat="47.840967" lon="19.389237"><ele>178.25</ele></trkpt>
      <trkpt lat="47.840723" lon="19.389296"><ele>177.75</ele></trkpt>
      <trkpt lat="47.840470" lon="19.389334"><ele>177.0</ele></trkpt>
      <trkpt lat="47.839598" lon="19.389349"><ele>176.25</ele></trkpt>
      <trkpt lat="47.835751" lon="19.389882"><ele>175.25</ele></trkpt>
      <trkpt lat="47.835574" lon="19.389924"><ele>175.0</ele></trkpt>
      <trkpt lat="47.835171" lon="19.390047"><ele>176.0</ele></trkpt>
      <trkpt lat="47.834938" lon="19.390137"><ele>177.0</ele></trkpt>
      <trkpt lat="47.834839" lon="19.390187"><ele>176.75</ele></trkpt>
      <trkpt lat="47.834555" lon="19.390364"><ele>176.0</ele></trkpt>
      <trkpt lat="47.832654" lon="19.391643"><ele>173.5</ele></trkpt>
      <trkpt lat="47.831443" lon="19.392393"><ele>173.5</ele></trkpt>
      <trkpt lat="47.830669" lon="19.392722"><ele>173.5</ele></trkpt>
      <trkpt lat="47.830083" lon="19.392963"><ele>174.0</ele></trkpt>
      <trkpt lat="47.829774" lon="19.393051"><ele>174.0</ele></trkpt>
      <trkpt lat="47.829459" lon="19.393107"><ele>173.5</ele></trkpt>
      <trkpt lat="47.829240" lon="19.393129"><ele>172.0</ele></trkpt>
      <trkpt lat="47.829001" lon="19.393121"><ele>171.0</ele></trkpt>
      <trkpt lat="47.828601" lon="19.393053"><ele>172.0</ele></trkpt>
      <trkpt lat="47.828159" lon="19.392956"><ele>172.0</ele></trkpt>
      <trkpt lat="47.827781" lon="19.392890"><ele>172.0</ele></trkpt>
      <trkpt lat="47.827639" lon="19.392878"><ele>172.0</ele></trkpt>
      <trkpt lat="47.827520" lon="19.392885"><ele>172.0</ele></trkpt>
      <trkpt lat="47.827337" lon="19.392925"><ele>171.5</ele></trkpt>
      <trkpt lat="47.827126" lon="19.393007"><ele>171.0</ele></trkpt>
      <trkpt lat="47.826926" lon="19.393118"><ele>170.75</ele></trkpt>
      <trkpt lat="47.826597" lon="19.393340"><ele>169.75</ele></trkpt>
      <trkpt lat="47.826048" lon="19.393735"><ele>169.25</ele></trkpt>
      <trkpt lat="47.825070" lon="19.394306"><ele>168.75</ele></trkpt>
      <trkpt lat="47.824869" lon="19.394396"><ele>168.0</ele></trkpt>
      <trkpt lat="47.824730" lon="19.394434"><ele>168.0</ele></trkpt>
      <trkpt lat="47.824525" lon="19.394476"><ele>168.5</ele></trkpt>
      <trkpt lat="47.824246" lon="19.394512"><ele>169.0</ele></trkpt>
      <trkpt lat="47.823898" lon="19.394500"><ele>169.0</ele></trkpt>
      <trkpt lat="47.823682" lon="19.394462"><ele>169.5</ele></trkpt>
      <trkpt lat="47.823189" lon="19.394325"><ele>169.5</ele></trkpt>
      <trkpt lat="47.822415" lon="19.394085"><ele>171.0</ele></trkpt>
      <trkpt lat="47.822064" lon="19.393952"><ele>171.0</ele></trkpt>
      <trkpt lat="47.821874" lon="19.393884"><ele>171.25</ele></trkpt>
      <trkpt lat="47.821290" lon="19.393583"><ele>171.5</ele></trkpt>
      <trkpt lat="47.820553" lon="19.393128"><ele>170.25</ele></trkpt>
      <trkpt lat="47.820195" lon="19.392883"><ele>170.25</ele></trkpt>
      <trkpt lat="47.820080" lon="19.392774"><ele>170.25</ele></trkpt>
      <trkpt lat="47.819969" lon="19.392641"><ele>170.75</ele></trkpt>
      <trkpt lat="47.819902" lon="19.392529"><ele>171.0</ele></trkpt>
      <trkpt lat="47.819793" lon="19.392322"><ele>171.5</ele></trkpt>
      <trkpt lat="47.819715" lon="19.392151"><ele>171.75</ele></trkpt>
      <trkpt lat="47.819610" lon="19.391860"><ele>171.25</ele></trkpt>
      <trkpt lat="47.819143" lon="19.390529"><ele>171.5</ele></trkpt>
      <trkpt lat="47.818935" lon="19.389931"><ele>171.0</ele></trkpt>
      <trkpt lat="47.818832" lon="19.389707"><ele>171.0</ele></trkpt>
      <trkpt lat="47.818751" lon="19.389578"><ele>171.75</ele></trkpt>
      <trkpt lat="47.818675" lon="19.389484"><ele>172.0</ele></trkpt>
      <trkpt lat="47.818529" lon="19.389340"><ele>172.75</ele></trkpt>
      <trkpt lat="47.818365" lon="19.389208"><ele>173.5</ele></trkpt>
      <trkpt lat="47.818181" lon="19.389084"><ele>173.75</ele></trkpt>
      <trkpt lat="47.818090" lon="19.389036"><ele>173.5</ele></trkpt>
      <trkpt lat="47.817960" lon="19.388986"><ele>173.5</ele></trkpt>
      <trkpt lat="47.817767" lon="19.388958"><ele>173.5</ele></trkpt>
      <trkpt lat="47.817531" lon="19.388980"><ele>173.75</ele></trkpt>
      <trkpt lat="47.817400" lon="19.389010"><ele>173.25</ele></trkpt>
      <trkpt lat="47.817098" lon="19.389133"><ele>172.0</ele></trkpt>
      <trkpt lat="47.816494" lon="19.389424"><ele>172.75</ele></trkpt>
      <trkpt lat="47.815861" lon="19.389750"><ele>172.5</ele></trkpt>
      <trkpt lat="47.815731" lon="19.389815"><ele>171.75</ele></trkpt>
      <trkpt lat="47.815538" lon="19.389894"><ele>170.5</ele></trkpt>
      <trkpt lat="47.815379" lon="19.389939"><ele>169.0</ele></trkpt>
      <trkpt lat="47.815284" lon="19.389945"><ele>168.0</ele></trkpt>
      <trkpt lat="47.815104" lon="19.389930"><ele>168.25</ele></trkpt>
      <trkpt lat="47.814536" lon="19.389732"><ele>167.75</ele></trkpt>
      <trkpt lat="47.814184" lon="19.389595"><ele>168.75</ele></trkpt>
      <trkpt lat="47.813857" lon="19.389433"><ele>167.75</ele></trkpt>
      <trkpt lat="47.813536" lon="19.389220"><ele>166.75</ele></trkpt>
      <trkpt lat="47.813356" lon="19.389072"><ele>165.5</ele></trkpt>
      <trkpt lat="47.813165" lon="19.388880"><ele>165.25</ele></trkpt>
      <trkpt lat="47.812741" lon="19.388395"><ele>167.25</ele></trkpt>
      <trkpt lat="47.812247" lon="19.387884"><ele>165.5</ele></trkpt>
      <trkpt lat="47.812076" lon="19.387740"><ele>165.0</ele></trkpt>
      <trkpt lat="47.811931" lon="19.387653"><ele>164.25</ele></trkpt>
      <trkpt lat="47.811805" lon="19.387594"><ele>165.0</ele></trkpt>
      <trkpt lat="47.811717" lon="19.387568"><ele>165.5</ele></trkpt>
      <trkpt lat="47.811612" lon="19.387561"><ele>165.75</ele></trkpt>
      <trkpt lat="47.811365" lon="19.387566"><ele>166.5</ele></trkpt>
      <trkpt lat="47.811111" lon="19.387612"><ele>165.5</ele></trkpt>
      <trkpt lat="47.811027" lon="19.387634"><ele>165.0</ele></trkpt>
      <trkpt lat="47.810915" lon="19.387678"><ele>164.5</ele></trkpt>
      <trkpt lat="47.810401" lon="19.387994"><ele>164.25</ele></trkpt>
      <trkpt lat="47.810249" lon="19.388070"><ele>163.75</ele></trkpt>
      <trkpt lat="47.810132" lon="19.388104"><ele>163.5</ele></trkpt>
      <trkpt lat="47.809900" lon="19.388134"><ele>163.25</ele></trkpt>
      <trkpt lat="47.809577" lon="19.388121"><ele>163.0</ele></trkpt>
      <trkpt lat="47.809447" lon="19.388103"><ele>163.0</ele></trkpt>
      <trkpt lat="47.808996" lon="19.387978"><ele>162.25</ele></trkpt>
      <trkpt lat="47.808050" lon="19.387675"><ele>161.0</ele></trkpt>
      <trkpt lat="47.807543" lon="19.387526"><ele>161.75</ele></trkpt>
      <trkpt lat="47.807221" lon="19.387432"><ele>164.0</ele></trkpt>
      <trkpt lat="47.806723" lon="19.387275"><ele>163.0</ele></trkpt>
      <trkpt lat="47.806150" lon="19.387097"><ele>163.75</ele></trkpt>
      <trkpt lat="47.805954" lon="19.387024"><ele>164.0</ele></trkpt>
      <trkpt lat="47.804979" lon="19.386509"><ele>162.5</ele></trkpt>
      <trkpt lat="47.804620" lon="19.386320"><ele>164.5</ele></trkpt>
      <trkpt lat="47.803868" lon="19.385980"><ele>167.0</ele></trkpt>
      <trkpt lat="47.803036" lon="19.385626"><ele>170.75</ele></trkpt>
      <trkpt lat="47.801359" lon="19.384921"><ele>168.25</ele></trkpt>
      <trkpt lat="47.801206" lon="19.384857"><ele>168.75</ele></trkpt>
      <trkpt lat="47.800122" lon="19.384393"><ele>169.5</ele></trkpt>
      <trkpt lat="47.799333" lon="19.384077"><ele>164.25</ele></trkpt>
      <trkpt lat="47.798808" lon="19.383862"><ele>160.5</ele></trkpt>
      <trkpt lat="47.798685" lon="19.383800"><ele>160.25</ele></trkpt>
      <trkpt lat="47.798560" lon="19.383707"><ele>159.5</ele></trkpt>
      <trkpt lat="47.798452" lon="19.383597"><ele>158.75</ele></trkpt>
      <trkpt lat="47.798347" lon="19.383461"><ele>158.0</ele></trkpt>
      <trkpt lat="47.798047" lon="19.382975"><ele>156.75</ele></trkpt>
      <trkpt lat="47.798010" lon="19.382912"><ele>156.75</ele></trkpt>
      <trkpt lat="47.797934" lon="19.382785"><ele>156.5</ele></trkpt>
      <trkpt lat="47.797467" lon="19.382037"><ele>155.75</ele></trkpt>
      <trkpt lat="47.797355" lon="19.381886"><ele>157.25</ele></trkpt>
      <trkpt lat="47.797143" lon="19.381632"><ele>159.0</ele></trkpt>
      <trkpt lat="47.797031" lon="19.381503"><ele>159.75</ele></trkpt>
      <trkpt lat="47.797009" lon="19.381479"><ele>159.75</ele></trkpt>
      <trkpt lat="47.797031" lon="19.381503"><ele>159.75</ele></trkpt>
      <trkpt lat="47.797143" lon="19.381632"><ele>159.0</ele></trkpt>
      <trkpt lat="47.797355" lon="19.381886"><ele>157.25</ele></trkpt>
      <trkpt lat="47.797467" lon="19.382037"><ele>155.75</ele></trkpt>
      <trkpt lat="47.797934" lon="19.382785"><ele>156.5</ele></trkpt>
      <trkpt lat="47.798010" lon="19.382912"><ele>156.75</ele></trkpt>
      <trkpt lat="47.798047" lon="19.382975"><ele>156.75</ele></trkpt>
      <trkpt lat="47.798347" lon="19.383461"><ele>158.0</ele></trkpt>
      <trkpt lat="47.798452" lon="19.383597"><ele>158.75</ele></trkpt>
      <trkpt lat="47.798560" lon="19.383707"><ele>159.5</ele></trkpt>
      <trkpt lat="47.798685" lon="19.383800"><ele>160.25</ele></trkpt>
      <trkpt lat="47.798808" lon="19.383862"><ele>160.5</ele></trkpt>
      <trkpt lat="47.799333" lon="19.384077"><ele>164.25</ele></trkpt>
      <trkpt lat="47.800122" lon="19.384393"><ele>169.5</ele></trkpt>
      <trkpt lat="47.801206" lon="19.384857"><ele>168.75</ele></trkpt>
      <trkpt lat="47.801119" lon="19.385509"><ele>165.0</ele></trkpt>
      <trkpt lat="47.801120" lon="19.385576"><ele>164.75</ele></trkpt>
      <trkpt lat="47.801129" lon="19.385618"><ele>164.75</ele></trkpt>
      <trkpt lat="47.801151" lon="19.385665"><ele>164.5</ele></trkpt>
      <trkpt lat="47.801213" lon="19.385736"><ele>164.5</ele></trkpt>
      <trkpt lat="47.801188" lon="19.385782"><ele>164.25</ele></trkpt>
      <trkpt lat="47.801183" lon="19.385807"><ele>164.25</ele></trkpt>
      <trkpt lat="47.801168" lon="19.385986"><ele>163.5</ele></trkpt>
      <trkpt lat="47.801100" lon="19.385969"><ele>163.25</ele></trkpt>
      <trkpt lat="47.801095" lon="19.386019"><ele>163.25</ele></trkpt>
      <trkpt lat="47.801093" lon="19.386041"><ele>163.0</ele></trkpt>
      <trkpt lat="47.801089" lon="19.386074"><ele>163.0</ele></trkpt>
      <trkpt lat="47.801085" lon="19.386108"><ele>162.75</ele></trkpt>
      <trkpt lat="47.801097" lon="19.386111"><ele>163.0</ele></trkpt>
      <trkpt lat="47.801085" lon="19.386108"><ele>162.75</ele></trkpt>
      <trkpt lat="47.800996" lon="19.386085"><ele>162.5</ele></trkpt>
      <trkpt lat="47.800824" lon="19.386041"><ele>162.25</ele></trkpt>
      <trkpt lat="47.800813" lon="19.386075"><ele>162.0</ele></trkpt>
      <trkpt lat="47.800803" lon="19.386103"><ele>161.75</ele></trkpt>
      <trkpt lat="47.800761" lon="19.386298"><ele>160.25</ele></trkpt>
      <trkpt lat="47.800728" lon="19.386365"><ele>159.75</ele></trkpt>
      <trkpt lat="47.800544" lon="19.386521"><ele>158.5</ele></trkpt>
      <trkpt lat="47.800308" lon="19.386800"><ele>157.75</ele></trkpt>
      <trkpt lat="47.800087" lon="19.386976"><ele>157.75</ele></trkpt>
      <trkpt lat="47.800021" lon="19.387094"><ele>157.25</ele></trkpt>
      <trkpt lat="47.800010" lon="19.387214"><ele>157.0</ele></trkpt>
      <trkpt lat="47.799997" lon="19.387261"><ele>156.75</ele></trkpt>
      <trkpt lat="47.798847" lon="19.386782"><ele>156.75</ele></trkpt>
      <trkpt lat="47.798814" lon="19.387693"><ele>157.0</ele></trkpt>
      <trkpt lat="47.798766" lon="19.389698"><ele>166.25</ele></trkpt>
      <trkpt lat="47.797698" lon="19.389655"><ele>166.5</ele></trkpt>
      <trkpt lat="47.796972" lon="19.389583"><ele>166.25</ele></trkpt>
      <trkpt lat="47.796643" lon="19.389525"><ele>165.5</ele></trkpt>
      <trkpt lat="47.796438" lon="19.389532"><ele>164.25</ele></trkpt>
      <trkpt lat="47.796223" lon="19.389553"><ele>165.0</ele></trkpt>
      <trkpt lat="47.796013" lon="19.389525"><ele>166.25</ele></trkpt>
      <trkpt lat="47.795705" lon="19.389432"><ele>166.75</ele></trkpt>
      <trkpt lat="47.795001" lon="19.389089"><ele>162.0</ele></trkpt>
      <trkpt lat="47.794753" lon="19.389016"><ele>164.25</ele></trkpt>
      <trkpt lat="47.794618" lon="19.389021"><ele>165.5</ele></trkpt>
      <trkpt lat="47.794215" lon="19.389176"><ele>168.5</ele></trkpt>
      <trkpt lat="47.793897" lon="19.389267"><ele>170.75</ele></trkpt>
      <trkpt lat="47.793703" lon="19.389521"><ele>171.25</ele></trkpt>
      <trkpt lat="47.793629" lon="19.389857"><ele>171.5</ele></trkpt>
      <trkpt lat="47.793525" lon="19.390160"><ele>173.0</ele></trkpt>
      <trkpt lat="47.793381" lon="19.390442"><ele>175.0</ele></trkpt>
      <trkpt lat="47.793125" lon="19.390747"><ele>179.5</ele></trkpt>
      <trkpt lat="47.793018" lon="19.390794"><ele>180.75</ele></trkpt>
      <trkpt lat="47.792823" lon="19.390822"><ele>181.75</ele></trkpt>
      <trkpt lat="47.791928" lon="19.391229"><ele>177.5</ele></trkpt>
      <trkpt lat="47.791349" lon="19.391583"><ele>175.75</ele></trkpt>
      <trkpt lat="47.791162" lon="19.391677"><ele>174.5</ele></trkpt>
      <trkpt lat="47.791062" lon="19.391703"><ele>174.5</ele></trkpt>
      <trkpt lat="47.790507" lon="19.391658"><ele>176.5</ele></trkpt>
      <trkpt lat="47.790408" lon="19.391665"><ele>175.75</ele></trkpt>
      <trkpt lat="47.790356" lon="19.391702"><ele>175.75</ele></trkpt>
      <trkpt lat="47.790246" lon="19.391841"><ele>176.0</ele></trkpt>
      <trkpt lat="47.790092" lon="19.392077"><ele>177.5</ele></trkpt>
      <trkpt lat="47.789984" lon="19.392301"><ele>179.25</ele></trkpt>
      <trkpt lat="47.789773" lon="19.392791"><ele>180.5</ele></trkpt>
      <trkpt lat="47.789588" lon="19.393185"><ele>180.25</ele></trkpt>
      <trkpt lat="47.789550" lon="19.393322"><ele>180.25</ele></trkpt>
      <trkpt lat="47.789442" lon="19.393874"><ele>185.5</ele></trkpt>
      <trkpt lat="47.789376" lon="19.394452"><ele>190.0</ele></trkpt>
      <trkpt lat="47.789134" lon="19.394931"><ele>189.0</ele></trkpt>
      <trkpt lat="47.789106" lon="19.395110"><ele>189.5</ele></trkpt>
      <trkpt lat="47.789075" lon="19.395523"><ele>188.5</ele></trkpt>
      <trkpt lat="47.789039" lon="19.395621"><ele>188.25</ele></trkpt>
      <trkpt lat="47.788991" lon="19.395680"><ele>187.75</ele></trkpt>
      <trkpt lat="47.788704" lon="19.395794"><ele>183.5</ele></trkpt>
      <trkpt lat="47.788597" lon="19.395817"><ele>181.5</ele></trkpt>
      <trkpt lat="47.788508" lon="19.395782"><ele>180.0</ele></trkpt>
      <trkpt lat="47.788489" lon="19.396015"><ele>180.0</ele></trkpt>
      <trkpt lat="47.788449" lon="19.396196"><ele>180.0</ele></trkpt>
      <trkpt lat="47.788301" lon="19.396675"><ele>181.5</ele></trkpt>
      <trkpt lat="47.788169" lon="19.397167"><ele>182.25</ele></trkpt>
      <trkpt lat="47.788160" lon="19.397426"><ele>183.5</ele></trkpt>
      <trkpt lat="47.788166" lon="19.397526"><ele>184.0</ele></trkpt>
      <trkpt lat="47.788182" lon="19.397624"><ele>184.75</ele></trkpt>
      <trkpt lat="47.788253" lon="19.397854"><ele>186.75</ele></trkpt>
      <trkpt lat="47.788654" lon="19.398806"><ele>196.25</ele></trkpt>
      <trkpt lat="47.788702" lon="19.398967"><ele>197.5</ele></trkpt>
      <trkpt lat="47.788707" lon="19.399031"><ele>197.75</ele></trkpt>
      <trkpt lat="47.788682" lon="19.399205"><ele>198.25</ele></trkpt>
      <trkpt lat="47.788612" lon="19.399355"><ele>198.25</ele></trkpt>
      <trkpt lat="47.788521" lon="19.399508"><ele>199.0</ele></trkpt>
      <trkpt lat="47.788426" lon="19.399649"><ele>199.75</ele></trkpt>
      <trkpt lat="47.788355" lon="19.399791"><ele>200.5</ele></trkpt>
      <trkpt lat="47.788317" lon="19.399886"><ele>201.0</ele></trkpt>
      <trkpt lat="47.788294" lon="19.400013"><ele>201.5</ele></trkpt>
      <trkpt lat="47.788297" lon="19.400071"><ele>201.5</ele></trkpt>
      <trkpt lat="47.788310" lon="19.400119"><ele>201.5</ele></trkpt>
      <trkpt lat="47.788344" lon="19.400155"><ele>202.0</ele></trkpt>
      <trkpt lat="47.788386" lon="19.400174"><ele>202.75</ele></trkpt>
      <trkpt lat="47.788425" lon="19.400162"><ele>203.5</ele></trkpt>
      <trkpt lat="47.789031" lon="19.399699"><ele>208.25</ele></trkpt>
      <trkpt lat="47.789904" lon="19.399106"><ele>213.75</ele></trkpt>
      <trkpt lat="47.790019" lon="19.399038"><ele>214.25</ele></trkpt>
      <trkpt lat="47.790079" lon="19.399034"><ele>214.75</ele></trkpt>
      <trkpt lat="47.790133" lon="19.399058"><ele>215.75</ele></trkpt>
      <trkpt lat="47.790163" lon="19.399122"><ele>217.0</ele></trkpt>
      <trkpt lat="47.790166" lon="19.399200"><ele>218.0</ele></trkpt>
      <trkpt lat="47.790158" lon="19.399271"><ele>218.75</ele></trkpt>
      <trkpt lat="47.790116" lon="19.399384"><ele>219.5</ele></trkpt>
      <trkpt lat="47.789956" lon="19.399698"><ele>221.0</ele></trkpt>
      <trkpt lat="47.789702" lon="19.400261"><ele>222.5</ele></trkpt>
      <trkpt lat="47.789439" lon="19.400942"><ele>226.5</ele></trkpt>
      <trkpt lat="47.789416" lon="19.401052"><ele>227.0</ele></trkpt>
      <trkpt lat="47.789408" lon="19.401133"><ele>227.25</ele></trkpt>
      <trkpt lat="47.789412" lon="19.401210"><ele>227.5</ele></trkpt>
      <trkpt lat="47.789432" lon="19.401293"><ele>228.25</ele></trkpt>
      <trkpt lat="47.789485" lon="19.401439"><ele>229.25</ele></trkpt>
      <trkpt lat="47.789551" lon="19.401582"><ele>230.0</ele></trkpt>
      <trkpt lat="47.789631" lon="19.401726"><ele>231.0</ele></trkpt>
      <trkpt lat="47.789729" lon="19.401849"><ele>232.25</ele></trkpt>
      <trkpt lat="47.789797" lon="19.401909"><ele>232.75</ele></trkpt>
      <trkpt lat="47.789959" lon="19.401975"><ele>234.25</ele></trkpt>
      <trkpt lat="47.790013" lon="19.402016"><ele>234.5</ele></trkpt>
      <trkpt lat="47.790053" lon="19.402063"><ele>234.5</ele></trkpt>
      <trkpt lat="47.790078" lon="19.402114"><ele>234.25</ele></trkpt>
      <trkpt lat="47.790118" lon="19.402283"><ele>234.0</ele></trkpt>
      <trkpt lat="47.790116" lon="19.402466"><ele>234.0</ele></trkpt>
      <trkpt lat="47.790092" lon="19.402869"><ele>233.75</ele></trkpt>
      <trkpt lat="47.790089" lon="19.403077"><ele>234.25</ele></trkpt>
      <trkpt lat="47.790101" lon="19.403195"><ele>235.25</ele></trkpt>
      <trkpt lat="47.790122" lon="19.403319"><ele>236.5</ele></trkpt>
      <trkpt lat="47.790166" lon="19.403512"><ele>238.5</ele></trkpt>
      <trkpt lat="47.790202" lon="19.403716"><ele>240.5</ele></trkpt>
      <trkpt lat="47.790208" lon="19.403843"><ele>241.5</ele></trkpt>
      <trkpt lat="47.790189" lon="19.404001"><ele>241.75</ele></trkpt>
      <trkpt lat="47.790063" lon="19.404526"><ele>242.5</ele></trkpt>
      <trkpt lat="47.789999" lon="19.404849"><ele>243.75</ele></trkpt>
      <trkpt lat="47.789707" lon="19.406473"><ele>253.0</ele></trkpt>
      <trkpt lat="47.789632" lon="19.406968"><ele>255.0</ele></trkpt>
      <trkpt lat="47.789602" lon="19.407251"><ele>255.5</ele></trkpt>
      <trkpt lat="47.789557" lon="19.408288"><ele>258.5</ele></trkpt>
      <trkpt lat="47.789530" lon="19.409107"><ele>259.5</ele></trkpt>
      <trkpt lat="47.789494" lon="19.409930"><ele>259.25</ele></trkpt>
      <trkpt lat="47.789438" lon="19.410675"><ele>259.75</ele></trkpt>
      <trkpt lat="47.789382" lon="19.411173"><ele>260.75</ele></trkpt>
      <trkpt lat="47.789336" lon="19.411447"><ele>261.0</ele></trkpt>
      <trkpt lat="47.789272" lon="19.411730"><ele>261.0</ele></trkpt>
      <trkpt lat="47.789032" lon="19.412631"><ele>261.0</ele></trkpt>
      <trkpt lat="47.788814" lon="19.413487"><ele>258.75</ele></trkpt>
      <trkpt lat="47.788690" lon="19.413882"><ele>256.5</ele></trkpt>
      <trkpt lat="47.788610" lon="19.414101"><ele>255.75</ele></trkpt>
      <trkpt lat="47.788516" lon="19.414312"><ele>254.75</ele></trkpt>
      <trkpt lat="47.787328" lon="19.416803"><ele>240.75</ele></trkpt>
      <trkpt lat="47.786915" lon="19.417595"><ele>236.0</ele></trkpt>
      <trkpt lat="47.785648" lon="19.419939"><ele>223.75</ele></trkpt>
      <trkpt lat="47.785250" lon="19.420709"><ele>222.5</ele></trkpt>
      <trkpt lat="47.784865" lon="19.421497"><ele>217.0</ele></trkpt>
      <trkpt lat="47.784761" lon="19.421785"><ele>216.5</ele></trkpt>
      <trkpt lat="47.784684" lon="19.422095"><ele>215.75</ele></trkpt>
      <trkpt lat="47.784616" lon="19.422415"><ele>214.0</ele></trkpt>
      <trkpt lat="47.784524" lon="19.422846"><ele>212.0</ele></trkpt>
      <trkpt lat="47.784419" lon="19.423457"><ele>210.25</ele></trkpt>
      <trkpt lat="47.784275" lon="19.424236"><ele>210.25</ele></trkpt>
      <trkpt lat="47.784206" lon="19.424451"><ele>210.0</ele></trkpt>
      <trkpt lat="47.783855" lon="19.425360"><ele>204.75</ele></trkpt>
      <trkpt lat="47.783814" lon="19.425522"><ele>204.75</ele></trkpt>
      <trkpt lat="47.783772" lon="19.425995"><ele>204.0</ele></trkpt>
      <trkpt lat="47.783820" lon="19.426551"><ele>200.25</ele></trkpt>
      <trkpt lat="47.783937" lon="19.427467"><ele>197.0</ele></trkpt>
      <trkpt lat="47.784398" lon="19.430082"><ele>186.0</ele></trkpt>
      <trkpt lat="47.784827" lon="19.432346"><ele>177.75</ele></trkpt>
      <trkpt lat="47.784869" lon="19.432607"><ele>177.5</ele></trkpt>
      <trkpt lat="47.784875" lon="19.432789"><ele>177.5</ele></trkpt>
      <trkpt lat="47.784846" lon="19.432942"><ele>178.75</ele></trkpt>
      <trkpt lat="47.784795" lon="19.433097"><ele>180.0</ele></trkpt>
      <trkpt lat="47.784716" lon="19.433240"><ele>181.5</ele></trkpt>
      <trkpt lat="47.784648" lon="19.433325"><ele>182.0</ele></trkpt>
      <trkpt lat="47.784545" lon="19.433397"><ele>181.75</ele></trkpt>
      <trkpt lat="47.784231" lon="19.433579"><ele>181.0</ele></trkpt>
      <trkpt lat="47.783674" lon="19.433999"><ele>182.75</ele></trkpt>
      <trkpt lat="47.783528" lon="19.434153"><ele>183.25</ele></trkpt>
      <trkpt lat="47.782795" lon="19.435075"><ele>185.25</ele></trkpt>
      <trkpt lat="47.782477" lon="19.435443"><ele>182.75</ele></trkpt>
      <trkpt lat="47.781724" lon="19.436135"><ele>179.75</ele></trkpt>
      <trkpt lat="47.781069" lon="19.436840"><ele>182.0</ele></trkpt>
      <trkpt lat="47.780996" lon="19.436920"><ele>182.0</ele></trkpt>
      <trkpt lat="47.780665" lon="19.437284"><ele>180.25</ele></trkpt>
      <trkpt lat="47.780376" lon="19.437683"><ele>178.0</ele></trkpt>
      <trkpt lat="47.779932" lon="19.438396"><ele>177.5</ele></trkpt>
      <trkpt lat="47.779578" lon="19.439017"><ele>176.75</ele></trkpt>
      <trkpt lat="47.779262" lon="19.439758"><ele>174.25</ele></trkpt>
      <trkpt lat="47.779090" lon="19.440387"><ele>174.0</ele></trkpt>
      <trkpt lat="47.778746" lon="19.442076"><ele>172.75</ele></trkpt>
      <trkpt lat="47.778298" lon="19.444134"><ele>171.5</ele></trkpt>
      <trkpt lat="47.777969" lon="19.445968"><ele>174.5</ele></trkpt>
      <trkpt lat="47.777528" lon="19.447971"><ele>175.75</ele></trkpt>
      <trkpt lat="47.777242" lon="19.449337"><ele>178.25</ele></trkpt>
      <trkpt lat="47.776957" lon="19.450814"><ele>175.0</ele></trkpt>
      <trkpt lat="47.776777" lon="19.451584"><ele>173.25</ele></trkpt>
      <trkpt lat="47.776525" lon="19.452330"><ele>168.25</ele></trkpt>
      <trkpt lat="47.776239" lon="19.453133"><ele>164.0</ele></trkpt>
      <trkpt lat="47.775969" lon="19.453787"><ele>160.5</ele></trkpt>
      <trkpt lat="47.775900" lon="19.453909"><ele>160.0</ele></trkpt>
      <trkpt lat="47.775761" lon="19.454155"><ele>160.0</ele></trkpt>
      <trkpt lat="47.775591" lon="19.454392"><ele>160.5</ele></trkpt>
      <trkpt lat="47.775462" lon="19.454536"><ele>161.25</ele></trkpt>
      <trkpt lat="47.775338" lon="19.454643"><ele>162.0</ele></trkpt>
      <trkpt lat="47.774332" lon="19.455406"><ele>159.5</ele></trkpt>
      <trkpt lat="47.774155" lon="19.455572"><ele>159.0</ele></trkpt>
      <trkpt lat="47.773991" lon="19.455767"><ele>158.75</ele></trkpt>
      <trkpt lat="47.773203" lon="19.456813"><ele>158.25</ele></trkpt>
      <trkpt lat="47.773081" lon="19.457009"><ele>158.0</ele></trkpt>
      <trkpt lat="47.772997" lon="19.457167"><ele>157.75</ele></trkpt>
      <trkpt lat="47.772934" lon="19.457336"><ele>157.75</ele></trkpt>
      <trkpt lat="47.772873" lon="19.457613"><ele>157.5</ele></trkpt>
      <trkpt lat="47.772851" lon="19.458039"><ele>158.0</ele></trkpt>
      <trkpt lat="47.772828" lon="19.458868"><ele>159.75</ele></trkpt>
      <trkpt lat="47.772815" lon="19.459712"><ele>158.0</ele></trkpt>
      <trkpt lat="47.772829" lon="19.459884"><ele>157.25</ele></trkpt>
      <trkpt lat="47.773672" lon="19.459795"><ele>162.5</ele></trkpt>
      <trkpt lat="47.773923" lon="19.459806"><ele>164.75</ele></trkpt>
      <trkpt lat="47.773901" lon="19.459148"><ele>167.0</ele></trkpt>
      <trkpt lat="47.773877" lon="19.458173"><ele>167.5</ele></trkpt>
      <trkpt lat="47.773901" lon="19.459148"><ele>167.0</ele></trkpt>
      <trkpt lat="47.773923" lon="19.459806"><ele>164.75</ele></trkpt>
      <trkpt lat="47.773672" lon="19.459795"><ele>162.5</ele></trkpt>
      <trkpt lat="47.772829" lon="19.459884"><ele>157.25</ele></trkpt>
      <trkpt lat="47.772282" lon="19.459912"><ele>155.75</ele></trkpt>
      <trkpt lat="47.772192" lon="19.459917"><ele>155.5</ele></trkpt>
      <trkpt lat="47.771662" lon="19.459963"><ele>157.0</ele></trkpt>
      <trkpt lat="47.771732" lon="19.460296"><ele>155.75</ele></trkpt>
      <trkpt lat="47.771843" lon="19.460980"><ele>156.75</ele></trkpt>
      <trkpt lat="47.771868" lon="19.461442"><ele>157.25</ele></trkpt>
      <trkpt lat="47.771845" lon="19.461774"><ele>156.25</ele></trkpt>
      <trkpt lat="47.771803" lon="19.462030"><ele>156.5</ele></trkpt>
      <trkpt lat="47.771684" lon="19.462396"><ele>157.5</ele></trkpt>
      <trkpt lat="47.771482" lon="19.462736"><ele>158.0</ele></trkpt>
      <trkpt lat="47.771192" lon="19.463193"><ele>156.5</ele></trkpt>
      <trkpt lat="47.771079" lon="19.463502"><ele>156.5</ele></trkpt>
      <trkpt lat="47.771036" lon="19.463692"><ele>157.5</ele></trkpt>
      <trkpt lat="47.771048" lon="19.463829"><ele>158.25</ele></trkpt>
      <trkpt lat="47.771103" lon="19.463866"><ele>158.75</ele></trkpt>
      <trkpt lat="47.771229" lon="19.463931"><ele>158.5</ele></trkpt>
      <trkpt lat="47.771345" lon="19.464028"><ele>158.0</ele></trkpt>
      <trkpt lat="47.771427" lon="19.464136"><ele>157.5</ele></trkpt>
      <trkpt lat="47.771475" lon="19.464249"><ele>157.5</ele></trkpt>
      <trkpt lat="47.771412" lon="19.464330"><ele>158.25</ele></trkpt>
      <trkpt lat="47.771359" lon="19.464421"><ele>159.0</ele></trkpt>
      <trkpt lat="47.771295" lon="19.464612"><ele>159.5</ele></trkpt>
      <trkpt lat="47.771195" lon="19.464988"><ele>162.0</ele></trkpt>
      <trkpt lat="47.771040" lon="19.465794"><ele>164.75</ele></trkpt>
      <trkpt lat="47.770943" lon="19.466153"><ele>165.75</ele></trkpt>
      <trkpt lat="47.770849" lon="19.466396"><ele>167.5</ele></trkpt>
      <trkpt lat="47.770674" lon="19.466716"><ele>167.5</ele></trkpt>
      <trkpt lat="47.770537" lon="19.466889"><ele>168.25</ele></trkpt>
      <trkpt lat="47.770362" lon="19.467021"><ele>169.0</ele></trkpt>
      <trkpt lat="47.770242" lon="19.467075"><ele>169.75</ele></trkpt>
      <trkpt lat="47.769610" lon="19.467199"><ele>174.75</ele></trkpt>
      <trkpt lat="47.769019" lon="19.467271"><ele>176.5</ele></trkpt>
      <trkpt lat="47.768768" lon="19.467264"><ele>177.0</ele></trkpt>
      <trkpt lat="47.766388" lon="19.467032"><ele>192.5</ele></trkpt>
      <trkpt lat="47.763775" lon="19.466688"><ele>195.75</ele></trkpt>
      <trkpt lat="47.763630" lon="19.466669"><ele>195.75</ele></trkpt>
      <trkpt lat="47.763501" lon="19.466665"><ele>196.0</ele></trkpt>
      <trkpt lat="47.763437" lon="19.466675"><ele>195.75</ele></trkpt>
      <trkpt lat="47.763372" lon="19.466713"><ele>195.75</ele></trkpt>
      <trkpt lat="47.763307" lon="19.466777"><ele>195.5</ele></trkpt>
      <trkpt lat="47.763253" lon="19.466853"><ele>195.5</ele></trkpt>
      <trkpt lat="47.762999" lon="19.467438"><ele>194.0</ele></trkpt>
      <trkpt lat="47.760433" lon="19.473464"><ele>181.25</ele></trkpt>
      <trkpt lat="47.756719" lon="19.482185"><ele>168.0</ele></trkpt>
      <trkpt lat="47.755868" lon="19.484140"><ele>165.0</ele></trkpt>
      <trkpt lat="47.754810" lon="19.486428"><ele>162.5</ele></trkpt>
      <trkpt lat="47.754365" lon="19.487381"><ele>159.25</ele></trkpt>
      <trkpt lat="47.754306" lon="19.487506"><ele>159.0</ele></trkpt>
      <trkpt lat="47.753528" lon="19.489153"><ele>156.25</ele></trkpt>
      <trkpt lat="47.752507" lon="19.487980"><ele>154.75</ele></trkpt>
      <trkpt lat="47.751405" lon="19.486845"><ele>148.75</ele></trkpt>
      <trkpt lat="47.751306" lon="19.486804"><ele>148.0</ele></trkpt>
      <trkpt lat="47.751235" lon="19.486821"><ele>147.75</ele></trkpt>
      <trkpt lat="47.751197" lon="19.486866"><ele>147.5</ele></trkpt>
      <trkpt lat="47.751150" lon="19.486975"><ele>147.25</ele></trkpt>
      <trkpt lat="47.751023" lon="19.486921"><ele>147.0</ele></trkpt>
      <trkpt lat="47.750969" lon="19.486892"><ele>147.0</ele></trkpt>
      <trkpt lat="47.750467" lon="19.486621"><ele>147.0</ele></trkpt>
      <trkpt lat="47.750264" lon="19.487455"><ele>146.0</ele></trkpt>
      <trkpt lat="47.750156" lon="19.487810"><ele>146.0</ele></trkpt>
      <trkpt lat="47.750118" lon="19.488278"><ele>147.25</ele></trkpt>
      <trkpt lat="47.750051" lon="19.488848"><ele>147.5</ele></trkpt>
      <trkpt lat="47.750008" lon="19.489108"><ele>147.75</ele></trkpt>
      <trkpt lat="47.749784" lon="19.490218"><ele>145.75</ele></trkpt>
      <trkpt lat="47.749660" lon="19.490618"><ele>146.0</ele></trkpt>
      <trkpt lat="47.749585" lon="19.490540"><ele>147.5</ele></trkpt>
      <trkpt lat="47.749104" lon="19.490160"><ele>155.0</ele></trkpt>
      <trkpt lat="47.749027" lon="19.490101"><ele>155.75</ele></trkpt>
      <trkpt lat="47.749104" lon="19.490160"><ele>155.0</ele></trkpt>
      <trkpt lat="47.749585" lon="19.490540"><ele>147.5</ele></trkpt>
      <trkpt lat="47.749660" lon="19.490618"><ele>146.0</ele></trkpt>
      <trkpt lat="47.749642" lon="19.490832"><ele>145.75</ele></trkpt>
      <trkpt lat="47.749638" lon="19.490998"><ele>145.5</ele></trkpt>
      <trkpt lat="47.749619" lon="19.491205"><ele>145.5</ele></trkpt>
      <trkpt lat="47.749531" lon="19.491619"><ele>145.75</ele></trkpt>
      <trkpt lat="47.749421" lon="19.491995"><ele>144.75</ele></trkpt>
      <trkpt lat="47.749751" lon="19.492366"><ele>144.0</ele></trkpt>
      <trkpt lat="47.749821" lon="19.492444"><ele>144.0</ele></trkpt>
      <trkpt lat="47.749891" lon="19.492536"><ele>144.0</ele></trkpt>
      <trkpt lat="47.749841" lon="19.492601"><ele>144.0</ele></trkpt>
      <trkpt lat="47.749781" lon="19.492635"><ele>144.0</ele></trkpt>
      <trkpt lat="47.749585" lon="19.492676"><ele>144.0</ele></trkpt>
      <trkpt lat="47.749526" lon="19.492714"><ele>144.0</ele></trkpt>
      <trkpt lat="47.749433" lon="19.492806"><ele>143.75</ele></trkpt>
      <trkpt lat="47.749163" lon="19.493218"><ele>142.75</ele></trkpt>
      <trkpt lat="47.748916" lon="19.493674"><ele>141.75</ele></trkpt>
      <trkpt lat="47.748773" lon="19.494098"><ele>141.25</ele></trkpt>
      <trkpt lat="47.748643" lon="19.494745"><ele>141.0</ele></trkpt>
      <trkpt lat="47.748341" lon="19.496546"><ele>141.0</ele></trkpt>
      <trkpt lat="47.748321" lon="19.496660"><ele>140.75</ele></trkpt>
      <trkpt lat="47.748307" lon="19.496729"><ele>141.0</ele></trkpt>
      <trkpt lat="47.748310" lon="19.496826"><ele>141.25</ele></trkpt>
      <trkpt lat="47.748411" lon="19.497485"><ele>142.5</ele></trkpt>
      <trkpt lat="47.748410" lon="19.498155"><ele>145.5</ele></trkpt>
      <trkpt lat="47.748348" lon="19.499057"><ele>146.25</ele></trkpt>
      <trkpt lat="47.748147" lon="19.500321"><ele>143.25</ele></trkpt>
      <trkpt lat="47.747979" lon="19.501321"><ele>143.5</ele></trkpt>
      <trkpt lat="47.747942" lon="19.501570"><ele>143.0</ele></trkpt>
      <trkpt lat="47.747870" lon="19.502190"><ele>143.0</ele></trkpt>
      <trkpt lat="47.747782" lon="19.504444"><ele>157.75</ele></trkpt>
      <trkpt lat="47.747764" lon="19.504657"><ele>159.25</ele></trkpt>
      <trkpt lat="47.747716" lon="19.505058"><ele>162.0</ele></trkpt>
      <trkpt lat="47.747653" lon="19.505434"><ele>165.5</ele></trkpt>
      <trkpt lat="47.747394" lon="19.506520"><ele>171.75</ele></trkpt>
      <trkpt lat="47.747360" lon="19.506698"><ele>172.0</ele></trkpt>
      <trkpt lat="47.747336" lon="19.506911"><ele>172.5</ele></trkpt>
      <trkpt lat="47.747327" lon="19.507092"><ele>173.5</ele></trkpt>
      <trkpt lat="47.747328" lon="19.507441"><ele>174.75</ele></trkpt>
      <trkpt lat="47.747319" lon="19.507750"><ele>176.0</ele></trkpt>
      <trkpt lat="47.747308" lon="19.508017"><ele>178.5</ele></trkpt>
      <trkpt lat="47.747309" lon="19.508260"><ele>180.25</ele></trkpt>
      <trkpt lat="47.747339" lon="19.508405"><ele>181.75</ele></trkpt>
      <trkpt lat="47.747362" lon="19.508460"><ele>182.25</ele></trkpt>
      <trkpt lat="47.747397" lon="19.508515"><ele>183.0</ele></trkpt>
      <trkpt lat="47.747430" lon="19.508540"><ele>183.5</ele></trkpt>
      <trkpt lat="47.747463" lon="19.508554"><ele>184.0</ele></trkpt>
      <trkpt lat="47.747514" lon="19.508558"><ele>184.5</ele></trkpt>
      <trkpt lat="47.747566" lon="19.508547"><ele>185.0</ele></trkpt>
      <trkpt lat="47.747640" lon="19.508505"><ele>185.5</ele></trkpt>
      <trkpt lat="47.748163" lon="19.508141"><ele>190.0</ele></trkpt>
      <trkpt lat="47.748296" lon="19.508056"><ele>190.5</ele></trkpt>
      <trkpt lat="47.748425" lon="19.507988"><ele>191.75</ele></trkpt>
      <trkpt lat="47.748501" lon="19.507960"><ele>192.5</ele></trkpt>
      <trkpt lat="47.748591" lon="19.507951"><ele>193.25</ele></trkpt>
      <trkpt lat="47.748675" lon="19.507961"><ele>194.0</ele></trkpt>
      <trkpt lat="47.748763" lon="19.507988"><ele>194.5</ele></trkpt>
      <trkpt lat="47.749970" lon="19.508366"><ele>199.25</ele></trkpt>
      <trkpt lat="47.750135" lon="19.508434"><ele>200.0</ele></trkpt>
      <trkpt lat="47.750269" lon="19.508503"><ele>200.75</ele></trkpt>
      <trkpt lat="47.750624" lon="19.508735"><ele>203.5</ele></trkpt>
      <trkpt lat="47.750710" lon="19.508826"><ele>203.5</ele></trkpt>
      <trkpt lat="47.750791" lon="19.508931"><ele>203.5</ele></trkpt>
      <trkpt lat="47.751026" lon="19.509360"><ele>205.5</ele></trkpt>
      <trkpt lat="47.751541" lon="19.510273"><ele>210.5</ele></trkpt>
      <trkpt lat="47.753695" lon="19.514257"><ele>209.25</ele></trkpt>
      <trkpt lat="47.754852" lon="19.516353"><ele>208.5</ele></trkpt>
      <trkpt lat="47.755203" lon="19.517000"><ele>209.5</ele></trkpt>
      <trkpt lat="47.755251" lon="19.517110"><ele>209.75</ele></trkpt>
      <trkpt lat="47.755291" lon="19.517242"><ele>210.0</ele></trkpt>
      <trkpt lat="47.755312" lon="19.517382"><ele>210.0</ele></trkpt>
      <trkpt lat="47.755320" lon="19.519097"><ele>207.75</ele></trkpt>
      <trkpt lat="47.755351" lon="19.522056"><ele>201.25</ele></trkpt>
      <trkpt lat="47.755393" lon="19.524296"><ele>194.5</ele></trkpt>
      <trkpt lat="47.755403" lon="19.524399"><ele>194.5</ele></trkpt>
      <trkpt lat="47.755436" lon="19.524575"><ele>194.5</ele></trkpt>
      <trkpt lat="47.755462" lon="19.524654"><ele>194.5</ele></trkpt>
      <trkpt lat="47.755562" lon="19.524862"><ele>195.0</ele></trkpt>
      <trkpt lat="47.756471" lon="19.526322"><ele>202.0</ele></trkpt>
      <trkpt lat="47.758406" lon="19.529374"><ele>194.75</ele></trkpt>
      <trkpt lat="47.760270" lon="19.532371"><ele>177.25</ele></trkpt>
      <trkpt lat="47.760329" lon="19.532497"><ele>177.0</ele></trkpt>
      <trkpt lat="47.760358" lon="19.532593"><ele>177.0</ele></trkpt>
      <trkpt lat="47.760378" lon="19.532715"><ele>177.0</ele></trkpt>
      <trkpt lat="47.760383" lon="19.532856"><ele>176.75</ele></trkpt>
      <trkpt lat="47.760379" lon="19.533007"><ele>176.25</ele></trkpt>
      <trkpt lat="47.760242" lon="19.534504"><ele>174.5</ele></trkpt>
      <trkpt lat="47.760218" lon="19.534951"><ele>174.5</ele></trkpt>
      <trkpt lat="47.760218" lon="19.535255"><ele>174.0</ele></trkpt>
      <trkpt lat="47.760230" lon="19.535628"><ele>174.0</ele></trkpt>
      <trkpt lat="47.760257" lon="19.536083"><ele>174.0</ele></trkpt>
      <trkpt lat="47.760312" lon="19.536538"><ele>174.75</ele></trkpt>
      <trkpt lat="47.760364" lon="19.536749"><ele>174.25</ele></trkpt>
      <trkpt lat="47.760528" lon="19.537388"><ele>171.5</ele></trkpt>
      <trkpt lat="47.760567" lon="19.537543"><ele>170.5</ele></trkpt>
      <trkpt lat="47.760763" lon="19.538349"><ele>162.5</ele></trkpt>
      <trkpt lat="47.760807" lon="19.538471"><ele>161.5</ele></trkpt>
      <trkpt lat="47.761089" lon="19.539012"><ele>158.0</ele></trkpt>
      <trkpt lat="47.761507" lon="19.539660"><ele>153.75</ele></trkpt>
      <trkpt lat="47.762334" lon="19.540736"><ele>147.0</ele></trkpt>
      <trkpt lat="47.762417" lon="19.540844"><ele>147.0</ele></trkpt>
      <trkpt lat="47.762451" lon="19.540949"><ele>147.0</ele></trkpt>
      <trkpt lat="47.762446" lon="19.541027"><ele>147.0</ele></trkpt>
      <trkpt lat="47.762432" lon="19.541089"><ele>147.0</ele></trkpt>
      <trkpt lat="47.762124" lon="19.541650"><ele>145.25</ele></trkpt>
      <trkpt lat="47.762027" lon="19.541859"><ele>145.75</ele></trkpt>
      <trkpt lat="47.761980" lon="19.541982"><ele>145.75</ele></trkpt>
      <trkpt lat="47.761823" lon="19.542508"><ele>144.25</ele></trkpt>
      <trkpt lat="47.761754" lon="19.542635"><ele>144.0</ele></trkpt>
      <trkpt lat="47.761522" lon="19.543024"><ele>143.5</ele></trkpt>
      <trkpt lat="47.761317" lon="19.543330"><ele>144.0</ele></trkpt>
      <trkpt lat="47.761244" lon="19.543393"><ele>143.75</ele></trkpt>
      <trkpt lat="47.761171" lon="19.543425"><ele>143.75</ele></trkpt>
      <trkpt lat="47.760804" lon="19.543473"><ele>145.5</ele></trkpt>
      <trkpt lat="47.760728" lon="19.543500"><ele>145.75</ele></trkpt>
      <trkpt lat="47.760653" lon="19.543560"><ele>145.75</ele></trkpt>
      <trkpt lat="47.759408" lon="19.545754"><ele>144.5</ele></trkpt>
      <trkpt lat="47.758463" lon="19.547241"><ele>143.25</ele></trkpt>
      <trkpt lat="47.757420" lon="19.548712"><ele>141.5</ele></trkpt>
      <trkpt lat="47.757289" lon="19.548926"><ele>140.75</ele></trkpt>
      <trkpt lat="47.757221" lon="19.549057"><ele>140.25</ele></trkpt>
      <trkpt lat="47.757073" lon="19.549557"><ele>142.25</ele></trkpt>
      <trkpt lat="47.756953" lon="19.549987"><ele>143.75</ele></trkpt>
      <trkpt lat="47.756820" lon="19.550406"><ele>143.75</ele></trkpt>
      <trkpt lat="47.756596" lon="19.550933"><ele>142.75</ele></trkpt>
      <trkpt lat="47.756492" lon="19.551148"><ele>142.5</ele></trkpt>
      <trkpt lat="47.755734" lon="19.552366"><ele>142.0</ele></trkpt>
      <trkpt lat="47.755194" lon="19.553129"><ele>141.5</ele></trkpt>
      <trkpt lat="47.754201" lon="19.554562"><ele>136.75</ele></trkpt>
      <trkpt lat="47.754124" lon="19.554694"><ele>137.5</ele></trkpt>
      <trkpt lat="47.753667" lon="19.555540"><ele>140.5</ele></trkpt>
      <trkpt lat="47.753571" lon="19.555720"><ele>141.25</ele></trkpt>
      <trkpt lat="47.753475" lon="19.555920"><ele>141.75</ele></trkpt>
      <trkpt lat="47.753313" lon="19.556312"><ele>141.25</ele></trkpt>
      <trkpt lat="47.752696" lon="19.557902"><ele>141.5</ele></trkpt>
      <trkpt lat="47.752106" lon="19.559349"><ele>139.75</ele></trkpt>
      <trkpt lat="47.751313" lon="19.561018"><ele>141.0</ele></trkpt>
      <trkpt lat="47.751144" lon="19.561352"><ele>140.75</ele></trkpt>
      <trkpt lat="47.750996" lon="19.561607"><ele>140.5</ele></trkpt>
      <trkpt lat="47.750200" lon="19.562703"><ele>144.75</ele></trkpt>
      <trkpt lat="47.748184" lon="19.565472"><ele>153.75</ele></trkpt>
      <trkpt lat="47.748086" lon="19.565620"><ele>153.5</ele></trkpt>
      <trkpt lat="47.747996" lon="19.565779"><ele>153.5</ele></trkpt>
      <trkpt lat="47.743974" lon="19.575200"><ele>151.25</ele></trkpt>
      <trkpt lat="47.743919" lon="19.575330"><ele>150.75</ele></trkpt>
      <trkpt lat="47.744119" lon="19.575521"><ele>150.75</ele></trkpt>
      <trkpt lat="47.745535" lon="19.576590"><ele>148.25</ele></trkpt>
      <trkpt lat="47.746089" lon="19.576891"><ele>142.25</ele></trkpt>
      <trkpt lat="47.746542" lon="19.577185"><ele>138.25</ele></trkpt>
      <trkpt lat="47.746642" lon="19.577268"><ele>137.25</ele></trkpt>
      <trkpt lat="47.747234" lon="19.577887"><ele>134.5</ele></trkpt>
      <trkpt lat="47.747317" lon="19.577964"><ele>133.75</ele></trkpt>
      <trkpt lat="47.747389" lon="19.578012"><ele>133.5</ele></trkpt>
      <trkpt lat="47.747470" lon="19.578051"><ele>133.0</ele></trkpt>
      <trkpt lat="47.747593" lon="19.578073"><ele>132.5</ele></trkpt>
      <trkpt lat="47.747674" lon="19.578068"><ele>132.25</ele></trkpt>
      <trkpt lat="47.747802" lon="19.578055"><ele>132.0</ele></trkpt>
      <trkpt lat="47.748169" lon="19.577971"><ele>135.5</ele></trkpt>
      <trkpt lat="47.748287" lon="19.577955"><ele>137.25</ele></trkpt>
      <trkpt lat="47.749856" lon="19.577929"><ele>139.75</ele></trkpt>
      <trkpt lat="47.750113" lon="19.577897"><ele>139.0</ele></trkpt>
      <trkpt lat="47.750372" lon="19.577827"><ele>138.75</ele></trkpt>
      <trkpt lat="47.750866" lon="19.577669"><ele>138.5</ele></trkpt>
      <trkpt lat="47.751105" lon="19.577605"><ele>138.5</ele></trkpt>
      <trkpt lat="47.751438" lon="19.577519"><ele>138.75</ele></trkpt>
      <trkpt lat="47.751559" lon="19.577516"><ele>138.75</ele></trkpt>
      <trkpt lat="47.751668" lon="19.577532"><ele>139.0</ele></trkpt>
      <trkpt lat="47.752628" lon="19.577889"><ele>141.75</ele></trkpt>
      <trkpt lat="47.753756" lon="19.578282"><ele>142.0</ele></trkpt>
      <trkpt lat="47.753908" lon="19.578346"><ele>141.75</ele></trkpt>
      <trkpt lat="47.754066" lon="19.578429"><ele>141.5</ele></trkpt>
      <trkpt lat="47.755274" lon="19.579106"><ele>142.0</ele></trkpt>
      <trkpt lat="47.757879" lon="19.580529"><ele>141.75</ele></trkpt>
      <trkpt lat="47.758190" lon="19.580721"><ele>139.5</ele></trkpt>
      <trkpt lat="47.758497" lon="19.580936"><ele>136.25</ele></trkpt>
      <trkpt lat="47.759300" lon="19.581555"><ele>134.5</ele></trkpt>
      <trkpt lat="47.759462" lon="19.581631"><ele>134.0</ele></trkpt>
      <trkpt lat="47.759614" lon="19.581666"><ele>133.25</ele></trkpt>
      <trkpt lat="47.760196" lon="19.581675"><ele>133.5</ele></trkpt>
      <trkpt lat="47.760441" lon="19.581637"><ele>134.0</ele></trkpt>
      <trkpt lat="47.761589" lon="19.581290"><ele>132.25</ele></trkpt>
      <trkpt lat="47.761996" lon="19.581186"><ele>132.25</ele></trkpt>
      <trkpt lat="47.762187" lon="19.581167"><ele>132.5</ele></trkpt>
      <trkpt lat="47.762526" lon="19.581163"><ele>133.75</ele></trkpt>
      <trkpt lat="47.763345" lon="19.581192"><ele>135.25</ele></trkpt>
      <trkpt lat="47.764444" lon="19.581252"><ele>133.75</ele></trkpt>
      <trkpt lat="47.764539" lon="19.581283"><ele>133.75</ele></trkpt>
      <trkpt lat="47.764693" lon="19.581360"><ele>133.75</ele></trkpt>
      <trkpt lat="47.764856" lon="19.581469"><ele>133.5</ele></trkpt>
      <trkpt lat="47.764928" lon="19.581531"><ele>133.5</ele></trkpt>
      <trkpt lat="47.765017" lon="19.581629"><ele>134.0</ele></trkpt>
      <trkpt lat="47.765146" lon="19.581828"><ele>134.5</ele></trkpt>
      <trkpt lat="47.765315" lon="19.582201"><ele>136.25</ele></trkpt>
      <trkpt lat="47.765395" lon="19.582429"><ele>137.0</ele></trkpt>
      <trkpt lat="47.765709" lon="19.583360"><ele>134.75</ele></trkpt>
      <trkpt lat="47.765780" lon="19.583576"><ele>134.0</ele></trkpt>
      <trkpt lat="47.765989" lon="19.584183"><ele>132.25</ele></trkpt>
      <trkpt lat="47.766052" lon="19.584326"><ele>132.5</ele></trkpt>
      <trkpt lat="47.766147" lon="19.584510"><ele>133.0</ele></trkpt>
      <trkpt lat="47.766233" lon="19.584660"><ele>133.25</ele></trkpt>
      <trkpt lat="47.766318" lon="19.584779"><ele>133.5</ele></trkpt>
      <trkpt lat="47.766531" lon="19.585022"><ele>134.5</ele></trkpt>
      <trkpt lat="47.767883" lon="19.586046"><ele>139.5</ele></trkpt>
      <trkpt lat="47.768079" lon="19.586164"><ele>140.5</ele></trkpt>
      <trkpt lat="47.768348" lon="19.586300"><ele>142.25</ele></trkpt>
      <trkpt lat="47.768650" lon="19.586417"><ele>142.25</ele></trkpt>
      <trkpt lat="47.769293" lon="19.586567"><ele>144.75</ele></trkpt>
      <trkpt lat="47.769517" lon="19.586605"><ele>145.25</ele></trkpt>
      <trkpt lat="47.769674" lon="19.586619"><ele>144.75</ele></trkpt>
      <trkpt lat="47.769860" lon="19.586619"><ele>145.0</ele></trkpt>
      <trkpt lat="47.770154" lon="19.586587"><ele>147.0</ele></trkpt>
      <trkpt lat="47.770355" lon="19.586548"><ele>148.25</ele></trkpt>
      <trkpt lat="47.771145" lon="19.586369"><ele>148.75</ele></trkpt>
      <trkpt lat="47.771400" lon="19.586280"><ele>148.5</ele></trkpt>
      <trkpt lat="47.771563" lon="19.586183"><ele>148.25</ele></trkpt>
      <trkpt lat="47.772366" lon="19.585645"><ele>145.25</ele></trkpt>
      <trkpt lat="47.772735" lon="19.585410"><ele>143.75</ele></trkpt>
      <trkpt lat="47.773030" lon="19.585237"><ele>142.5</ele></trkpt>
      <trkpt lat="47.773206" lon="19.585146"><ele>142.75</ele></trkpt>
      <trkpt lat="47.773365" lon="19.585077"><ele>143.0</ele></trkpt>
      <trkpt lat="47.773846" lon="19.584914"><ele>141.25</ele></trkpt>
      <trkpt lat="47.773948" lon="19.584871"><ele>140.75</ele></trkpt>
      <trkpt lat="47.774423" lon="19.584720"><ele>138.0</ele></trkpt>
      <trkpt lat="47.774644" lon="19.584632"><ele>137.75</ele></trkpt>
      <trkpt lat="47.774867" lon="19.584533"><ele>137.75</ele></trkpt>
      <trkpt lat="47.775169" lon="19.584348"><ele>136.5</ele></trkpt>
      <trkpt lat="47.775186" lon="19.584337"><ele>136.5</ele></trkpt>
      <trkpt lat="47.776272" lon="19.583632"><ele>133.0</ele></trkpt>
      <trkpt lat="47.776458" lon="19.583559"><ele>132.5</ele></trkpt>
      <trkpt lat="47.776615" lon="19.583536"><ele>132.0</ele></trkpt>
      <trkpt lat="47.776718" lon="19.583537"><ele>132.0</ele></trkpt>
      <trkpt lat="47.776869" lon="19.583568"><ele>132.5</ele></trkpt>
      <trkpt lat="47.776974" lon="19.583610"><ele>132.75</ele></trkpt>
      <trkpt lat="47.778914" lon="19.584806"><ele>134.25</ele></trkpt>
      <trkpt lat="47.779107" lon="19.584872"><ele>134.75</ele></trkpt>
      <trkpt lat="47.779412" lon="19.584948"><ele>135.75</ele></trkpt>
      <trkpt lat="47.779813" lon="19.585037"><ele>136.25</ele></trkpt>
      <trkpt lat="47.779853" lon="19.586984"><ele>134.25</ele></trkpt>
      <trkpt lat="47.779874" lon="19.588602"><ele>134.0</ele></trkpt>
      <trkpt lat="47.779458" lon="19.588604"><ele>134.0</ele></trkpt>
      <trkpt lat="47.779134" lon="19.588596"><ele>134.0</ele></trkpt>
      <trkpt lat="47.779132" lon="19.588658"><ele>134.0</ele></trkpt>
      <trkpt lat="47.778710" lon="19.588677"><ele>133.5</ele></trkpt>
      <trkpt lat="47.779132" lon="19.588658"><ele>134.0</ele></trkpt>
      <trkpt lat="47.779134" lon="19.588596"><ele>134.0</ele></trkpt>
      <trkpt lat="47.779458" lon="19.588604"><ele>134.0</ele></trkpt>
      <trkpt lat="47.779874" lon="19.588602"><ele>134.0</ele></trkpt>
      <trkpt lat="47.779853" lon="19.586984"><ele>134.25</ele></trkpt>
      <trkpt lat="47.779813" lon="19.585037"><ele>136.25</ele></trkpt>
      <trkpt lat="47.781190" lon="19.585304"><ele>140.25</ele></trkpt>
      <trkpt lat="47.782167" lon="19.585499"><ele>141.75</ele></trkpt>
      <trkpt lat="47.782742" lon="19.585612"><ele>142.75</ele></trkpt>
      <trkpt lat="47.784583" lon="19.585979"><ele>147.0</ele></trkpt>
      <trkpt lat="47.786016" lon="19.586265"><ele>151.0</ele></trkpt>
      <trkpt lat="47.786820" lon="19.586423"><ele>151.0</ele></trkpt>
      <trkpt lat="47.787350" lon="19.586551"><ele>150.25</ele></trkpt>
      <trkpt lat="47.787651" lon="19.586656"><ele>150.0</ele></trkpt>
      <trkpt lat="47.787960" lon="19.586862"><ele>150.0</ele></trkpt>
      <trkpt lat="47.788913" lon="19.587568"><ele>150.0</ele></trkpt>
      <trkpt lat="47.791168" lon="19.589276"><ele>144.25</ele></trkpt>
      <trkpt lat="47.791460" lon="19.589490"><ele>144.0</ele></trkpt>
      <trkpt lat="47.791521" lon="19.589558"><ele>144.0</ele></trkpt>
      <trkpt lat="47.791560" lon="19.589623"><ele>144.0</ele></trkpt>
      <trkpt lat="47.791589" lon="19.589689"><ele>144.0</ele></trkpt>
      <trkpt lat="47.791605" lon="19.589776"><ele>144.0</ele></trkpt>
      <trkpt lat="47.791609" lon="19.589857"><ele>144.25</ele></trkpt>
      <trkpt lat="47.791591" lon="19.589956"><ele>144.5</ele></trkpt>
      <trkpt lat="47.791475" lon="19.590353"><ele>145.5</ele></trkpt>
      <trkpt lat="47.791447" lon="19.590482"><ele>146.0</ele></trkpt>
      <trkpt lat="47.791426" lon="19.590622"><ele>146.25</ele></trkpt>
      <trkpt lat="47.791437" lon="19.590862"><ele>147.0</ele></trkpt>
      <trkpt lat="47.791499" lon="19.591076"><ele>147.5</ele></trkpt>
      <trkpt lat="47.791577" lon="19.591254"><ele>148.0</ele></trkpt>
      <trkpt lat="47.791668" lon="19.591431"><ele>148.0</ele></trkpt>
      <trkpt lat="47.791758" lon="19.591571"><ele>148.25</ele></trkpt>
      <trkpt lat="47.792616" lon="19.592794"><ele>151.0</ele></trkpt>
      <trkpt lat="47.793390" lon="19.593904"><ele>151.0</ele></trkpt>
      <trkpt lat="47.793541" lon="19.594138"><ele>151.5</ele></trkpt>
      <trkpt lat="47.793659" lon="19.594372"><ele>152.25</ele></trkpt>
      <trkpt lat="47.793742" lon="19.594555"><ele>153.0</ele></trkpt>
      <trkpt lat="47.793988" lon="19.595075"><ele>153.5</ele></trkpt>
      <trkpt lat="47.794100" lon="19.595273"><ele>153.0</ele></trkpt>
      <trkpt lat="47.794151" lon="19.595336"><ele>152.75</ele></trkpt>
      <trkpt lat="47.794225" lon="19.595407"><ele>152.5</ele></trkpt>
      <trkpt lat="47.794292" lon="19.595436"><ele>152.5</ele></trkpt>
      <trkpt lat="47.794363" lon="19.595455"><ele>152.75</ele></trkpt>
      <trkpt lat="47.794438" lon="19.595451"><ele>152.75</ele></trkpt>
      <trkpt lat="47.794865" lon="19.595314"><ele>154.0</ele></trkpt>
      <trkpt lat="47.794949" lon="19.595296"><ele>154.0</ele></trkpt>
      <trkpt lat="47.795057" lon="19.595298"><ele>154.0</ele></trkpt>
      <trkpt lat="47.795214" lon="19.595348"><ele>154.5</ele></trkpt>
      <trkpt lat="47.795379" lon="19.595443"><ele>154.75</ele></trkpt>
      <trkpt lat="47.795501" lon="19.595540"><ele>154.75</ele></trkpt>
      <trkpt lat="47.795549" lon="19.595586"><ele>154.75</ele></trkpt>
      <trkpt lat="47.795632" lon="19.595669"><ele>154.75</ele></trkpt>
      <trkpt lat="47.795709" lon="19.595799"><ele>154.0</ele></trkpt>
      <trkpt lat="47.795749" lon="19.595887"><ele>154.0</ele></trkpt>
      <trkpt lat="47.795782" lon="19.595991"><ele>154.0</ele></trkpt>
      <trkpt lat="47.795798" lon="19.595987"><ele>153.75</ele></trkpt>
      <trkpt lat="47.795782" lon="19.595991"><ele>154.0</ele></trkpt>
      <trkpt lat="47.795779" lon="19.596245"><ele>153.5</ele></trkpt>
      <trkpt lat="47.795738" lon="19.596585"><ele>152.5</ele></trkpt>
      <trkpt lat="47.795649" lon="19.597346"><ele>150.25</ele></trkpt>
      <trkpt lat="47.795442" lon="19.599168"><ele>145.25</ele></trkpt>
      <trkpt lat="47.795387" lon="19.599537"><ele>143.75</ele></trkpt>
      <trkpt lat="47.795356" lon="19.599703"><ele>143.5</ele></trkpt>
      <trkpt lat="47.795172" lon="19.600454"><ele>141.25</ele></trkpt>
      <trkpt lat="47.795144" lon="19.600701"><ele>141.0</ele></trkpt>
      <trkpt lat="47.795153" lon="19.600877"><ele>141.0</ele></trkpt>
      <trkpt lat="47.795206" lon="19.601129"><ele>140.75</ele></trkpt>
      <trkpt lat="47.795307" lon="19.601590"><ele>139.75</ele></trkpt>
      <trkpt lat="47.795350" lon="19.601757"><ele>139.75</ele></trkpt>
      <trkpt lat="47.795538" lon="19.602340"><ele>141.25</ele></trkpt>
      <trkpt lat="47.795749" lon="19.602867"><ele>141.0</ele></trkpt>
      <trkpt lat="47.795796" lon="19.602961"><ele>141.0</ele></trkpt>
      <trkpt lat="47.795862" lon="19.603044"><ele>141.0</ele></trkpt>
      <trkpt lat="47.795940" lon="19.603111"><ele>141.75</ele></trkpt>
      <trkpt lat="47.796072" lon="19.603128"><ele>142.5</ele></trkpt>
      <trkpt lat="47.796204" lon="19.603123"><ele>143.25</ele></trkpt>
      <trkpt lat="47.796536" lon="19.603088"><ele>143.5</ele></trkpt>
      <trkpt lat="47.797297" lon="19.602997"><ele>142.5</ele></trkpt>
      <trkpt lat="47.797600" lon="19.602933"><ele>141.5</ele></trkpt>
      <trkpt lat="47.797697" lon="19.602896"><ele>141.25</ele></trkpt>
      <trkpt lat="47.798122" lon="19.602695"><ele>141.75</ele></trkpt>
      <trkpt lat="47.798705" lon="19.602336"><ele>141.5</ele></trkpt>
      <trkpt lat="47.798800" lon="19.602289"><ele>141.75</ele></trkpt>
      <trkpt lat="47.798879" lon="19.602269"><ele>142.0</ele></trkpt>
      <trkpt lat="47.798932" lon="19.602266"><ele>142.0</ele></trkpt>
      <trkpt lat="47.798996" lon="19.602276"><ele>142.0</ele></trkpt>
      <trkpt lat="47.799048" lon="19.602302"><ele>142.25</ele></trkpt>
      <trkpt lat="47.799149" lon="19.602389"><ele>142.5</ele></trkpt>
      <trkpt lat="47.800074" lon="19.603409"><ele>146.5</ele></trkpt>
      <trkpt lat="47.800621" lon="19.604002"><ele>149.5</ele></trkpt>
      <trkpt lat="47.801772" lon="19.605255"><ele>159.75</ele></trkpt>
      <trkpt lat="47.802067" lon="19.605588"><ele>161.0</ele></trkpt>
      <trkpt lat="47.803081" lon="19.606865"><ele>165.25</ele></trkpt>
      <trkpt lat="47.803717" lon="19.607659"><ele>170.75</ele></trkpt>
      <trkpt lat="47.804342" lon="19.608544"><ele>172.5</ele></trkpt>
      <trkpt lat="47.813144" lon="19.621523"><ele>177.25</ele></trkpt>
      <trkpt lat="47.815013" lon="19.624275"><ele>174.5</ele></trkpt>
      <trkpt lat="47.815199" lon="19.624562"><ele>174.25</ele></trkpt>
      <trkpt lat="47.815322" lon="19.624811"><ele>173.75</ele></trkpt>
      <trkpt lat="47.815440" lon="19.625086"><ele>173.25</ele></trkpt>
      <trkpt lat="47.815595" lon="19.625511"><ele>172.75</ele></trkpt>
      <trkpt lat="47.815995" lon="19.626662"><ele>171.0</ele></trkpt>
      <trkpt lat="47.816311" lon="19.627704"><ele>172.5</ele></trkpt>
      <trkpt lat="47.816602" lon="19.628725"><ele>173.0</ele></trkpt>
      <trkpt lat="47.816638" lon="19.628833"><ele>173.0</ele></trkpt>
      <trkpt lat="47.816680" lon="19.628896"><ele>172.75</ele></trkpt>
      <trkpt lat="47.816727" lon="19.628942"><ele>172.5</ele></trkpt>
      <trkpt lat="47.816783" lon="19.628959"><ele>172.25</ele></trkpt>
      <trkpt lat="47.816879" lon="19.628974"><ele>172.0</ele></trkpt>
      <trkpt lat="47.816871" lon="19.629489"><ele>171.25</ele></trkpt>
      <trkpt lat="47.816906" lon="19.629845"><ele>171.0</ele></trkpt>
      <trkpt lat="47.816933" lon="19.630012"><ele>170.75</ele></trkpt>
      <trkpt lat="47.816974" lon="19.630194"><ele>169.25</ele></trkpt>
      <trkpt lat="47.817082" lon="19.630618"><ele>167.25</ele></trkpt>
      <trkpt lat="47.817232" lon="19.631188"><ele>164.75</ele></trkpt>
      <trkpt lat="47.817346" lon="19.631623"><ele>164.5</ele></trkpt>
      <trkpt lat="47.817374" lon="19.631723"><ele>164.25</ele></trkpt>
      <trkpt lat="47.817648" lon="19.632713"><ele>162.5</ele></trkpt>
      <trkpt lat="47.817982" lon="19.633803"><ele>161.5</ele></trkpt>
      <trkpt lat="47.818654" lon="19.635969"><ele>155.0</ele></trkpt>
      <trkpt lat="47.818675" lon="19.636036"><ele>155.0</ele></trkpt>
      <trkpt lat="47.819048" lon="19.637201"><ele>156.0</ele></trkpt>
      <trkpt lat="47.819192" lon="19.637265"><ele>155.5</ele></trkpt>
      <trkpt lat="47.819826" lon="19.637702"><ele>151.5</ele></trkpt>
      <trkpt lat="47.820000" lon="19.637908"><ele>151.25</ele></trkpt>
      <trkpt lat="47.820398" lon="19.638497"><ele>150.0</ele></trkpt>
      <trkpt lat="47.820543" lon="19.638729"><ele>149.25</ele></trkpt>
      <trkpt lat="47.820578" lon="19.638785"><ele>149.25</ele></trkpt>
      <trkpt lat="47.820846" lon="19.639360"><ele>148.75</ele></trkpt>
      <trkpt lat="47.821026" lon="19.639726"><ele>147.5</ele></trkpt>
      <trkpt lat="47.821054" lon="19.639794"><ele>147.25</ele></trkpt>
      <trkpt lat="47.821152" lon="19.639980"><ele>146.5</ele></trkpt>
      <trkpt lat="47.821264" lon="19.640251"><ele>145.75</ele></trkpt>
      <trkpt lat="47.821385" lon="19.640698"><ele>145.5</ele></trkpt>
      <trkpt lat="47.821435" lon="19.640944"><ele>145.25</ele></trkpt>
      <trkpt lat="47.821506" lon="19.641209"><ele>143.5</ele></trkpt>
      <trkpt lat="47.821606" lon="19.641427"><ele>141.5</ele></trkpt>
      <trkpt lat="47.821653" lon="19.641522"><ele>140.5</ele></trkpt>
      <trkpt lat="47.821927" lon="19.641954"><ele>140.0</ele></trkpt>
      <trkpt lat="47.822035" lon="19.642148"><ele>139.5</ele></trkpt>
      <trkpt lat="47.822125" lon="19.642328"><ele>139.25</ele></trkpt>
      <trkpt lat="47.822201" lon="19.642458"><ele>139.0</ele></trkpt>
      <trkpt lat="47.822263" lon="19.642540"><ele>138.75</ele></trkpt>
      <trkpt lat="47.822474" lon="19.642764"><ele>139.0</ele></trkpt>
      <trkpt lat="47.822575" lon="19.642852"><ele>139.25</ele></trkpt>
      <trkpt lat="47.822690" lon="19.642938"><ele>139.5</ele></trkpt>
      <trkpt lat="47.822775" lon="19.642986"><ele>139.5</ele></trkpt>
      <trkpt lat="47.823157" lon="19.643150"><ele>139.25</ele></trkpt>
      <trkpt lat="47.823262" lon="19.643244"><ele>139.5</ele></trkpt>
      <trkpt lat="47.823276" lon="19.643269"><ele>139.75</ele></trkpt>
      <trkpt lat="47.823309" lon="19.643328"><ele>139.75</ele></trkpt>
      <trkpt lat="47.823511" lon="19.643182"><ele>139.0</ele></trkpt>
      <trkpt lat="47.823585" lon="19.643143"><ele>139.0</ele></trkpt>
      <trkpt lat="47.823703" lon="19.643080"><ele>138.5</ele></trkpt>
      <trkpt lat="47.823921" lon="19.642996"><ele>137.75</ele></trkpt>
      <trkpt lat="47.824139" lon="19.642947"><ele>137.0</ele></trkpt>
      <trkpt lat="47.824952" lon="19.642808"><ele>135.0</ele></trkpt>
      <trkpt lat="47.825518" lon="19.642705"><ele>133.0</ele></trkpt>
      <trkpt lat="47.825588" lon="19.642763"><ele>133.0</ele></trkpt>
      <trkpt lat="47.825891" lon="19.643172"><ele>132.0</ele></trkpt>
      <trkpt lat="47.826536" lon="19.644007"><ele>133.25</ele></trkpt>
      <trkpt lat="47.827145" lon="19.644821"><ele>135.0</ele></trkpt>
      <trkpt lat="47.827307" lon="19.645038"><ele>134.5</ele></trkpt>
      <trkpt lat="47.827695" lon="19.645554"><ele>133.25</ele></trkpt>
      <trkpt lat="47.828130" lon="19.646154"><ele>133.75</ele></trkpt>
      <trkpt lat="47.828233" lon="19.646323"><ele>133.75</ele></trkpt>
      <trkpt lat="47.828278" lon="19.646418"><ele>134.0</ele></trkpt>
      <trkpt lat="47.828325" lon="19.646541"><ele>134.0</ele></trkpt>
      <trkpt lat="47.828371" lon="19.646665"><ele>134.0</ele></trkpt>
      <trkpt lat="47.828413" lon="19.646823"><ele>134.5</ele></trkpt>
      <trkpt lat="47.828439" lon="19.646988"><ele>135.0</ele></trkpt>
      <trkpt lat="47.828478" lon="19.647404"><ele>136.0</ele></trkpt>
      <trkpt lat="47.828523" lon="19.648176"><ele>140.25</ele></trkpt>
      <trkpt lat="47.828625" lon="19.650237"><ele>144.0</ele></trkpt>
      <trkpt lat="47.828718" lon="19.652433"><ele>149.5</ele></trkpt>
      <trkpt lat="47.828819" lon="19.654380"><ele>150.0</ele></trkpt>
      <trkpt lat="47.828920" lon="19.656164"><ele>150.75</ele></trkpt>
      <trkpt lat="47.828975" lon="19.657402"><ele>149.0</ele></trkpt>
      <trkpt lat="47.829036" lon="19.658377"><ele>148.0</ele></trkpt>
      <trkpt lat="47.829129" lon="19.660390"><ele>151.0</ele></trkpt>
      <trkpt lat="47.829225" lon="19.662086"><ele>150.5</ele></trkpt>
      <trkpt lat="47.829355" lon="19.664587"><ele>150.0</ele></trkpt>
      <trkpt lat="47.829413" lon="19.665746"><ele>152.0</ele></trkpt>
      <trkpt lat="47.829439" lon="19.666226"><ele>152.0</ele></trkpt>
      <trkpt lat="47.829517" lon="19.667607"><ele>155.25</ele></trkpt>
      <trkpt lat="47.829575" lon="19.668773"><ele>155.0</ele></trkpt>
      <trkpt lat="47.829713" lon="19.671342"><ele>154.0</ele></trkpt>
      <trkpt lat="47.829717" lon="19.671403"><ele>154.0</ele></trkpt>
      <trkpt lat="47.829807" lon="19.673269"><ele>152.0</ele></trkpt>
      <trkpt lat="47.829897" lon="19.675407"><ele>150.0</ele></trkpt>
      <trkpt lat="47.829870" lon="19.675546"><ele>150.0</ele></trkpt>
      <trkpt lat="47.829734" lon="19.676022"><ele>150.75</ele></trkpt>
      <trkpt lat="47.829708" lon="19.676114"><ele>150.75</ele></trkpt>
      <trkpt lat="47.829685" lon="19.676238"><ele>150.5</ele></trkpt>
      <trkpt lat="47.829669" lon="19.676409"><ele>149.75</ele></trkpt>
      <trkpt lat="47.829687" lon="19.676628"><ele>149.0</ele></trkpt>
      <trkpt lat="47.829724" lon="19.676871"><ele>148.25</ele></trkpt>
      <trkpt lat="47.829728" lon="19.676918"><ele>148.0</ele></trkpt>
      <trkpt lat="47.829746" lon="19.677147"><ele>147.25</ele></trkpt>
      <trkpt lat="47.829746" lon="19.677365"><ele>146.5</ele></trkpt>
      <trkpt lat="47.829724" lon="19.678674"><ele>143.0</ele></trkpt>
      <trkpt lat="47.829722" lon="19.679076"><ele>143.0</ele></trkpt>
      <trkpt lat="47.829717" lon="19.679167"><ele>142.75</ele></trkpt>
      <trkpt lat="47.829497" lon="19.680204"><ele>139.25</ele></trkpt>
      <trkpt lat="47.829468" lon="19.680405"><ele>138.5</ele></trkpt>
      <trkpt lat="47.829450" lon="19.680598"><ele>137.75</ele></trkpt>
      <trkpt lat="47.829416" lon="19.681192"><ele>135.75</ele></trkpt>
      <trkpt lat="47.829396" lon="19.681332"><ele>135.75</ele></trkpt>
      <trkpt lat="47.829374" lon="19.681436"><ele>135.5</ele></trkpt>
      <trkpt lat="47.829404" lon="19.681442"><ele>135.75</ele></trkpt>
      <trkpt lat="47.829374" lon="19.681436"><ele>135.5</ele></trkpt>
      <trkpt lat="47.829355" lon="19.681512"><ele>135.25</ele></trkpt>
      <trkpt lat="47.829320" lon="19.681581"><ele>135.0</ele></trkpt>
      <trkpt lat="47.829280" lon="19.681608"><ele>135.0</ele></trkpt>
      <trkpt lat="47.829253" lon="19.681655"><ele>135.0</ele></trkpt>
      <trkpt lat="47.829234" lon="19.681688"><ele>134.75</ele></trkpt>
      <trkpt lat="47.829216" lon="19.681775"><ele>134.5</ele></trkpt>
      <trkpt lat="47.829214" lon="19.681849"><ele>134.25</ele></trkpt>
      <trkpt lat="47.829227" lon="19.681940"><ele>134.0</ele></trkpt>
      <trkpt lat="47.829245" lon="19.681987"><ele>134.0</ele></trkpt>
      <trkpt lat="47.829278" lon="19.682032"><ele>134.0</ele></trkpt>
      <trkpt lat="47.829301" lon="19.682058"><ele>134.0</ele></trkpt>
      <trkpt lat="47.829343" lon="19.682231"><ele>133.5</ele></trkpt>
      <trkpt lat="47.829352" lon="19.682449"><ele>133.75</ele></trkpt>
      <trkpt lat="47.829332" lon="19.682848"><ele>135.25</ele></trkpt>
      <trkpt lat="47.829244" lon="19.684580"><ele>135.0</ele></trkpt>
      <trkpt lat="47.829214" lon="19.685275"><ele>133.75</ele></trkpt>
      <trkpt lat="47.829198" lon="19.686218"><ele>134.75</ele></trkpt>
      <trkpt lat="47.829204" lon="19.686911"><ele>134.75</ele></trkpt>
      <trkpt lat="47.829208" lon="19.687354"><ele>136.25</ele></trkpt>
      <trkpt lat="47.829210" lon="19.687543"><ele>136.5</ele></trkpt>
      <trkpt lat="47.829206" lon="19.687945"><ele>136.0</ele></trkpt>
      <trkpt lat="47.829199" lon="19.688555"><ele>136.0</ele></trkpt>
      <trkpt lat="47.829171" lon="19.689673"><ele>138.5</ele></trkpt>
      <trkpt lat="47.829163" lon="19.689718"><ele>138.75</ele></trkpt>
      <trkpt lat="47.829155" lon="19.689766"><ele>139.25</ele></trkpt>
      <trkpt lat="47.829111" lon="19.689895"><ele>140.0</ele></trkpt>
      <trkpt lat="47.829047" lon="19.690029"><ele>140.75</ele></trkpt>
      <trkpt lat="47.828987" lon="19.690112"><ele>141.0</ele></trkpt>
      <trkpt lat="47.828916" lon="19.690178"><ele>141.25</ele></trkpt>
      <trkpt lat="47.828870" lon="19.690194"><ele>141.25</ele></trkpt>
      <trkpt lat="47.828269" lon="19.690283"><ele>141.75</ele></trkpt>
      <trkpt lat="47.827181" lon="19.690519"><ele>140.5</ele></trkpt>
      <trkpt lat="47.827147" lon="19.690524"><ele>140.75</ele></trkpt>
      <trkpt lat="47.826767" lon="19.690609"><ele>140.5</ele></trkpt>
      <trkpt lat="47.826335" lon="19.690712"><ele>142.0</ele></trkpt>
      <trkpt lat="47.826170" lon="19.690744"><ele>142.25</ele></trkpt>
      <trkpt lat="47.826049" lon="19.690771"><ele>142.25</ele></trkpt>
      <trkpt lat="47.825902" lon="19.690768"><ele>141.75</ele></trkpt>
      <trkpt lat="47.825833" lon="19.690752"><ele>141.25</ele></trkpt>
      <trkpt lat="47.825726" lon="19.690700"><ele>141.0</ele></trkpt>
      <trkpt lat="47.825513" lon="19.690499"><ele>139.75</ele></trkpt>
      <trkpt lat="47.825226" lon="19.690162"><ele>139.5</ele></trkpt>
      <trkpt lat="47.825140" lon="19.690080"><ele>139.25</ele></trkpt>
      <trkpt lat="47.825056" lon="19.690026"><ele>139.0</ele></trkpt>
      <trkpt lat="47.824949" lon="19.689987"><ele>139.0</ele></trkpt>
      <trkpt lat="47.824740" lon="19.689955"><ele>139.75</ele></trkpt>
      <trkpt lat="47.824607" lon="19.689946"><ele>140.0</ele></trkpt>
      <trkpt lat="47.824252" lon="19.689950"><ele>140.5</ele></trkpt>
      <trkpt lat="47.824114" lon="19.689965"><ele>140.5</ele></trkpt>
      <trkpt lat="47.823953" lon="19.690002"><ele>140.0</ele></trkpt>
      <trkpt lat="47.823820" lon="19.690052"><ele>140.0</ele></trkpt>
      <trkpt lat="47.823611" lon="19.690160"><ele>139.5</ele></trkpt>
      <trkpt lat="47.823451" lon="19.690256"><ele>138.75</ele></trkpt>
      <trkpt lat="47.822942" lon="19.690629"><ele>138.25</ele></trkpt>
      <trkpt lat="47.822675" lon="19.690801"><ele>137.5</ele></trkpt>
      <trkpt lat="47.822535" lon="19.690871"><ele>136.75</ele></trkpt>
      <trkpt lat="47.822427" lon="19.690902"><ele>136.25</ele></trkpt>
      <trkpt lat="47.822262" lon="19.690906"><ele>135.75</ele></trkpt>
      <trkpt lat="47.821913" lon="19.690839"><ele>137.0</ele></trkpt>
      <trkpt lat="47.821563" lon="19.690783"><ele>136.25</ele></trkpt>
      <trkpt lat="47.820835" lon="19.690705"><ele>136.0</ele></trkpt>
      <trkpt lat="47.820761" lon="19.690691"><ele>136.0</ele></trkpt>
      <trkpt lat="47.820689" lon="19.690662"><ele>136.25</ele></trkpt>
      <trkpt lat="47.820541" lon="19.690577"><ele>136.25</ele></trkpt>
      <trkpt lat="47.820220" lon="19.690302"><ele>137.25</ele></trkpt>
      <trkpt lat="47.820068" lon="19.690195"><ele>137.0</ele></trkpt>
      <trkpt lat="47.819948" lon="19.690140"><ele>137.5</ele></trkpt>
      <trkpt lat="47.819697" lon="19.690071"><ele>140.25</ele></trkpt>
      <trkpt lat="47.819538" lon="19.690048"><ele>141.25</ele></trkpt>
      <trkpt lat="47.819408" lon="19.690058"><ele>142.0</ele></trkpt>
      <trkpt lat="47.819239" lon="19.690100"><ele>141.5</ele></trkpt>
      <trkpt lat="47.818929" lon="19.690222"><ele>141.25</ele></trkpt>
      <trkpt lat="47.818787" lon="19.690294"><ele>142.25</ele></trkpt>
      <trkpt lat="47.818593" lon="19.690410"><ele>143.25</ele></trkpt>
      <trkpt lat="47.818407" lon="19.690539"><ele>143.0</ele></trkpt>
      <trkpt lat="47.818034" lon="19.690816"><ele>142.0</ele></trkpt>
      <trkpt lat="47.816335" lon="19.691850"><ele>140.5</ele></trkpt>
      <trkpt lat="47.816095" lon="19.692037"><ele>139.0</ele></trkpt>
      <trkpt lat="47.815887" lon="19.692264"><ele>139.25</ele></trkpt>
      <trkpt lat="47.815797" lon="19.692405"><ele>139.25</ele></trkpt>
      <trkpt lat="47.815716" lon="19.692559"><ele>139.0</ele></trkpt>
      <trkpt lat="47.815081" lon="19.693912"><ele>137.0</ele></trkpt>
      <trkpt lat="47.814851" lon="19.694338"><ele>136.75</ele></trkpt>
      <trkpt lat="47.814752" lon="19.694489"><ele>136.5</ele></trkpt>
      <trkpt lat="47.814590" lon="19.694681"><ele>137.75</ele></trkpt>
      <trkpt lat="47.814432" lon="19.694819"><ele>138.25</ele></trkpt>
      <trkpt lat="47.814321" lon="19.694902"><ele>138.25</ele></trkpt>
      <trkpt lat="47.814204" lon="19.694969"><ele>138.0</ele></trkpt>
      <trkpt lat="47.814015" lon="19.695052"><ele>138.0</ele></trkpt>
      <trkpt lat="47.813823" lon="19.695110"><ele>138.5</ele></trkpt>
      <trkpt lat="47.813587" lon="19.695109"><ele>139.25</ele></trkpt>
      <trkpt lat="47.813378" lon="19.695074"><ele>139.25</ele></trkpt>
      <trkpt lat="47.813270" lon="19.695042"><ele>139.0</ele></trkpt>
      <trkpt lat="47.813159" lon="19.694993"><ele>138.25</ele></trkpt>
      <trkpt lat="47.812826" lon="19.694823"><ele>137.5</ele></trkpt>
      <trkpt lat="47.812668" lon="19.694764"><ele>138.0</ele></trkpt>
      <trkpt lat="47.812535" lon="19.694742"><ele>138.75</ele></trkpt>
      <trkpt lat="47.812420" lon="19.694744"><ele>139.5</ele></trkpt>
      <trkpt lat="47.812278" lon="19.694754"><ele>140.5</ele></trkpt>
      <trkpt lat="47.812151" lon="19.694776"><ele>140.75</ele></trkpt>
      <trkpt lat="47.810752" lon="19.695125"><ele>139.75</ele></trkpt>
      <trkpt lat="47.809760" lon="19.695366"><ele>140.25</ele></trkpt>
      <trkpt lat="47.809509" lon="19.695394"><ele>141.5</ele></trkpt>
      <trkpt lat="47.809235" lon="19.695370"><ele>142.0</ele></trkpt>
      <trkpt lat="47.809019" lon="19.695327"><ele>142.5</ele></trkpt>
      <trkpt lat="47.808495" lon="19.695226"><ele>142.75</ele></trkpt>
      <trkpt lat="47.808341" lon="19.695189"><ele>141.25</ele></trkpt>
      <trkpt lat="47.808197" lon="19.695134"><ele>140.25</ele></trkpt>
      <trkpt lat="47.807964" lon="19.695028"><ele>140.0</ele></trkpt>
      <trkpt lat="47.807731" lon="19.694857"><ele>139.5</ele></trkpt>
      <trkpt lat="47.807568" lon="19.694692"><ele>139.5</ele></trkpt>
      <trkpt lat="47.807399" lon="19.694468"><ele>139.25</ele></trkpt>
      <trkpt lat="47.806918" lon="19.693757"><ele>139.5</ele></trkpt>
      <trkpt lat="47.806451" lon="19.693033"><ele>138.75</ele></trkpt>
      <trkpt lat="47.806247" lon="19.692734"><ele>138.5</ele></trkpt>
      <trkpt lat="47.806029" lon="19.692456"><ele>137.25</ele></trkpt>
      <trkpt lat="47.805826" lon="19.692256"><ele>136.25</ele></trkpt>
      <trkpt lat="47.805645" lon="19.692120"><ele>136.25</ele></trkpt>
      <trkpt lat="47.805488" lon="19.692033"><ele>136.25</ele></trkpt>
      <trkpt lat="47.805306" lon="19.691967"><ele>136.0</ele></trkpt>
      <trkpt lat="47.805098" lon="19.691930"><ele>135.75</ele></trkpt>
      <trkpt lat="47.804902" lon="19.691927"><ele>136.25</ele></trkpt>
      <trkpt lat="47.804704" lon="19.691954"><ele>136.75</ele></trkpt>
      <trkpt lat="47.804093" lon="19.692007"><ele>135.0</ele></trkpt>
      <trkpt lat="47.803240" lon="19.692108"><ele>135.0</ele></trkpt>
      <trkpt lat="47.803075" lon="19.692122"><ele>135.5</ele></trkpt>
      <trkpt lat="47.802905" lon="19.692124"><ele>135.75</ele></trkpt>
      <trkpt lat="47.802558" lon="19.692082"><ele>136.0</ele></trkpt>
      <trkpt lat="47.802277" lon="19.691993"><ele>135.25</ele></trkpt>
      <trkpt lat="47.801279" lon="19.691636"><ele>135.25</ele></trkpt>
      <trkpt lat="47.801129" lon="19.691560"><ele>135.5</ele></trkpt>
      <trkpt lat="47.800988" lon="19.691460"><ele>135.5</ele></trkpt>
      <trkpt lat="47.800414" lon="19.691011"><ele>135.75</ele></trkpt>
      <trkpt lat="47.800269" lon="19.690933"><ele>135.75</ele></trkpt>
      <trkpt lat="47.800076" lon="19.690869"><ele>136.5</ele></trkpt>
      <trkpt lat="47.799429" lon="19.690761"><ele>137.5</ele></trkpt>
      <trkpt lat="47.799287" lon="19.690739"><ele>137.5</ele></trkpt>
      <trkpt lat="47.799091" lon="19.690667"><ele>138.0</ele></trkpt>
      <trkpt lat="47.798545" lon="19.690398"><ele>138.0</ele></trkpt>
      <trkpt lat="47.798406" lon="19.690320"><ele>137.25</ele></trkpt>
      <trkpt lat="47.798272" lon="19.690230"><ele>137.0</ele></trkpt>
      <trkpt lat="47.798140" lon="19.690117"><ele>137.0</ele></trkpt>
      <trkpt lat="47.798078" lon="19.690058"><ele>137.0</ele></trkpt>
      <trkpt lat="47.797831" lon="19.689836"><ele>136.25</ele></trkpt>
      <trkpt lat="47.797748" lon="19.689791"><ele>136.0</ele></trkpt>
      <trkpt lat="47.797662" lon="19.689760"><ele>135.5</ele></trkpt>
      <trkpt lat="47.797485" lon="19.689714"><ele>134.75</ele></trkpt>
      <trkpt lat="47.797228" lon="19.689685"><ele>134.75</ele></trkpt>
      <trkpt lat="47.797117" lon="19.689684"><ele>134.25</ele></trkpt>
      <trkpt lat="47.797006" lon="19.689695"><ele>134.0</ele></trkpt>
      <trkpt lat="47.796836" lon="19.689741"><ele>133.5</ele></trkpt>
      <trkpt lat="47.796479" lon="19.689862"><ele>133.0</ele></trkpt>
      <trkpt lat="47.796362" lon="19.689804"><ele>133.0</ele></trkpt>
      <trkpt lat="47.796308" lon="19.689754"><ele>133.0</ele></trkpt>
      <trkpt lat="47.796249" lon="19.689665"><ele>133.0</ele></trkpt>
      <trkpt lat="47.796235" lon="19.689336"><ele>133.0</ele></trkpt>
      <trkpt lat="47.796171" lon="19.688467"><ele>132.25</ele></trkpt>
      <trkpt lat="47.796099" lon="19.687784"><ele>131.0</ele></trkpt>
      <trkpt lat="47.795976" lon="19.686460"><ele>131.0</ele></trkpt>
      <trkpt lat="47.795966" lon="19.686368"><ele>130.75</ele></trkpt>
      <trkpt lat="47.795920" lon="19.685951"><ele>129.75</ele></trkpt>
      <trkpt lat="47.795913" lon="19.685873"><ele>129.5</ele></trkpt>
      <trkpt lat="47.795858" lon="19.685360"><ele>128.0</ele></trkpt>
      <trkpt lat="47.795777" lon="19.684531"><ele>127.75</ele></trkpt>
      <trkpt lat="47.795171" lon="19.678889"><ele>128.5</ele></trkpt>
      <trkpt lat="47.794311" lon="19.670859"><ele>127.75</ele></trkpt>
      <trkpt lat="47.794299" lon="19.670717"><ele>128.0</ele></trkpt>
      <trkpt lat="47.794281" lon="19.670561"><ele>128.0</ele></trkpt>
      <trkpt lat="47.794241" lon="19.670162"><ele>128.5</ele></trkpt>
      <trkpt lat="47.794225" lon="19.670034"><ele>128.75</ele></trkpt>
      <trkpt lat="47.794204" lon="19.669844"><ele>128.75</ele></trkpt>
      <trkpt lat="47.794063" lon="19.668630"><ele>127.5</ele></trkpt>
      <trkpt lat="47.793766" lon="19.668624"><ele>127.75</ele></trkpt>
      <trkpt lat="47.793473" lon="19.668638"><ele>129.25</ele></trkpt>
      <trkpt lat="47.791708" lon="19.668809"><ele>130.75</ele></trkpt>
      <trkpt lat="47.791651" lon="19.668708"><ele>131.0</ele></trkpt>
      <trkpt lat="47.791598" lon="19.668669"><ele>131.0</ele></trkpt>
      <trkpt lat="47.791419" lon="19.668605"><ele>131.75</ele></trkpt>
      <trkpt lat="47.791297" lon="19.668583"><ele>132.25</ele></trkpt>
      <trkpt lat="47.791297" lon="19.668583"><ele>132.25</ele></trkpt>
      <trkpt lat="47.791419" lon="19.668605"><ele>131.75</ele></trkpt>
      <trkpt lat="47.791598" lon="19.668669"><ele>131.0</ele></trkpt>
      <trkpt lat="47.791651" lon="19.668708"><ele>131.0</ele></trkpt>
      <trkpt lat="47.791708" lon="19.668809"><ele>130.75</ele></trkpt>
      <trkpt lat="47.793473" lon="19.668638"><ele>129.25</ele></trkpt>
      <trkpt lat="47.793766" lon="19.668624"><ele>127.75</ele></trkpt>
      <trkpt lat="47.794063" lon="19.668630"><ele>127.5</ele></trkpt>
      <trkpt lat="47.794204" lon="19.669844"><ele>128.75</ele></trkpt>
      <trkpt lat="47.794225" lon="19.670034"><ele>128.75</ele></trkpt>
      <trkpt lat="47.794241" lon="19.670162"><ele>128.5</ele></trkpt>
      <trkpt lat="47.794281" lon="19.670561"><ele>128.0</ele></trkpt>
      <trkpt lat="47.794299" lon="19.670717"><ele>128.0</ele></trkpt>
      <trkpt lat="47.794311" lon="19.670859"><ele>127.75</ele></trkpt>
      <trkpt lat="47.795171" lon="19.678889"><ele>128.5</ele></trkpt>
      <trkpt lat="47.795777" lon="19.684531"><ele>127.75</ele></trkpt>
      <trkpt lat="47.795858" lon="19.685360"><ele>128.0</ele></trkpt>
      <trkpt lat="47.795913" lon="19.685873"><ele>129.5</ele></trkpt>
      <trkpt lat="47.795920" lon="19.685951"><ele>129.75</ele></trkpt>
      <trkpt lat="47.795625" lon="19.685941"><ele>128.5</ele></trkpt>
      <trkpt lat="47.794633" lon="19.685952"><ele>126.75</ele></trkpt>
      <trkpt lat="47.792401" lon="19.686035"><ele>128.0</ele></trkpt>
      <trkpt lat="47.792268" lon="19.686047"><ele>128.0</ele></trkpt>
      <trkpt lat="47.791162" lon="19.686205"><ele>130.0</ele></trkpt>
      <trkpt lat="47.786571" lon="19.686341"><ele>125.5</ele></trkpt>
      <trkpt lat="47.785640" lon="19.686358"><ele>126.5</ele></trkpt>
      <trkpt lat="47.782390" lon="19.686332"><ele>126.25</ele></trkpt>
      <trkpt lat="47.777570" lon="19.686229"><ele>124.25</ele></trkpt>
      <trkpt lat="47.775993" lon="19.686171"><ele>125.25</ele></trkpt>
      <trkpt lat="47.774138" lon="19.686251"><ele>124.75</ele></trkpt>
      <trkpt lat="47.772930" lon="19.686237"><ele>125.5</ele></trkpt>
      <trkpt lat="47.771225" lon="19.686248"><ele>125.5</ele></trkpt>
      <trkpt lat="47.769885" lon="19.686303"><ele>123.25</ele></trkpt>
      <trkpt lat="47.767605" lon="19.686299"><ele>124.75</ele></trkpt>
      <trkpt lat="47.764638" lon="19.686208"><ele>123.5</ele></trkpt>
      <trkpt lat="47.764542" lon="19.686197"><ele>123.75</ele></trkpt>
      <trkpt lat="47.764313" lon="19.686078"><ele>124.25</ele></trkpt>
      <trkpt lat="47.764099" lon="19.686069"><ele>124.75</ele></trkpt>
      <trkpt lat="47.764047" lon="19.686067"><ele>124.5</ele></trkpt>
      <trkpt lat="47.763732" lon="19.686164"><ele>122.75</ele></trkpt>
      <trkpt lat="47.759289" lon="19.685708"><ele>125.0</ele></trkpt>
      <trkpt lat="47.759149" lon="19.685672"><ele>125.0</ele></trkpt>
      <trkpt lat="47.759020" lon="19.685586"><ele>125.0</ele></trkpt>
      <trkpt lat="47.758891" lon="19.685567"><ele>125.0</ele></trkpt>
      <trkpt lat="47.758730" lon="19.685619"><ele>125.0</ele></trkpt>
      <trkpt lat="47.758577" lon="19.685610"><ele>124.75</ele></trkpt>
      <trkpt lat="47.751766" lon="19.684798"><ele>122.5</ele></trkpt>
      <trkpt lat="47.751540" lon="19.684777"><ele>123.0</ele></trkpt>
      <trkpt lat="47.751311" lon="19.684728"><ele>122.5</ele></trkpt>
      <trkpt lat="47.750883" lon="19.684691"><ele>119.5</ele></trkpt>
      <trkpt lat="47.744201" lon="19.683820"><ele>120.5</ele></trkpt>
      <trkpt lat="47.740543" lon="19.683396"><ele>120.0</ele></trkpt>
      <trkpt lat="47.738146" lon="19.683132"><ele>121.0</ele></trkpt>
      <trkpt lat="47.737972" lon="19.683155"><ele>121.25</ele></trkpt>
      <trkpt lat="47.737633" lon="19.683124"><ele>122.5</ele></trkpt>
      <trkpt lat="47.735182" lon="19.683191"><ele>118.75</ele></trkpt>
      <trkpt lat="47.729485" lon="19.683274"><ele>121.0</ele></trkpt>
      <trkpt lat="47.729163" lon="19.683408"><ele>121.25</ele></trkpt>
      <trkpt lat="47.728447" lon="19.683657"><ele>121.5</ele></trkpt>
      <trkpt lat="47.727171" lon="19.683973"><ele>120.0</ele></trkpt>
      <trkpt lat="47.726746" lon="19.684322"><ele>119.5</ele></trkpt>
      <trkpt lat="47.725862" lon="19.685503"><ele>119.0</ele></trkpt>
      <trkpt lat="47.724768" lon="19.686923"><ele>120.5</ele></trkpt>
      <trkpt lat="47.724482" lon="19.687133"><ele>120.5</ele></trkpt>
      <trkpt lat="47.724172" lon="19.687244"><ele>120.0</ele></trkpt>
      <trkpt lat="47.723793" lon="19.687200"><ele>119.5</ele></trkpt>
      <trkpt lat="47.723531" lon="19.687274"><ele>119.25</ele></trkpt>
      <trkpt lat="47.711574" lon="19.686971"><ele>116.0</ele></trkpt>
      <trkpt lat="47.711290" lon="19.686909"><ele>116.75</ele></trkpt>
      <trkpt lat="47.711026" lon="19.686960"><ele>118.25</ele></trkpt>
      <trkpt lat="47.707168" lon="19.686882"><ele>117.75</ele></trkpt>
      <trkpt lat="47.696427" lon="19.686723"><ele>116.0</ele></trkpt>
      <trkpt lat="47.696300" lon="19.686721"><ele>116.75</ele></trkpt>
      <trkpt lat="47.695985" lon="19.686717"><ele>118.0</ele></trkpt>
      <trkpt lat="47.695709" lon="19.686775"><ele>118.0</ele></trkpt>
      <trkpt lat="47.695547" lon="19.686705"><ele>117.75</ele></trkpt>
      <trkpt lat="47.695284" lon="19.686645"><ele>117.75</ele></trkpt>
      <trkpt lat="47.695002" lon="19.686563"><ele>114.5</ele></trkpt>
      <trkpt lat="47.694339" lon="19.686369"><ele>114.75</ele></trkpt>
      <trkpt lat="47.693244" lon="19.686006"><ele>116.25</ele></trkpt>
      <trkpt lat="47.691446" lon="19.685428"><ele>114.5</ele></trkpt>
      <trkpt lat="47.689300" lon="19.684730"><ele>115.0</ele></trkpt>
      <trkpt lat="47.689116" lon="19.684662"><ele>114.75</ele></trkpt>
      <trkpt lat="47.689050" lon="19.684624"><ele>114.75</ele></trkpt>
      <trkpt lat="47.688897" lon="19.684485"><ele>114.25</ele></trkpt>
      <trkpt lat="47.688735" lon="19.684372"><ele>114.5</ele></trkpt>
      <trkpt lat="47.688414" lon="19.684225"><ele>115.0</ele></trkpt>
      <trkpt lat="47.688088" lon="19.684139"><ele>117.5</ele></trkpt>
      <trkpt lat="47.687914" lon="19.684127"><ele>117.25</ele></trkpt>
      <trkpt lat="47.687783" lon="19.684137"><ele>117.0</ele></trkpt>
      <trkpt lat="47.687659" lon="19.684172"><ele>116.0</ele></trkpt>
      <trkpt lat="47.687538" lon="19.684149"><ele>115.0</ele></trkpt>
      <trkpt lat="47.684776" lon="19.683291"><ele>114.75</ele></trkpt>
      <trkpt lat="47.683347" lon="19.682836"><ele>113.75</ele></trkpt>
      <trkpt lat="47.683068" lon="19.682724"><ele>115.75</ele></trkpt>
      <trkpt lat="47.682923" lon="19.682666"><ele>116.0</ele></trkpt>
      <trkpt lat="47.679684" lon="19.681621"><ele>110.25</ele></trkpt>
      <trkpt lat="47.679507" lon="19.681571"><ele>111.0</ele></trkpt>
      <trkpt lat="47.678544" lon="19.681263"><ele>112.75</ele></trkpt>
      <trkpt lat="47.677976" lon="19.681110"><ele>114.0</ele></trkpt>
      <trkpt lat="47.677688" lon="19.681007"><ele>113.5</ele></trkpt>
      <trkpt lat="47.676172" lon="19.680530"><ele>116.0</ele></trkpt>
      <trkpt lat="47.676001" lon="19.680467"><ele>115.0</ele></trkpt>
      <trkpt lat="47.675914" lon="19.680409"><ele>114.5</ele></trkpt>
      <trkpt lat="47.675691" lon="19.680184"><ele>114.0</ele></trkpt>
      <trkpt lat="47.675618" lon="19.680121"><ele>113.75</ele></trkpt>
      <trkpt lat="47.675500" lon="19.680084"><ele>114.25</ele></trkpt>
      <trkpt lat="47.675360" lon="19.680107"><ele>115.25</ele></trkpt>
      <trkpt lat="47.675186" lon="19.680159"><ele>116.0</ele></trkpt>
      <trkpt lat="47.675063" lon="19.680191"><ele>116.5</ele></trkpt>
      <trkpt lat="47.674933" lon="19.680209"><ele>116.5</ele></trkpt>
      <trkpt lat="47.674786" lon="19.680214"><ele>116.0</ele></trkpt>
      <trkpt lat="47.674501" lon="19.680132"><ele>115.0</ele></trkpt>
      <trkpt lat="47.674348" lon="19.680105"><ele>114.75</ele></trkpt>
      <trkpt lat="47.673333" lon="19.679798"><ele>115.5</ele></trkpt>
      <trkpt lat="47.671835" lon="19.679319"><ele>116.0</ele></trkpt>
      <trkpt lat="47.670495" lon="19.678937"><ele>113.0</ele></trkpt>
      <trkpt lat="47.669863" lon="19.678714"><ele>114.0</ele></trkpt>
      <trkpt lat="47.669052" lon="19.678484"><ele>113.5</ele></trkpt>
      <trkpt lat="47.668373" lon="19.678281"><ele>115.5</ele></trkpt>
      <trkpt lat="47.668380" lon="19.678206"><ele>115.25</ele></trkpt>
      <trkpt lat="47.668451" lon="19.677396"><ele>114.5</ele></trkpt>
      <trkpt lat="47.668455" lon="19.677357"><ele>114.5</ele></trkpt>
      <trkpt lat="47.668505" lon="19.676693"><ele>116.25</ele></trkpt>
      <trkpt lat="47.668513" lon="19.676444"><ele>117.25</ele></trkpt>
      <trkpt lat="47.668517" lon="19.676154"><ele>118.5</ele></trkpt>
      <trkpt lat="47.668507" lon="19.675758"><ele>119.0</ele></trkpt>
      <trkpt lat="47.668498" lon="19.675448"><ele>118.0</ele></trkpt>
      <trkpt lat="47.668479" lon="19.675216"><ele>117.25</ele></trkpt>
      <trkpt lat="47.668465" lon="19.675045"><ele>117.5</ele></trkpt>
      <trkpt lat="47.668512" lon="19.674992"><ele>117.25</ele></trkpt>
      <trkpt lat="47.668516" lon="19.674712"><ele>116.75</ele></trkpt>
      <trkpt lat="47.668544" lon="19.674565"><ele>116.75</ele></trkpt>
      <trkpt lat="47.668588" lon="19.674436"><ele>116.75</ele></trkpt>
      <trkpt lat="47.668587" lon="19.674355"><ele>117.0</ele></trkpt>
      <trkpt lat="47.668568" lon="19.674259"><ele>117.5</ele></trkpt>
      <trkpt lat="47.668482" lon="19.674134"><ele>117.25</ele></trkpt>
      <trkpt lat="47.668450" lon="19.674047"><ele>117.0</ele></trkpt>
      <trkpt lat="47.668436" lon="19.674011"><ele>117.0</ele></trkpt>
      <trkpt lat="47.668378" lon="19.673670"><ele>116.0</ele></trkpt>
      <trkpt lat="47.668331" lon="19.673160"><ele>115.5</ele></trkpt>
      <trkpt lat="47.668224" lon="19.672073"><ele>116.75</ele></trkpt>
      <trkpt lat="47.668193" lon="19.671756"><ele>116.75</ele></trkpt>
      <trkpt lat="47.668096" lon="19.670786"><ele>117.0</ele></trkpt>
      <trkpt lat="47.668065" lon="19.670571"><ele>117.0</ele></trkpt>
      <trkpt lat="47.668036" lon="19.670430"><ele>117.0</ele></trkpt>
      <trkpt lat="47.667915" lon="19.670084"><ele>117.0</ele></trkpt>
      <trkpt lat="47.667879" lon="19.669997"><ele>117.0</ele></trkpt>
      <trkpt lat="47.667874" lon="19.669985"><ele>117.25</ele></trkpt>
      <trkpt lat="47.667745" lon="19.669679"><ele>116.25</ele></trkpt>
      <trkpt lat="47.667698" lon="19.669588"><ele>116.0</ele></trkpt>
      <trkpt lat="47.667680" lon="19.669501"><ele>116.0</ele></trkpt>
      <trkpt lat="47.667701" lon="19.669416"><ele>116.0</ele></trkpt>
      <trkpt lat="47.667734" lon="19.669352"><ele>116.25</ele></trkpt>
      <trkpt lat="47.667770" lon="19.669328"><ele>116.25</ele></trkpt>
      <trkpt lat="47.667824" lon="19.669321"><ele>116.5</ele></trkpt>
      <trkpt lat="47.667898" lon="19.669352"><ele>117.0</ele></trkpt>
      <trkpt lat="47.667981" lon="19.669402"><ele>117.5</ele></trkpt>
      <trkpt lat="47.668096" lon="19.669509"><ele>118.0</ele></trkpt>
      <trkpt lat="47.668243" lon="19.669721"><ele>118.5</ele></trkpt>
      <trkpt lat="47.668274" lon="19.669799"><ele>118.5</ele></trkpt>
      <trkpt lat="47.668289" lon="19.669907"><ele>118.25</ele></trkpt>
      <trkpt lat="47.668279" lon="19.669976"><ele>118.0</ele></trkpt>
      <trkpt lat="47.668261" lon="19.670035"><ele>117.75</ele></trkpt>
      <trkpt lat="47.668230" lon="19.670087"><ele>117.75</ele></trkpt>
      <trkpt lat="47.668191" lon="19.670117"><ele>117.75</ele></trkpt>
      <trkpt lat="47.668147" lon="19.670135"><ele>117.75</ele></trkpt>
      <trkpt lat="47.668102" lon="19.670131"><ele>117.75</ele></trkpt>
      <trkpt lat="47.668055" lon="19.670108"><ele>117.75</ele></trkpt>
      <trkpt lat="47.668008" lon="19.670066"><ele>117.75</ele></trkpt>
      <trkpt lat="47.667979" lon="19.670012"><ele>117.5</ele></trkpt>
      <trkpt lat="47.667933" lon="19.669835"><ele>117.5</ele></trkpt>
      <trkpt lat="47.667908" lon="19.669782"><ele>117.25</ele></trkpt>
      <trkpt lat="47.667867" lon="19.669739"><ele>117.25</ele></trkpt>
      <trkpt lat="47.667787" lon="19.669706"><ele>116.75</ele></trkpt>
      <trkpt lat="47.667765" lon="19.669695"><ele>116.75</ele></trkpt>
      <trkpt lat="47.667514" lon="19.669515"><ele>115.75</ele></trkpt>
      <trkpt lat="47.667296" lon="19.669342"><ele>115.25</ele></trkpt>
      <trkpt lat="47.667144" lon="19.669210"><ele>114.5</ele></trkpt>
      <trkpt lat="47.667097" lon="19.669160"><ele>114.5</ele></trkpt>
      <trkpt lat="47.667067" lon="19.669108"><ele>114.5</ele></trkpt>
      <trkpt lat="47.666966" lon="19.668790"><ele>114.75</ele></trkpt>
      <trkpt lat="47.666897" lon="19.668830"><ele>114.5</ele></trkpt>
      <trkpt lat="47.666847" lon="19.668624"><ele>115.75</ele></trkpt>
      <trkpt lat="47.666780" lon="19.668455"><ele>117.0</ele></trkpt>
      <trkpt lat="47.666689" lon="19.668261"><ele>118.25</ele></trkpt>
      <trkpt lat="47.666611" lon="19.668053"><ele>119.0</ele></trkpt>
      <trkpt lat="47.666539" lon="19.667745"><ele>119.25</ele></trkpt>
      <trkpt lat="47.666390" lon="19.667169"><ele>118.0</ele></trkpt>
      <trkpt lat="47.665735" lon="19.667484"><ele>118.75</ele></trkpt>
      <trkpt lat="47.665268" lon="19.667701"><ele>118.5</ele></trkpt>
      <trkpt lat="47.665193" lon="19.667739"><ele>118.0</ele></trkpt>
      <trkpt lat="47.665053" lon="19.668957"><ele>115.0</ele></trkpt>
      <trkpt lat="47.665043" lon="19.669354"><ele>114.25</ele></trkpt>
      <trkpt lat="47.664733" lon="19.669542"><ele>114.75</ele></trkpt>
      <trkpt lat="47.664420" lon="19.669700"><ele>116.0</ele></trkpt>
      <trkpt lat="47.664203" lon="19.669784"><ele>116.0</ele></trkpt>
      <trkpt lat="47.663598" lon="19.670056"><ele>115.0</ele></trkpt>
      <trkpt lat="47.663336" lon="19.670126"><ele>115.75</ele></trkpt>
      <trkpt lat="47.663339" lon="19.670159"><ele>115.75</ele></trkpt>
      <trkpt lat="47.663470" lon="19.670153"><ele>115.5</ele></trkpt>
      <trkpt lat="47.663574" lon="19.671403"><ele>118.75</ele></trkpt>
      <trkpt lat="47.663585" lon="19.671536"><ele>118.75</ele></trkpt>
      <trkpt lat="47.663764" lon="19.671490"><ele>119.0</ele></trkpt>
      <trkpt lat="47.663779" lon="19.671487"><ele>119.0</ele></trkpt>
      <trkpt lat="47.663784" lon="19.671552"><ele>119.0</ele></trkpt>
      <trkpt lat="47.663715" lon="19.671684"><ele>118.75</ele></trkpt>
      <trkpt lat="47.663459" lon="19.671729"><ele>118.25</ele></trkpt>
      <trkpt lat="47.663266" lon="19.671763"><ele>117.75</ele></trkpt>
      <trkpt lat="47.662269" lon="19.671935"><ele>116.25</ele></trkpt>
      <trkpt lat="47.662305" lon="19.672415"><ele>114.5</ele></trkpt>
      <trkpt lat="47.662312" lon="19.672504"><ele>114.25</ele></trkpt>
      <trkpt lat="47.662541" lon="19.672472"><ele>115.0</ele></trkpt>
      <trkpt lat="47.662564" lon="19.672795"><ele>115.0</ele></trkpt>
      <trkpt lat="47.662405" lon="19.672822"><ele>114.5</ele></trkpt>
      <trkpt lat="47.662366" lon="19.672828"><ele>114.25</ele></trkpt>
      <trkpt lat="47.660961" lon="19.673060"><ele>116.75</ele></trkpt>
      <trkpt lat="47.660715" lon="19.673093"><ele>116.75</ele></trkpt>
      <trkpt lat="47.660576" lon="19.673133"><ele>116.25</ele></trkpt>
      <trkpt lat="47.660489" lon="19.673166"><ele>116.0</ele></trkpt>
      <trkpt lat="47.660408" lon="19.673224"><ele>115.5</ele></trkpt>
      <trkpt lat="47.660342" lon="19.673293"><ele>115.0</ele></trkpt>
      <trkpt lat="47.660292" lon="19.673361"><ele>114.75</ele></trkpt>
      <trkpt lat="47.660244" lon="19.673447"><ele>114.5</ele></trkpt>
      <trkpt lat="47.660176" lon="19.673626"><ele>113.75</ele></trkpt>
      <trkpt lat="47.660148" lon="19.673761"><ele>113.5</ele></trkpt>
      <trkpt lat="47.660141" lon="19.673882"><ele>113.5</ele></trkpt>
      <trkpt lat="47.660151" lon="19.674230"><ele>114.0</ele></trkpt>
      <trkpt lat="47.660149" lon="19.674332"><ele>114.0</ele></trkpt>
      <trkpt lat="47.660136" lon="19.674434"><ele>114.0</ele></trkpt>
      <trkpt lat="47.660113" lon="19.674498"><ele>114.0</ele></trkpt>
      <trkpt lat="47.660092" lon="19.674533"><ele>114.0</ele></trkpt>
      <trkpt lat="47.660063" lon="19.674570"><ele>114.25</ele></trkpt>
      <trkpt lat="47.660026" lon="19.674601"><ele>114.5</ele></trkpt>
      <trkpt lat="47.659985" lon="19.674623"><ele>114.5</ele></trkpt>
      <trkpt lat="47.659923" lon="19.674639"><ele>115.0</ele></trkpt>
      <trkpt lat="47.658413" lon="19.674913"><ele>115.5</ele></trkpt>
      <trkpt lat="47.658263" lon="19.674931"><ele>114.75</ele></trkpt>
      <trkpt lat="47.658179" lon="19.674911"><ele>114.5</ele></trkpt>
      <trkpt lat="47.658125" lon="19.674889"><ele>114.25</ele></trkpt>
      <trkpt lat="47.658040" lon="19.674828"><ele>113.75</ele></trkpt>
      <trkpt lat="47.657906" lon="19.674702"><ele>113.25</ele></trkpt>
      <trkpt lat="47.657854" lon="19.674674"><ele>113.0</ele></trkpt>
      <trkpt lat="47.657791" lon="19.674655"><ele>113.0</ele></trkpt>
      <trkpt lat="47.657212" lon="19.674692"><ele>114.0</ele></trkpt>
      <trkpt lat="47.657104" lon="19.674670"><ele>114.25</ele></trkpt>
      <trkpt lat="47.657063" lon="19.674643"><ele>114.25</ele></trkpt>
      <trkpt lat="47.657026" lon="19.674597"><ele>114.75</ele></trkpt>
      <trkpt lat="47.656989" lon="19.674531"><ele>115.25</ele></trkpt>
      <trkpt lat="47.656949" lon="19.674397"><ele>116.0</ele></trkpt>
      <trkpt lat="47.656677" lon="19.672900"><ele>117.0</ele></trkpt>
      <trkpt lat="47.656648" lon="19.672836"><ele>116.75</ele></trkpt>
      <trkpt lat="47.656612" lon="19.672793"><ele>116.5</ele></trkpt>
      <trkpt lat="47.656566" lon="19.672765"><ele>116.25</ele></trkpt>
      <trkpt lat="47.656515" lon="19.672746"><ele>115.75</ele></trkpt>
      <trkpt lat="47.654761" lon="19.673072"><ele>113.0</ele></trkpt>
      <trkpt lat="47.654241" lon="19.673164"><ele>113.5</ele></trkpt>
      <trkpt lat="47.653969" lon="19.673190"><ele>114.0</ele></trkpt>
      <trkpt lat="47.653918" lon="19.673184"><ele>114.0</ele></trkpt>
      <trkpt lat="47.653872" lon="19.673161"><ele>113.75</ele></trkpt>
      <trkpt lat="47.653807" lon="19.673110"><ele>113.5</ele></trkpt>
      <trkpt lat="47.653770" lon="19.673069"><ele>113.5</ele></trkpt>
      <trkpt lat="47.653743" lon="19.673009"><ele>113.25</ele></trkpt>
      <trkpt lat="47.653727" lon="19.672929"><ele>113.0</ele></trkpt>
      <trkpt lat="47.653702" lon="19.672736"><ele>113.0</ele></trkpt>
      <trkpt lat="47.653654" lon="19.672409"><ele>113.25</ele></trkpt>
      <trkpt lat="47.653507" lon="19.671603"><ele>114.5</ele></trkpt>
      <trkpt lat="47.653450" lon="19.671328"><ele>114.0</ele></trkpt>
      <trkpt lat="47.653403" lon="19.671141"><ele>114.25</ele></trkpt>
      <trkpt lat="47.653314" lon="19.670875"><ele>114.75</ele></trkpt>
      <trkpt lat="47.653253" lon="19.670721"><ele>114.5</ele></trkpt>
      <trkpt lat="47.653114" lon="19.670432"><ele>114.0</ele></trkpt>
      <trkpt lat="47.653038" lon="19.670300"><ele>113.75</ele></trkpt>
      <trkpt lat="47.652881" lon="19.670087"><ele>113.75</ele></trkpt>
      <trkpt lat="47.652744" lon="19.669930"><ele>113.75</ele></trkpt>
      <trkpt lat="47.652629" lon="19.669816"><ele>113.5</ele></trkpt>
      <trkpt lat="47.652428" lon="19.669672"><ele>114.0</ele></trkpt>
      <trkpt lat="47.652328" lon="19.669611"><ele>114.5</ele></trkpt>
      <trkpt lat="47.652200" lon="19.669553"><ele>115.0</ele></trkpt>
      <trkpt lat="47.652054" lon="19.669508"><ele>114.5</ele></trkpt>
      <trkpt lat="47.651880" lon="19.669481"><ele>113.75</ele></trkpt>
      <trkpt lat="47.651706" lon="19.669465"><ele>114.0</ele></trkpt>
      <trkpt lat="47.651530" lon="19.669476"><ele>114.75</ele></trkpt>
      <trkpt lat="47.651404" lon="19.669498"><ele>115.75</ele></trkpt>
      <trkpt lat="47.651235" lon="19.669548"><ele>116.0</ele></trkpt>
      <trkpt lat="47.648277" lon="19.670826"><ele>113.25</ele></trkpt>
      <trkpt lat="47.644263" lon="19.672566"><ele>114.25</ele></trkpt>
      <trkpt lat="47.641091" lon="19.673966"><ele>111.25</ele></trkpt>
      <trkpt lat="47.635160" lon="19.676582"><ele>112.0</ele></trkpt>
      <trkpt lat="47.630511" lon="19.678569"><ele>111.75</ele></trkpt>
      <trkpt lat="47.623406" lon="19.681607"><ele>112.0</ele></trkpt>
      <trkpt lat="47.623110" lon="19.681678"><ele>111.0</ele></trkpt>
      <trkpt lat="47.622800" lon="19.681672"><ele>111.0</ele></trkpt>
      <trkpt lat="47.620624" lon="19.680882"><ele>114.0</ele></trkpt>
      <trkpt lat="47.620185" lon="19.680912"><ele>114.0</ele></trkpt>
      <trkpt lat="47.617730" lon="19.681823"><ele>112.5</ele></trkpt>
      <trkpt lat="47.617621" lon="19.681859"><ele>112.5</ele></trkpt>
      <trkpt lat="47.617018" lon="19.682081"><ele>112.0</ele></trkpt>
      <trkpt lat="47.616089" lon="19.682421"><ele>112.75</ele></trkpt>
      <trkpt lat="47.615546" lon="19.682610"><ele>110.0</ele></trkpt>
      <trkpt lat="47.610571" lon="19.684444"><ele>110.0</ele></trkpt>
      <trkpt lat="47.610263" lon="19.684598"><ele>110.5</ele></trkpt>
      <trkpt lat="47.610096" lon="19.684753"><ele>111.0</ele></trkpt>
      <trkpt lat="47.609892" lon="19.684748"><ele>111.0</ele></trkpt>
      <trkpt lat="47.609644" lon="19.684847"><ele>111.0</ele></trkpt>
      <trkpt lat="47.607201" lon="19.685732"><ele>112.0</ele></trkpt>
      <trkpt lat="47.607006" lon="19.685797"><ele>112.0</ele></trkpt>
      <trkpt lat="47.604925" lon="19.686572"><ele>113.5</ele></trkpt>
      <trkpt lat="47.604272" lon="19.686812"><ele>113.0</ele></trkpt>
      <trkpt lat="47.600668" lon="19.688152"><ele>110.25</ele></trkpt>
      <trkpt lat="47.600944" lon="19.689506"><ele>111.0</ele></trkpt>
      <trkpt lat="47.601012" lon="19.689681"><ele>111.75</ele></trkpt>
      <trkpt lat="47.601047" lon="19.689814"><ele>111.75</ele></trkpt>
      <trkpt lat="47.601023" lon="19.689890"><ele>112.0</ele></trkpt>
      <trkpt lat="47.600582" lon="19.690233"><ele>112.0</ele></trkpt>
      <trkpt lat="47.600550" lon="19.690312"><ele>111.75</ele></trkpt>
      <trkpt lat="47.600524" lon="19.690410"><ele>111.75</ele></trkpt>
      <trkpt lat="47.600342" lon="19.690676"><ele>112.0</ele></trkpt>
      <trkpt lat="47.599988" lon="19.690947"><ele>112.0</ele></trkpt>
      <trkpt lat="47.599334" lon="19.691419"><ele>112.25</ele></trkpt>
      <trkpt lat="47.598906" lon="19.691747"><ele>113.0</ele></trkpt>
      <trkpt lat="47.598712" lon="19.691837"><ele>113.0</ele></trkpt>
      <trkpt lat="47.598002" lon="19.692019"><ele>113.25</ele></trkpt>
      <trkpt lat="47.597940" lon="19.692035"><ele>113.25</ele></trkpt>
      <trkpt lat="47.597929" lon="19.691980"><ele>113.25</ele></trkpt>
      <trkpt lat="47.597182" lon="19.691983"><ele>111.75</ele></trkpt>
      <trkpt lat="47.597068" lon="19.691971"><ele>111.25</ele></trkpt>
      <trkpt lat="47.596975" lon="19.691953"><ele>111.0</ele></trkpt>
      <trkpt lat="47.596596" lon="19.691826"><ele>110.5</ele></trkpt>
      <trkpt lat="47.595568" lon="19.691452"><ele>112.0</ele></trkpt>
      <trkpt lat="47.594157" lon="19.690964"><ele>110.75</ele></trkpt>
      <trkpt lat="47.593351" lon="19.690656"><ele>108.75</ele></trkpt>
      <trkpt lat="47.592867" lon="19.690596"><ele>107.25</ele></trkpt>
      <trkpt lat="47.592632" lon="19.690631"><ele>107.0</ele></trkpt>
      <trkpt lat="47.592262" lon="19.690835"><ele>106.75</ele></trkpt>
      <trkpt lat="47.591900" lon="19.691194"><ele>106.0</ele></trkpt>
      <trkpt lat="47.591279" lon="19.691661"><ele>108.0</ele></trkpt>
      <trkpt lat="47.590895" lon="19.691878"><ele>108.0</ele></trkpt>
      <trkpt lat="47.590274" lon="19.692067"><ele>106.25</ele></trkpt>
      <trkpt lat="47.589898" lon="19.692055"><ele>106.0</ele></trkpt>
      <trkpt lat="47.588819" lon="19.691800"><ele>105.25</ele></trkpt>
      <trkpt lat="47.587697" lon="19.691525"><ele>108.25</ele></trkpt>
      <trkpt lat="47.587308" lon="19.691421"><ele>107.75</ele></trkpt>
      <trkpt lat="47.586580" lon="19.691225"><ele>106.5</ele></trkpt>
      <trkpt lat="47.585997" lon="19.691092"><ele>107.25</ele></trkpt>
      <trkpt lat="47.585643" lon="19.691033"><ele>108.0</ele></trkpt>
      <trkpt lat="47.585395" lon="19.691014"><ele>108.0</ele></trkpt>
      <trkpt lat="47.585104" lon="19.691024"><ele>108.25</ele></trkpt>
      <trkpt lat="47.584872" lon="19.691067"><ele>108.75</ele></trkpt>
      <trkpt lat="47.584378" lon="19.691279"><ele>108.25</ele></trkpt>
      <trkpt lat="47.584118" lon="19.691432"><ele>108.0</ele></trkpt>
      <trkpt lat="47.583909" lon="19.691636"><ele>108.0</ele></trkpt>
      <trkpt lat="47.583698" lon="19.691857"><ele>107.25</ele></trkpt>
      <trkpt lat="47.583359" lon="19.692316"><ele>107.0</ele></trkpt>
      <trkpt lat="47.582288" lon="19.694333"><ele>107.0</ele></trkpt>
      <trkpt lat="47.579663" lon="19.699498"><ele>106.0</ele></trkpt>
      <trkpt lat="47.579350" lon="19.699999"><ele>106.25</ele></trkpt>
      <trkpt lat="47.577454" lon="19.702325"><ele>107.25</ele></trkpt>
      <trkpt lat="47.576080" lon="19.703988"><ele>106.5</ele></trkpt>
      <trkpt lat="47.575768" lon="19.704366"><ele>106.0</ele></trkpt>
      <trkpt lat="47.575605" lon="19.704621"><ele>106.0</ele></trkpt>
      <trkpt lat="47.575502" lon="19.704843"><ele>105.75</ele></trkpt>
      <trkpt lat="47.575334" lon="19.705327"><ele>106.0</ele></trkpt>
      <trkpt lat="47.575197" lon="19.705871"><ele>107.0</ele></trkpt>
      <trkpt lat="47.575076" lon="19.706455"><ele>107.75</ele></trkpt>
      <trkpt lat="47.575038" lon="19.706785"><ele>108.75</ele></trkpt>
      <trkpt lat="47.575047" lon="19.707083"><ele>108.25</ele></trkpt>
      <trkpt lat="47.575093" lon="19.707324"><ele>107.0</ele></trkpt>
      <trkpt lat="47.575241" lon="19.707670"><ele>104.75</ele></trkpt>
      <trkpt lat="47.575919" lon="19.708819"><ele>106.25</ele></trkpt>
      <trkpt lat="47.575994" lon="19.708997"><ele>105.75</ele></trkpt>
      <trkpt lat="47.576030" lon="19.709123"><ele>105.5</ele></trkpt>
      <trkpt lat="47.576061" lon="19.709269"><ele>105.25</ele></trkpt>
      <trkpt lat="47.576077" lon="19.709391"><ele>105.0</ele></trkpt>
      <trkpt lat="47.576082" lon="19.709530"><ele>105.25</ele></trkpt>
      <trkpt lat="47.576075" lon="19.709686"><ele>106.0</ele></trkpt>
      <trkpt lat="47.576064" lon="19.709812"><ele>106.25</ele></trkpt>
      <trkpt lat="47.576025" lon="19.709947"><ele>107.0</ele></trkpt>
      <trkpt lat="47.575780" lon="19.710576"><ele>109.25</ele></trkpt>
      <trkpt lat="47.574957" lon="19.712606"><ele>112.0</ele></trkpt>
      <trkpt lat="47.573235" lon="19.716231"><ele>109.25</ele></trkpt>
      <trkpt lat="47.572084" lon="19.718641"><ele>111.5</ele></trkpt>
      <trkpt lat="47.571963" lon="19.718895"><ele>111.0</ele></trkpt>
      <trkpt lat="47.571929" lon="19.718981"><ele>111.25</ele></trkpt>
      <trkpt lat="47.571921" lon="19.718999"><ele>111.25</ele></trkpt>
      <trkpt lat="47.571913" lon="19.719018"><ele>111.25</ele></trkpt>
      <trkpt lat="47.571865" lon="19.719010"><ele>111.25</ele></trkpt>
      <trkpt lat="47.571843" lon="19.719023"><ele>111.25</ele></trkpt>
      <trkpt lat="47.571824" lon="19.719046"><ele>111.25</ele></trkpt>
      <trkpt lat="47.571811" lon="19.719077"><ele>111.25</ele></trkpt>
      <trkpt lat="47.571805" lon="19.719118"><ele>111.25</ele></trkpt>
      <trkpt lat="47.571810" lon="19.719159"><ele>111.5</ele></trkpt>
      <trkpt lat="47.571825" lon="19.719195"><ele>111.5</ele></trkpt>
      <trkpt lat="47.571848" lon="19.719221"><ele>111.5</ele></trkpt>
      <trkpt lat="47.571836" lon="19.719237"><ele>111.5</ele></trkpt>
      <trkpt lat="47.571826" lon="19.719249"><ele>111.5</ele></trkpt>
      <trkpt lat="47.571779" lon="19.719321"><ele>111.5</ele></trkpt>
      <trkpt lat="47.571065" lon="19.720888"><ele>111.0</ele></trkpt>
      <trkpt lat="47.570659" lon="19.721811"><ele>110.25</ele></trkpt>
      <trkpt lat="47.571571" lon="19.722897"><ele>110.25</ele></trkpt>
      <trkpt lat="47.571394" lon="19.723307"><ele>112.0</ele></trkpt>
      <trkpt lat="47.571039" lon="19.724134"><ele>112.0</ele></trkpt>
      <trkpt lat="47.570115" lon="19.726290"><ele>111.75</ele></trkpt>
      <trkpt lat="47.569810" lon="19.725966"><ele>109.25</ele></trkpt>
      <trkpt lat="47.569146" lon="19.725136"><ele>111.75</ele></trkpt>
      <trkpt lat="47.567806" lon="19.726979"><ele>111.75</ele></trkpt>
      <trkpt lat="47.565577" lon="19.730215"><ele>110.0</ele></trkpt>
      <trkpt lat="47.565252" lon="19.730659"><ele>111.0</ele></trkpt>
      <trkpt lat="47.565375" lon="19.730959"><ele>110.5</ele></trkpt>
      <trkpt lat="47.565615" lon="19.732682"><ele>110.5</ele></trkpt>
      <trkpt lat="47.566101" lon="19.736180"><ele>108.0</ele></trkpt>
      <trkpt lat="47.566413" lon="19.738524"><ele>106.75</ele></trkpt>
      <trkpt lat="47.568053" lon="19.750042"><ele>107.0</ele></trkpt>
      <trkpt lat="47.569164" lon="19.757697"><ele>105.5</ele></trkpt>
      <trkpt lat="47.569626" lon="19.761290"><ele>106.0</ele></trkpt>
      <trkpt lat="47.569768" lon="19.761970"><ele>105.75</ele></trkpt>
      <trkpt lat="47.569872" lon="19.762360"><ele>106.0</ele></trkpt>
      <trkpt lat="47.570089" lon="19.762969"><ele>106.0</ele></trkpt>
      <trkpt lat="47.570434" lon="19.763642"><ele>106.25</ele></trkpt>
      <trkpt lat="47.570826" lon="19.764218"><ele>105.0</ele></trkpt>
      <trkpt lat="47.572466" lon="19.766444"><ele>108.0</ele></trkpt>
      <trkpt lat="47.572669" lon="19.766781"><ele>108.0</ele></trkpt>
      <trkpt lat="47.572830" lon="19.767126"><ele>107.0</ele></trkpt>
      <trkpt lat="47.573034" lon="19.767616"><ele>107.25</ele></trkpt>
      <trkpt lat="47.572601" lon="19.768087"><ele>107.25</ele></trkpt>
      <trkpt lat="47.572263" lon="19.768563"><ele>106.0</ele></trkpt>
      <trkpt lat="47.569279" lon="19.773036"><ele>106.5</ele></trkpt>
      <trkpt lat="47.563728" lon="19.781360"><ele>104.0</ele></trkpt>
      <trkpt lat="47.563507" lon="19.781672"><ele>104.0</ele></trkpt>
      <trkpt lat="47.563325" lon="19.781909"><ele>104.0</ele></trkpt>
      <trkpt lat="47.563015" lon="19.782252"><ele>104.5</ele></trkpt>
      <trkpt lat="47.562843" lon="19.782400"><ele>103.75</ele></trkpt>
      <trkpt lat="47.562699" lon="19.782521"><ele>103.25</ele></trkpt>
      <trkpt lat="47.562563" lon="19.782621"><ele>102.75</ele></trkpt>
      <trkpt lat="47.562326" lon="19.782769"><ele>102.25</ele></trkpt>
      <trkpt lat="47.561075" lon="19.783455"><ele>103.0</ele></trkpt>
      <trkpt lat="47.560845" lon="19.783608"><ele>103.75</ele></trkpt>
      <trkpt lat="47.560671" lon="19.783731"><ele>104.0</ele></trkpt>
      <trkpt lat="47.560527" lon="19.783845"><ele>104.0</ele></trkpt>
      <trkpt lat="47.560336" lon="19.784026"><ele>104.25</ele></trkpt>
      <trkpt lat="47.560039" lon="19.784329"><ele>104.0</ele></trkpt>
      <trkpt lat="47.559882" lon="19.784521"><ele>104.0</ele></trkpt>
      <trkpt lat="47.559761" lon="19.784696"><ele>104.0</ele></trkpt>
      <trkpt lat="47.559638" lon="19.784896"><ele>104.0</ele></trkpt>
      <trkpt lat="47.559447" lon="19.784939"><ele>104.0</ele></trkpt>
      <trkpt lat="47.559277" lon="19.784948"><ele>103.5</ele></trkpt>
      <trkpt lat="47.559107" lon="19.784875"><ele>103.25</ele></trkpt>
      <trkpt lat="47.559018" lon="19.784792"><ele>103.5</ele></trkpt>
      <trkpt lat="47.558762" lon="19.784547"><ele>104.5</ele></trkpt>
      <trkpt lat="47.558693" lon="19.784524"><ele>104.5</ele></trkpt>
      <trkpt lat="47.558633" lon="19.784589"><ele>104.25</ele></trkpt>
      <trkpt lat="47.558544" lon="19.784813"><ele>104.0</ele></trkpt>
      <trkpt lat="47.558464" lon="19.785012"><ele>104.5</ele></trkpt>
      <trkpt lat="47.558379" lon="19.785226"><ele>104.0</ele></trkpt>
      <trkpt lat="47.557382" lon="19.784279"><ele>104.5</ele></trkpt>
      <trkpt lat="47.557152" lon="19.784123"><ele>103.25</ele></trkpt>
      <trkpt lat="47.556948" lon="19.784046"><ele>102.0</ele></trkpt>
      <trkpt lat="47.556876" lon="19.784029"><ele>102.0</ele></trkpt>
      <trkpt lat="47.556385" lon="19.784009"><ele>102.0</ele></trkpt>
      <trkpt lat="47.555981" lon="19.783953"><ele>102.0</ele></trkpt>
      <trkpt lat="47.555798" lon="19.783882"><ele>101.75</ele></trkpt>
      <trkpt lat="47.555691" lon="19.783809"><ele>101.75</ele></trkpt>
      <trkpt lat="47.555638" lon="19.783769"><ele>101.5</ele></trkpt>
      <trkpt lat="47.555567" lon="19.783712"><ele>101.25</ele></trkpt>
      <trkpt lat="47.554800" lon="19.782842"><ele>102.5</ele></trkpt>
      <trkpt lat="47.553137" lon="19.781035"><ele>101.0</ele></trkpt>
      <trkpt lat="47.550073" lon="19.777628"><ele>105.5</ele></trkpt>
      <trkpt lat="47.549646" lon="19.777166"><ele>106.0</ele></trkpt>
      <trkpt lat="47.547253" lon="19.774504"><ele>106.25</ele></trkpt>
      <trkpt lat="47.546220" lon="19.773375"><ele>105.5</ele></trkpt>
      <trkpt lat="47.546036" lon="19.773225"><ele>105.0</ele></trkpt>
      <trkpt lat="47.545891" lon="19.773128"><ele>104.75</ele></trkpt>
      <trkpt lat="47.545717" lon="19.773040"><ele>105.25</ele></trkpt>
      <trkpt lat="47.545559" lon="19.772987"><ele>105.75</ele></trkpt>
      <trkpt lat="47.545408" lon="19.772963"><ele>106.5</ele></trkpt>
      <trkpt lat="47.545154" lon="19.772962"><ele>107.25</ele></trkpt>
      <trkpt lat="47.544910" lon="19.772990"><ele>108.25</ele></trkpt>
      <trkpt lat="47.544776" lon="19.773028"><ele>108.75</ele></trkpt>
      <trkpt lat="47.544596" lon="19.773108"><ele>109.5</ele></trkpt>
      <trkpt lat="47.544461" lon="19.773201"><ele>109.75</ele></trkpt>
      <trkpt lat="47.544269" lon="19.773352"><ele>110.0</ele></trkpt>
      <trkpt lat="47.544071" lon="19.773570"><ele>109.5</ele></trkpt>
      <trkpt lat="47.543389" lon="19.774460"><ele>107.75</ele></trkpt>
      <trkpt lat="47.541286" lon="19.777257"><ele>108.25</ele></trkpt>
      <trkpt lat="47.541039" lon="19.777522"><ele>108.5</ele></trkpt>
      <trkpt lat="47.540863" lon="19.777662"><ele>108.0</ele></trkpt>
      <trkpt lat="47.540641" lon="19.777785"><ele>106.5</ele></trkpt>
      <trkpt lat="47.540438" lon="19.777854"><ele>105.75</ele></trkpt>
      <trkpt lat="47.540196" lon="19.777896"><ele>105.5</ele></trkpt>
      <trkpt lat="47.539941" lon="19.777908"><ele>106.0</ele></trkpt>
      <trkpt lat="47.539720" lon="19.777888"><ele>106.75</ele></trkpt>
      <trkpt lat="47.539504" lon="19.777827"><ele>106.25</ele></trkpt>
      <trkpt lat="47.539277" lon="19.777710"><ele>105.0</ele></trkpt>
      <trkpt lat="47.539044" lon="19.777525"><ele>104.25</ele></trkpt>
      <trkpt lat="47.538775" lon="19.777250"><ele>104.75</ele></trkpt>
      <trkpt lat="47.536230" lon="19.774193"><ele>103.0</ele></trkpt>
      <trkpt lat="47.535782" lon="19.773650"><ele>104.0</ele></trkpt>
      <trkpt lat="47.532205" lon="19.769974"><ele>107.75</ele></trkpt>
      <trkpt lat="47.530341" lon="19.768039"><ele>108.75</ele></trkpt>
      <trkpt lat="47.530121" lon="19.767820"><ele>107.75</ele></trkpt>
      <trkpt lat="47.529785" lon="19.767553"><ele>106.75</ele></trkpt>
      <trkpt lat="47.528225" lon="19.766426"><ele>104.5</ele></trkpt>
      <trkpt lat="47.527406" lon="19.765844"><ele>104.5</ele></trkpt>
      <trkpt lat="47.526357" lon="19.765077"><ele>105.0</ele></trkpt>
      <trkpt lat="47.526188" lon="19.764933"><ele>104.75</ele></trkpt>
      <trkpt lat="47.525965" lon="19.764692"><ele>104.75</ele></trkpt>
      <trkpt lat="47.525779" lon="19.764436"><ele>104.25</ele></trkpt>
      <trkpt lat="47.525654" lon="19.764231"><ele>104.5</ele></trkpt>
      <trkpt lat="47.525500" lon="19.763941"><ele>104.5</ele></trkpt>
      <trkpt lat="47.525321" lon="19.763528"><ele>104.25</ele></trkpt>
      <trkpt lat="47.525144" lon="19.763036"><ele>102.75</ele></trkpt>
      <trkpt lat="47.524930" lon="19.762445"><ele>103.0</ele></trkpt>
      <trkpt lat="47.524902" lon="19.762337"><ele>103.0</ele></trkpt>
      <trkpt lat="47.524880" lon="19.762170"><ele>103.5</ele></trkpt>
      <trkpt lat="47.524875" lon="19.761995"><ele>103.75</ele></trkpt>
      <trkpt lat="47.524894" lon="19.761764"><ele>104.0</ele></trkpt>
      <trkpt lat="47.525036" lon="19.760864"><ele>105.0</ele></trkpt>
      <trkpt lat="47.525108" lon="19.760402"><ele>105.5</ele></trkpt>
      <trkpt lat="47.525154" lon="19.760042"><ele>106.0</ele></trkpt>
      <trkpt lat="47.525152" lon="19.759613"><ele>106.0</ele></trkpt>
      <trkpt lat="47.524983" lon="19.758910"><ele>104.0</ele></trkpt>
      <trkpt lat="47.523529" lon="19.758993"><ele>106.5</ele></trkpt>
      <trkpt lat="47.523189" lon="19.759060"><ele>106.75</ele></trkpt>
      <trkpt lat="47.522831" lon="19.759101"><ele>106.0</ele></trkpt>
      <trkpt lat="47.521975" lon="19.759067"><ele>106.5</ele></trkpt>
      <trkpt lat="47.521302" lon="19.759010"><ele>106.0</ele></trkpt>
      <trkpt lat="47.521149" lon="19.758982"><ele>106.25</ele></trkpt>
      <trkpt lat="47.520701" lon="19.758847"><ele>106.25</ele></trkpt>
      <trkpt lat="47.520246" lon="19.758750"><ele>106.0</ele></trkpt>
      <trkpt lat="47.518029" lon="19.757931"><ele>108.75</ele></trkpt>
      <trkpt lat="47.517470" lon="19.757762"><ele>107.75</ele></trkpt>
      <trkpt lat="47.517230" lon="19.757699"><ele>107.0</ele></trkpt>
      <trkpt lat="47.517124" lon="19.757669"><ele>106.5</ele></trkpt>
      <trkpt lat="47.516997" lon="19.757648"><ele>106.0</ele></trkpt>
      <trkpt lat="47.516736" lon="19.757619"><ele>105.5</ele></trkpt>
      <trkpt lat="47.516554" lon="19.757612"><ele>104.75</ele></trkpt>
      <trkpt lat="47.516440" lon="19.757604"><ele>104.5</ele></trkpt>
      <trkpt lat="47.516326" lon="19.757593"><ele>104.25</ele></trkpt>
      <trkpt lat="47.516047" lon="19.757566"><ele>104.0</ele></trkpt>
      <trkpt lat="47.515935" lon="19.757541"><ele>104.0</ele></trkpt>
      <trkpt lat="47.515820" lon="19.757503"><ele>104.0</ele></trkpt>
      <trkpt lat="47.515358" lon="19.757401"><ele>105.0</ele></trkpt>
      <trkpt lat="47.514861" lon="19.757234"><ele>106.0</ele></trkpt>
      <trkpt lat="47.513764" lon="19.756525"><ele>106.0</ele></trkpt>
      <trkpt lat="47.513233" lon="19.756118"><ele>105.75</ele></trkpt>
      <trkpt lat="47.512043" lon="19.756904"><ele>103.25</ele></trkpt>
      <trkpt lat="47.511704" lon="19.757200"><ele>103.0</ele></trkpt>
      <trkpt lat="47.511571" lon="19.757357"><ele>103.0</ele></trkpt>
      <trkpt lat="47.511139" lon="19.757738"><ele>102.0</ele></trkpt>
      <trkpt lat="47.510866" lon="19.757738"><ele>102.0</ele></trkpt>
      <trkpt lat="47.509264" lon="19.756778"><ele>103.25</ele></trkpt>
      <trkpt lat="47.508390" lon="19.760052"><ele>102.75</ele></trkpt>
      <trkpt lat="47.508151" lon="19.761041"><ele>103.0</ele></trkpt>
      <trkpt lat="47.507660" lon="19.763183"><ele>103.5</ele></trkpt>
      <trkpt lat="47.507448" lon="19.764089"><ele>104.0</ele></trkpt>
      <trkpt lat="47.507387" lon="19.764435"><ele>103.25</ele></trkpt>
      <trkpt lat="47.507364" lon="19.764666"><ele>103.25</ele></trkpt>
      <trkpt lat="47.507358" lon="19.764940"><ele>103.0</ele></trkpt>
      <trkpt lat="47.507368" lon="19.765193"><ele>102.25</ele></trkpt>
      <trkpt lat="47.507383" lon="19.765374"><ele>102.0</ele></trkpt>
      <trkpt lat="47.507408" lon="19.765567"><ele>102.0</ele></trkpt>
      <trkpt lat="47.507714" lon="19.767050"><ele>102.5</ele></trkpt>
      <trkpt lat="47.507727" lon="19.767156"><ele>102.75</ele></trkpt>
      <trkpt lat="47.507737" lon="19.767407"><ele>103.5</ele></trkpt>
      <trkpt lat="47.507732" lon="19.767700"><ele>104.0</ele></trkpt>
      <trkpt lat="47.507399" lon="19.773115"><ele>105.0</ele></trkpt>
      <trkpt lat="47.507244" lon="19.775510"><ele>104.0</ele></trkpt>
      <trkpt lat="47.507228" lon="19.776005"><ele>105.0</ele></trkpt>
      <trkpt lat="47.507240" lon="19.776143"><ele>105.0</ele></trkpt>
      <trkpt lat="47.507267" lon="19.776273"><ele>105.0</ele></trkpt>
      <trkpt lat="47.507306" lon="19.776383"><ele>105.25</ele></trkpt>
      <trkpt lat="47.507360" lon="19.776520"><ele>105.25</ele></trkpt>
      <trkpt lat="47.507952" lon="19.777948"><ele>103.0</ele></trkpt>
      <trkpt lat="47.508190" lon="19.778495"><ele>104.5</ele></trkpt>
      <trkpt lat="47.508123" lon="19.778726"><ele>105.25</ele></trkpt>
      <trkpt lat="47.507483" lon="19.781120"><ele>104.75</ele></trkpt>
      <trkpt lat="47.507039" lon="19.782820"><ele>104.25</ele></trkpt>
      <trkpt lat="47.506171" lon="19.786202"><ele>106.5</ele></trkpt>
      <trkpt lat="47.505799" lon="19.787588"><ele>104.75</ele></trkpt>
      <trkpt lat="47.506002" lon="19.787765"><ele>105.0</ele></trkpt>
      <trkpt lat="47.506122" lon="19.787900"><ele>104.5</ele></trkpt>
      <trkpt lat="47.506193" lon="19.787968"><ele>104.25</ele></trkpt>
      <trkpt lat="47.506335" lon="19.788005"><ele>104.0</ele></trkpt>
      <trkpt lat="47.506424" lon="19.788068"><ele>103.75</ele></trkpt>
      <trkpt lat="47.506556" lon="19.788306"><ele>103.25</ele></trkpt>
      <trkpt lat="47.506665" lon="19.788533"><ele>103.0</ele></trkpt>
      <trkpt lat="47.506748" lon="19.788743"><ele>103.25</ele></trkpt>
      <trkpt lat="47.506665" lon="19.788533"><ele>103.0</ele></trkpt>
      <trkpt lat="47.506556" lon="19.788306"><ele>103.25</ele></trkpt>
      <trkpt lat="47.506424" lon="19.788068"><ele>103.75</ele></trkpt>
      <trkpt lat="47.506335" lon="19.788005"><ele>104.0</ele></trkpt>
      <trkpt lat="47.506193" lon="19.787968"><ele>104.25</ele></trkpt>
      <trkpt lat="47.506122" lon="19.787900"><ele>104.5</ele></trkpt>
      <trkpt lat="47.506002" lon="19.787765"><ele>105.0</ele></trkpt>
      <trkpt lat="47.505799" lon="19.787588"><ele>104.75</ele></trkpt>
      <trkpt lat="47.506171" lon="19.786202"><ele>106.5</ele></trkpt>
      <trkpt lat="47.507039" lon="19.782820"><ele>104.25</ele></trkpt>
      <trkpt lat="47.507483" lon="19.781120"><ele>104.75</ele></trkpt>
      <trkpt lat="47.508123" lon="19.778726"><ele>105.25</ele></trkpt>
      <trkpt lat="47.508190" lon="19.778495"><ele>104.5</ele></trkpt>
      <trkpt lat="47.507952" lon="19.777948"><ele>103.0</ele></trkpt>
      <trkpt lat="47.507360" lon="19.776520"><ele>105.25</ele></trkpt>
      <trkpt lat="47.507306" lon="19.776383"><ele>105.25</ele></trkpt>
      <trkpt lat="47.507267" lon="19.776273"><ele>105.0</ele></trkpt>
      <trkpt lat="47.507240" lon="19.776143"><ele>105.0</ele></trkpt>
      <trkpt lat="47.507228" lon="19.776005"><ele>105.0</ele></trkpt>
      <trkpt lat="47.507244" lon="19.775510"><ele>104.0</ele></trkpt>
      <trkpt lat="47.507399" lon="19.773115"><ele>105.0</ele></trkpt>
      <trkpt lat="47.507732" lon="19.767700"><ele>104.0</ele></trkpt>
      <trkpt lat="47.507737" lon="19.767407"><ele>103.5</ele></trkpt>
      <trkpt lat="47.507727" lon="19.767156"><ele>102.75</ele></trkpt>
      <trkpt lat="47.507714" lon="19.767050"><ele>102.5</ele></trkpt>
      <trkpt lat="47.507408" lon="19.765567"><ele>102.0</ele></trkpt>
      <trkpt lat="47.507383" lon="19.765374"><ele>102.0</ele></trkpt>
      <trkpt lat="47.507368" lon="19.765193"><ele>102.25</ele></trkpt>
      <trkpt lat="47.507358" lon="19.764940"><ele>103.0</ele></trkpt>
      <trkpt lat="47.507364" lon="19.764666"><ele>103.25</ele></trkpt>
      <trkpt lat="47.507387" lon="19.764435"><ele>103.25</ele></trkpt>
      <trkpt lat="47.507448" lon="19.764089"><ele>104.0</ele></trkpt>
      <trkpt lat="47.507660" lon="19.763183"><ele>103.5</ele></trkpt>
      <trkpt lat="47.508151" lon="19.761041"><ele>103.0</ele></trkpt>
      <trkpt lat="47.508390" lon="19.760052"><ele>102.75</ele></trkpt>
      <trkpt lat="47.509264" lon="19.756778"><ele>103.25</ele></trkpt>
      <trkpt lat="47.510866" lon="19.757738"><ele>102.0</ele></trkpt>
      <trkpt lat="47.511139" lon="19.757738"><ele>102.0</ele></trkpt>
      <trkpt lat="47.511571" lon="19.757357"><ele>103.0</ele></trkpt>
      <trkpt lat="47.511704" lon="19.757200"><ele>103.0</ele></trkpt>
      <trkpt lat="47.512043" lon="19.756904"><ele>103.25</ele></trkpt>
      <trkpt lat="47.513233" lon="19.756118"><ele>105.75</ele></trkpt>
      <trkpt lat="47.513764" lon="19.756525"><ele>106.0</ele></trkpt>
      <trkpt lat="47.514861" lon="19.757234"><ele>106.0</ele></trkpt>
      <trkpt lat="47.515358" lon="19.757401"><ele>105.0</ele></trkpt>
      <trkpt lat="47.515820" lon="19.757503"><ele>104.0</ele></trkpt>
      <trkpt lat="47.515935" lon="19.757541"><ele>104.0</ele></trkpt>
      <trkpt lat="47.516047" lon="19.757566"><ele>104.0</ele></trkpt>
      <trkpt lat="47.516326" lon="19.757593"><ele>104.25</ele></trkpt>
      <trkpt lat="47.516440" lon="19.757604"><ele>104.5</ele></trkpt>
      <trkpt lat="47.516554" lon="19.757612"><ele>104.75</ele></trkpt>
      <trkpt lat="47.516736" lon="19.757619"><ele>105.5</ele></trkpt>
      <trkpt lat="47.516997" lon="19.757648"><ele>106.0</ele></trkpt>
      <trkpt lat="47.517124" lon="19.757669"><ele>106.5</ele></trkpt>
      <trkpt lat="47.517230" lon="19.757699"><ele>107.0</ele></trkpt>
      <trkpt lat="47.517470" lon="19.757762"><ele>107.75</ele></trkpt>
      <trkpt lat="47.518029" lon="19.757931"><ele>108.75</ele></trkpt>
      <trkpt lat="47.520246" lon="19.758750"><ele>106.0</ele></trkpt>
      <trkpt lat="47.520701" lon="19.758847"><ele>106.25</ele></trkpt>
      <trkpt lat="47.521149" lon="19.758982"><ele>106.25</ele></trkpt>
      <trkpt lat="47.521302" lon="19.759010"><ele>106.0</ele></trkpt>
      <trkpt lat="47.521975" lon="19.759067"><ele>106.5</ele></trkpt>
      <trkpt lat="47.522831" lon="19.759101"><ele>106.0</ele></trkpt>
      <trkpt lat="47.523189" lon="19.759060"><ele>106.75</ele></trkpt>
      <trkpt lat="47.523529" lon="19.758993"><ele>106.5</ele></trkpt>
      <trkpt lat="47.524983" lon="19.758910"><ele>104.0</ele></trkpt>
      <trkpt lat="47.525152" lon="19.759613"><ele>106.0</ele></trkpt>
      <trkpt lat="47.525154" lon="19.760042"><ele>106.0</ele></trkpt>
      <trkpt lat="47.525108" lon="19.760402"><ele>105.5</ele></trkpt>
      <trkpt lat="47.525036" lon="19.760864"><ele>105.0</ele></trkpt>
      <trkpt lat="47.524894" lon="19.761764"><ele>104.0</ele></trkpt>
      <trkpt lat="47.524875" lon="19.761995"><ele>103.75</ele></trkpt>
      <trkpt lat="47.524880" lon="19.762170"><ele>103.5</ele></trkpt>
      <trkpt lat="47.524902" lon="19.762337"><ele>103.0</ele></trkpt>
      <trkpt lat="47.524930" lon="19.762445"><ele>103.0</ele></trkpt>
      <trkpt lat="47.525144" lon="19.763036"><ele>102.75</ele></trkpt>
      <trkpt lat="47.525321" lon="19.763528"><ele>104.25</ele></trkpt>
      <trkpt lat="47.525500" lon="19.763941"><ele>104.5</ele></trkpt>
      <trkpt lat="47.525654" lon="19.764231"><ele>104.5</ele></trkpt>
      <trkpt lat="47.525779" lon="19.764436"><ele>104.25</ele></trkpt>
      <trkpt lat="47.525965" lon="19.764692"><ele>104.75</ele></trkpt>
      <trkpt lat="47.526188" lon="19.764933"><ele>104.75</ele></trkpt>
      <trkpt lat="47.526357" lon="19.765077"><ele>105.0</ele></trkpt>
      <trkpt lat="47.527406" lon="19.765844"><ele>104.5</ele></trkpt>
      <trkpt lat="47.528225" lon="19.766426"><ele>104.5</ele></trkpt>
      <trkpt lat="47.529785" lon="19.767553"><ele>106.75</ele></trkpt>
      <trkpt lat="47.530121" lon="19.767820"><ele>107.75</ele></trkpt>
      <trkpt lat="47.530341" lon="19.768039"><ele>108.75</ele></trkpt>
      <trkpt lat="47.532205" lon="19.769974"><ele>107.75</ele></trkpt>
      <trkpt lat="47.535782" lon="19.773650"><ele>104.0</ele></trkpt>
      <trkpt lat="47.536230" lon="19.774193"><ele>103.0</ele></trkpt>
      <trkpt lat="47.538775" lon="19.777250"><ele>104.75</ele></trkpt>
      <trkpt lat="47.539044" lon="19.777525"><ele>104.25</ele></trkpt>
      <trkpt lat="47.539277" lon="19.777710"><ele>105.0</ele></trkpt>
      <trkpt lat="47.539504" lon="19.777827"><ele>106.25</ele></trkpt>
      <trkpt lat="47.539720" lon="19.777888"><ele>106.75</ele></trkpt>
      <trkpt lat="47.539941" lon="19.777908"><ele>106.0</ele></trkpt>
      <trkpt lat="47.540196" lon="19.777896"><ele>105.5</ele></trkpt>
      <trkpt lat="47.540438" lon="19.777854"><ele>105.75</ele></trkpt>
      <trkpt lat="47.540641" lon="19.777785"><ele>106.5</ele></trkpt>
      <trkpt lat="47.540863" lon="19.777662"><ele>108.0</ele></trkpt>
      <trkpt lat="47.541039" lon="19.777522"><ele>108.5</ele></trkpt>
      <trkpt lat="47.541286" lon="19.777257"><ele>108.25</ele></trkpt>
      <trkpt lat="47.543389" lon="19.774460"><ele>107.75</ele></trkpt>
      <trkpt lat="47.544071" lon="19.773570"><ele>109.5</ele></trkpt>
      <trkpt lat="47.544269" lon="19.773352"><ele>110.0</ele></trkpt>
      <trkpt lat="47.544461" lon="19.773201"><ele>109.75</ele></trkpt>
      <trkpt lat="47.544596" lon="19.773108"><ele>109.5</ele></trkpt>
      <trkpt lat="47.544776" lon="19.773028"><ele>108.75</ele></trkpt>
      <trkpt lat="47.544910" lon="19.772990"><ele>108.25</ele></trkpt>
      <trkpt lat="47.545154" lon="19.772962"><ele>107.25</ele></trkpt>
      <trkpt lat="47.545408" lon="19.772963"><ele>106.5</ele></trkpt>
      <trkpt lat="47.545559" lon="19.772987"><ele>105.75</ele></trkpt>
      <trkpt lat="47.545717" lon="19.773040"><ele>105.25</ele></trkpt>
      <trkpt lat="47.545891" lon="19.773128"><ele>104.75</ele></trkpt>
      <trkpt lat="47.546036" lon="19.773225"><ele>105.0</ele></trkpt>
      <trkpt lat="47.546220" lon="19.773375"><ele>105.5</ele></trkpt>
      <trkpt lat="47.547253" lon="19.774504"><ele>106.25</ele></trkpt>
      <trkpt lat="47.549646" lon="19.777166"><ele>106.0</ele></trkpt>
      <trkpt lat="47.550073" lon="19.777628"><ele>105.5</ele></trkpt>
      <trkpt lat="47.553137" lon="19.781035"><ele>101.0</ele></trkpt>
      <trkpt lat="47.554800" lon="19.782842"><ele>102.5</ele></trkpt>
      <trkpt lat="47.555567" lon="19.783712"><ele>101.25</ele></trkpt>
      <trkpt lat="47.555638" lon="19.783769"><ele>101.5</ele></trkpt>
      <trkpt lat="47.555691" lon="19.783809"><ele>101.75</ele></trkpt>
      <trkpt lat="47.555798" lon="19.783882"><ele>101.75</ele></trkpt>
      <trkpt lat="47.555981" lon="19.783953"><ele>102.0</ele></trkpt>
      <trkpt lat="47.556385" lon="19.784009"><ele>102.0</ele></trkpt>
      <trkpt lat="47.556876" lon="19.784029"><ele>102.0</ele></trkpt>
      <trkpt lat="47.556948" lon="19.784046"><ele>102.0</ele></trkpt>
      <trkpt lat="47.557152" lon="19.784123"><ele>103.25</ele></trkpt>
      <trkpt lat="47.557382" lon="19.784279"><ele>104.5</ele></trkpt>
      <trkpt lat="47.558379" lon="19.785226"><ele>104.0</ele></trkpt>
      <trkpt lat="47.559123" lon="19.785921"><ele>104.5</ele></trkpt>
      <trkpt lat="47.559822" lon="19.786544"><ele>107.25</ele></trkpt>
      <trkpt lat="47.559998" lon="19.786798"><ele>107.25</ele></trkpt>
      <trkpt lat="47.561414" lon="19.788111"><ele>106.0</ele></trkpt>
      <trkpt lat="47.560930" lon="19.789171"><ele>108.25</ele></trkpt>
      <trkpt lat="47.560530" lon="19.790029"><ele>108.0</ele></trkpt>
      <trkpt lat="47.560340" lon="19.790512"><ele>108.0</ele></trkpt>
      <trkpt lat="47.559974" lon="19.791280"><ele>107.75</ele></trkpt>
      <trkpt lat="47.559737" lon="19.791842"><ele>109.5</ele></trkpt>
      <trkpt lat="47.559171" lon="19.793105"><ele>108.0</ele></trkpt>
      <trkpt lat="47.559068" lon="19.793314"><ele>108.0</ele></trkpt>
      <trkpt lat="47.558709" lon="19.794147"><ele>109.25</ele></trkpt>
      <trkpt lat="47.558498" lon="19.793975"><ele>108.5</ele></trkpt>
      <trkpt lat="47.557890" lon="19.793402"><ele>109.75</ele></trkpt>
      <trkpt lat="47.556686" lon="19.792279"><ele>107.0</ele></trkpt>
      <trkpt lat="47.556397" lon="19.792005"><ele>106.0</ele></trkpt>
      <trkpt lat="47.556686" lon="19.792279"><ele>107.0</ele></trkpt>
      <trkpt lat="47.557890" lon="19.793402"><ele>109.75</ele></trkpt>
      <trkpt lat="47.558498" lon="19.793975"><ele>108.5</ele></trkpt>
      <trkpt lat="47.558709" lon="19.794147"><ele>109.25</ele></trkpt>
      <trkpt lat="47.559068" lon="19.793314"><ele>108.0</ele></trkpt>
      <trkpt lat="47.559171" lon="19.793105"><ele>108.0</ele></trkpt>
      <trkpt lat="47.559737" lon="19.791842"><ele>109.5</ele></trkpt>
      <trkpt lat="47.559974" lon="19.791280"><ele>107.75</ele></trkpt>
      <trkpt lat="47.560340" lon="19.790512"><ele>108.0</ele></trkpt>
      <trkpt lat="47.560530" lon="19.790029"><ele>108.0</ele></trkpt>
      <trkpt lat="47.560930" lon="19.789171"><ele>108.25</ele></trkpt>
      <trkpt lat="47.561414" lon="19.788111"><ele>106.0</ele></trkpt>
      <trkpt lat="47.559998" lon="19.786798"><ele>107.25</ele></trkpt>
      <trkpt lat="47.559822" lon="19.786544"><ele>107.25</ele></trkpt>
      <trkpt lat="47.559123" lon="19.785921"><ele>104.5</ele></trkpt>
      <trkpt lat="47.558379" lon="19.785226"><ele>104.0</ele></trkpt>
      <trkpt lat="47.557382" lon="19.784279"><ele>104.5</ele></trkpt>
      <trkpt lat="47.557152" lon="19.784123"><ele>103.25</ele></trkpt>
      <trkpt lat="47.556948" lon="19.784046"><ele>102.0</ele></trkpt>
      <trkpt lat="47.556876" lon="19.784029"><ele>102.0</ele></trkpt>
      <trkpt lat="47.556385" lon="19.784009"><ele>102.0</ele></trkpt>
      <trkpt lat="47.555981" lon="19.783953"><ele>102.0</ele></trkpt>
      <trkpt lat="47.555798" lon="19.783882"><ele>101.75</ele></trkpt>
      <trkpt lat="47.555691" lon="19.783809"><ele>101.75</ele></trkpt>
      <trkpt lat="47.555638" lon="19.783769"><ele>101.5</ele></trkpt>
      <trkpt lat="47.555567" lon="19.783712"><ele>101.25</ele></trkpt>
      <trkpt lat="47.554800" lon="19.782842"><ele>102.5</ele></trkpt>
      <trkpt lat="47.553137" lon="19.781035"><ele>101.0</ele></trkpt>
      <trkpt lat="47.550073" lon="19.777628"><ele>105.5</ele></trkpt>
      <trkpt lat="47.549646" lon="19.777166"><ele>106.0</ele></trkpt>
      <trkpt lat="47.547253" lon="19.774504"><ele>106.25</ele></trkpt>
      <trkpt lat="47.546220" lon="19.773375"><ele>105.5</ele></trkpt>
      <trkpt lat="47.546036" lon="19.773225"><ele>105.0</ele></trkpt>
      <trkpt lat="47.545891" lon="19.773128"><ele>104.75</ele></trkpt>
      <trkpt lat="47.545717" lon="19.773040"><ele>105.25</ele></trkpt>
      <trkpt lat="47.545559" lon="19.772987"><ele>105.75</ele></trkpt>
      <trkpt lat="47.545408" lon="19.772963"><ele>106.5</ele></trkpt>
      <trkpt lat="47.545154" lon="19.772962"><ele>107.25</ele></trkpt>
      <trkpt lat="47.544910" lon="19.772990"><ele>108.25</ele></trkpt>
      <trkpt lat="47.544776" lon="19.773028"><ele>108.75</ele></trkpt>
      <trkpt lat="47.544596" lon="19.773108"><ele>109.5</ele></trkpt>
      <trkpt lat="47.544461" lon="19.773201"><ele>109.75</ele></trkpt>
      <trkpt lat="47.544269" lon="19.773352"><ele>110.0</ele></trkpt>
      <trkpt lat="47.544071" lon="19.773570"><ele>109.5</ele></trkpt>
      <trkpt lat="47.543389" lon="19.774460"><ele>107.75</ele></trkpt>
      <trkpt lat="47.541286" lon="19.777257"><ele>108.25</ele></trkpt>
      <trkpt lat="47.541039" lon="19.777522"><ele>108.5</ele></trkpt>
      <trkpt lat="47.540863" lon="19.777662"><ele>108.0</ele></trkpt>
      <trkpt lat="47.540641" lon="19.777785"><ele>106.5</ele></trkpt>
      <trkpt lat="47.540438" lon="19.777854"><ele>105.75</ele></trkpt>
      <trkpt lat="47.540196" lon="19.777896"><ele>105.5</ele></trkpt>
      <trkpt lat="47.539941" lon="19.777908"><ele>106.0</ele></trkpt>
      <trkpt lat="47.539720" lon="19.777888"><ele>106.75</ele></trkpt>
      <trkpt lat="47.539504" lon="19.777827"><ele>106.25</ele></trkpt>
      <trkpt lat="47.539277" lon="19.777710"><ele>105.0</ele></trkpt>
      <trkpt lat="47.539044" lon="19.777525"><ele>104.25</ele></trkpt>
      <trkpt lat="47.538775" lon="19.777250"><ele>104.75</ele></trkpt>
      <trkpt lat="47.536230" lon="19.774193"><ele>103.0</ele></trkpt>
      <trkpt lat="47.535782" lon="19.773650"><ele>104.0</ele></trkpt>
      <trkpt lat="47.532205" lon="19.769974"><ele>107.75</ele></trkpt>
      <trkpt lat="47.530341" lon="19.768039"><ele>108.75</ele></trkpt>
      <trkpt lat="47.530121" lon="19.767820"><ele>107.75</ele></trkpt>
      <trkpt lat="47.529785" lon="19.767553"><ele>106.75</ele></trkpt>
      <trkpt lat="47.528225" lon="19.766426"><ele>104.5</ele></trkpt>
      <trkpt lat="47.527406" lon="19.765844"><ele>104.5</ele></trkpt>
      <trkpt lat="47.526357" lon="19.765077"><ele>105.0</ele></trkpt>
      <trkpt lat="47.526188" lon="19.764933"><ele>104.75</ele></trkpt>
      <trkpt lat="47.525965" lon="19.764692"><ele>104.75</ele></trkpt>
      <trkpt lat="47.525779" lon="19.764436"><ele>104.25</ele></trkpt>
      <trkpt lat="47.525654" lon="19.764231"><ele>104.5</ele></trkpt>
      <trkpt lat="47.525500" lon="19.763941"><ele>104.5</ele></trkpt>
      <trkpt lat="47.525321" lon="19.763528"><ele>104.25</ele></trkpt>
      <trkpt lat="47.525144" lon="19.763036"><ele>102.75</ele></trkpt>
      <trkpt lat="47.524930" lon="19.762445"><ele>103.0</ele></trkpt>
      <trkpt lat="47.524902" lon="19.762337"><ele>103.0</ele></trkpt>
      <trkpt lat="47.524880" lon="19.762170"><ele>103.5</ele></trkpt>
      <trkpt lat="47.524875" lon="19.761995"><ele>103.75</ele></trkpt>
      <trkpt lat="47.524894" lon="19.761764"><ele>104.0</ele></trkpt>
      <trkpt lat="47.525036" lon="19.760864"><ele>105.0</ele></trkpt>
      <trkpt lat="47.525108" lon="19.760402"><ele>105.5</ele></trkpt>
      <trkpt lat="47.525154" lon="19.760042"><ele>106.0</ele></trkpt>
      <trkpt lat="47.525152" lon="19.759613"><ele>106.0</ele></trkpt>
      <trkpt lat="47.524983" lon="19.758910"><ele>104.0</ele></trkpt>
      <trkpt lat="47.523529" lon="19.758993"><ele>106.5</ele></trkpt>
      <trkpt lat="47.523189" lon="19.759060"><ele>106.75</ele></trkpt>
      <trkpt lat="47.522831" lon="19.759101"><ele>106.0</ele></trkpt>
      <trkpt lat="47.521975" lon="19.759067"><ele>106.5</ele></trkpt>
      <trkpt lat="47.521302" lon="19.759010"><ele>106.0</ele></trkpt>
      <trkpt lat="47.521149" lon="19.758982"><ele>106.25</ele></trkpt>
      <trkpt lat="47.520701" lon="19.758847"><ele>106.25</ele></trkpt>
      <trkpt lat="47.520246" lon="19.758750"><ele>106.0</ele></trkpt>
      <trkpt lat="47.518029" lon="19.757931"><ele>108.75</ele></trkpt>
      <trkpt lat="47.517470" lon="19.757762"><ele>107.75</ele></trkpt>
      <trkpt lat="47.517230" lon="19.757699"><ele>107.0</ele></trkpt>
      <trkpt lat="47.517124" lon="19.757669"><ele>106.5</ele></trkpt>
      <trkpt lat="47.516997" lon="19.757648"><ele>106.0</ele></trkpt>
      <trkpt lat="47.516736" lon="19.757619"><ele>105.5</ele></trkpt>
      <trkpt lat="47.516554" lon="19.757612"><ele>104.75</ele></trkpt>
      <trkpt lat="47.516440" lon="19.757604"><ele>104.5</ele></trkpt>
      <trkpt lat="47.516326" lon="19.757593"><ele>104.25</ele></trkpt>
      <trkpt lat="47.516047" lon="19.757566"><ele>104.0</ele></trkpt>
      <trkpt lat="47.515935" lon="19.757541"><ele>104.0</ele></trkpt>
      <trkpt lat="47.515820" lon="19.757503"><ele>104.0</ele></trkpt>
      <trkpt lat="47.515358" lon="19.757401"><ele>105.0</ele></trkpt>
      <trkpt lat="47.514861" lon="19.757234"><ele>106.0</ele></trkpt>
      <trkpt lat="47.513764" lon="19.756525"><ele>106.0</ele></trkpt>
      <trkpt lat="47.513233" lon="19.756118"><ele>105.75</ele></trkpt>
      <trkpt lat="47.512043" lon="19.756904"><ele>103.25</ele></trkpt>
      <trkpt lat="47.511704" lon="19.757200"><ele>103.0</ele></trkpt>
      <trkpt lat="47.511571" lon="19.757357"><ele>103.0</ele></trkpt>
      <trkpt lat="47.511139" lon="19.757738"><ele>102.0</ele></trkpt>
      <trkpt lat="47.510866" lon="19.757738"><ele>102.0</ele></trkpt>
      <trkpt lat="47.509264" lon="19.756778"><ele>103.25</ele></trkpt>
      <trkpt lat="47.508390" lon="19.760052"><ele>102.75</ele></trkpt>
      <trkpt lat="47.508151" lon="19.761041"><ele>103.0</ele></trkpt>
      <trkpt lat="47.507660" lon="19.763183"><ele>103.5</ele></trkpt>
      <trkpt lat="47.507448" lon="19.764089"><ele>104.0</ele></trkpt>
      <trkpt lat="47.507387" lon="19.764435"><ele>103.25</ele></trkpt>
      <trkpt lat="47.507364" lon="19.764666"><ele>103.25</ele></trkpt>
      <trkpt lat="47.507358" lon="19.764940"><ele>103.0</ele></trkpt>
      <trkpt lat="47.507368" lon="19.765193"><ele>102.25</ele></trkpt>
      <trkpt lat="47.507383" lon="19.765374"><ele>102.0</ele></trkpt>
      <trkpt lat="47.507408" lon="19.765567"><ele>102.0</ele></trkpt>
      <trkpt lat="47.507714" lon="19.767050"><ele>102.5</ele></trkpt>
      <trkpt lat="47.507727" lon="19.767156"><ele>102.75</ele></trkpt>
      <trkpt lat="47.507737" lon="19.767407"><ele>103.5</ele></trkpt>
      <trkpt lat="47.507732" lon="19.767700"><ele>104.0</ele></trkpt>
      <trkpt lat="47.507399" lon="19.773115"><ele>105.0</ele></trkpt>
      <trkpt lat="47.507244" lon="19.775510"><ele>104.0</ele></trkpt>
      <trkpt lat="47.507228" lon="19.776005"><ele>105.0</ele></trkpt>
      <trkpt lat="47.507240" lon="19.776143"><ele>105.0</ele></trkpt>
      <trkpt lat="47.507267" lon="19.776273"><ele>105.0</ele></trkpt>
      <trkpt lat="47.507306" lon="19.776383"><ele>105.25</ele></trkpt>
      <trkpt lat="47.507360" lon="19.776520"><ele>105.25</ele></trkpt>
      <trkpt lat="47.507952" lon="19.777948"><ele>103.0</ele></trkpt>
      <trkpt lat="47.508190" lon="19.778495"><ele>104.5</ele></trkpt>
      <trkpt lat="47.508123" lon="19.778726"><ele>105.25</ele></trkpt>
      <trkpt lat="47.507483" lon="19.781120"><ele>104.75</ele></trkpt>
      <trkpt lat="47.507039" lon="19.782820"><ele>104.25</ele></trkpt>
      <trkpt lat="47.506171" lon="19.786202"><ele>106.5</ele></trkpt>
      <trkpt lat="47.505799" lon="19.787588"><ele>104.75</ele></trkpt>
      <trkpt lat="47.505565" lon="19.788470"><ele>103.5</ele></trkpt>
      <trkpt lat="47.505537" lon="19.788612"><ele>103.0</ele></trkpt>
      <trkpt lat="47.505453" lon="19.790391"><ele>102.25</ele></trkpt>
      <trkpt lat="47.505440" lon="19.790551"><ele>102.75</ele></trkpt>
      <trkpt lat="47.505410" lon="19.790962"><ele>104.0</ele></trkpt>
      <trkpt lat="47.505273" lon="19.791730"><ele>103.0</ele></trkpt>
      <trkpt lat="47.504983" lon="19.793886"><ele>102.0</ele></trkpt>
      <trkpt lat="47.504710" lon="19.794591"><ele>103.5</ele></trkpt>
      <trkpt lat="47.504325" lon="19.795502"><ele>102.25</ele></trkpt>
      <trkpt lat="47.503893" lon="19.796484"><ele>103.5</ele></trkpt>
      <trkpt lat="47.503098" lon="19.798394"><ele>103.0</ele></trkpt>
      <trkpt lat="47.502483" lon="19.799843"><ele>103.75</ele></trkpt>
      <trkpt lat="47.504468" lon="19.801693"><ele>104.0</ele></trkpt>
      <trkpt lat="47.505275" lon="19.802444"><ele>103.0</ele></trkpt>
      <trkpt lat="47.505094" lon="19.802951"><ele>104.25</ele></trkpt>
      <trkpt lat="47.503596" lon="19.807119"><ele>104.5</ele></trkpt>
      <trkpt lat="47.503376" lon="19.807826"><ele>105.75</ele></trkpt>
      <trkpt lat="47.502726" lon="19.809863"><ele>103.75</ele></trkpt>
      <trkpt lat="47.502405" lon="19.810850"><ele>105.5</ele></trkpt>
      <trkpt lat="47.502259" lon="19.811305"><ele>105.0</ele></trkpt>
      <trkpt lat="47.502094" lon="19.811850"><ele>104.0</ele></trkpt>
      <trkpt lat="47.501742" lon="19.813190"><ele>102.5</ele></trkpt>
      <trkpt lat="47.501658" lon="19.813560"><ele>102.25</ele></trkpt>
      <trkpt lat="47.501569" lon="19.814045"><ele>103.25</ele></trkpt>
      <trkpt lat="47.501466" lon="19.814681"><ele>105.25</ele></trkpt>
      <trkpt lat="47.501314" lon="19.815780"><ele>104.0</ele></trkpt>
      <trkpt lat="47.501010" lon="19.817990"><ele>100.25</ele></trkpt>
      <trkpt lat="47.500942" lon="19.818572"><ele>99.5</ele></trkpt>
      <trkpt lat="47.500772" lon="19.820301"><ele>101.5</ele></trkpt>
      <trkpt lat="47.500727" lon="19.820673"><ele>101.25</ele></trkpt>
      <trkpt lat="47.500698" lon="19.820856"><ele>101.25</ele></trkpt>
      <trkpt lat="47.500625" lon="19.821143"><ele>100.75</ele></trkpt>
      <trkpt lat="47.500476" lon="19.821556"><ele>100.0</ele></trkpt>
      <trkpt lat="47.500134" lon="19.822525"><ele>101.5</ele></trkpt>
      <trkpt lat="47.499865" lon="19.823300"><ele>101.0</ele></trkpt>
      <trkpt lat="47.496202" lon="19.833749"><ele>104.75</ele></trkpt>
      <trkpt lat="47.496078" lon="19.834053"><ele>104.25</ele></trkpt>
      <trkpt lat="47.495949" lon="19.834348"><ele>104.5</ele></trkpt>
      <trkpt lat="47.495668" lon="19.834927"><ele>104.0</ele></trkpt>
      <trkpt lat="47.495165" lon="19.835969"><ele>105.0</ele></trkpt>
      <trkpt lat="47.495011" lon="19.836329"><ele>105.75</ele></trkpt>
      <trkpt lat="47.494877" lon="19.836682"><ele>105.75</ele></trkpt>
      <trkpt lat="47.493638" lon="19.840486"><ele>103.75</ele></trkpt>
      <trkpt lat="47.492668" lon="19.843483"><ele>103.0</ele></trkpt>
      <trkpt lat="47.492480" lon="19.844042"><ele>103.0</ele></trkpt>
      <trkpt lat="47.492383" lon="19.844286"><ele>102.5</ele></trkpt>
      <trkpt lat="47.492265" lon="19.844549"><ele>101.75</ele></trkpt>
      <trkpt lat="47.491792" lon="19.845574"><ele>102.5</ele></trkpt>
      <trkpt lat="47.491243" lon="19.846787"><ele>104.0</ele></trkpt>
      <trkpt lat="47.490880" lon="19.847563"><ele>105.5</ele></trkpt>
      <trkpt lat="47.490696" lon="19.847953"><ele>103.75</ele></trkpt>
      <trkpt lat="47.489083" lon="19.850994"><ele>100.0</ele></trkpt>
      <trkpt lat="47.488556" lon="19.851986"><ele>103.0</ele></trkpt>
      <trkpt lat="47.488477" lon="19.852166"><ele>103.0</ele></trkpt>
      <trkpt lat="47.488414" lon="19.852346"><ele>102.75</ele></trkpt>
      <trkpt lat="47.488386" lon="19.852458"><ele>102.75</ele></trkpt>
      <trkpt lat="47.488349" lon="19.852648"><ele>102.25</ele></trkpt>
      <trkpt lat="47.488310" lon="19.852908"><ele>101.5</ele></trkpt>
      <trkpt lat="47.488147" lon="19.854094"><ele>102.75</ele></trkpt>
      <trkpt lat="47.487829" lon="19.856395"><ele>101.75</ele></trkpt>
      <trkpt lat="47.487541" lon="19.858506"><ele>98.5</ele></trkpt>
      <trkpt lat="47.486503" lon="19.866053"><ele>103.5</ele></trkpt>
      <trkpt lat="47.485774" lon="19.871371"><ele>99.75</ele></trkpt>
      <trkpt lat="47.485679" lon="19.872030"><ele>98.25</ele></trkpt>
      <trkpt lat="47.485174" lon="19.875742"><ele>98.5</ele></trkpt>
      <trkpt lat="47.485059" lon="19.876565"><ele>100.25</ele></trkpt>
      <trkpt lat="47.485012" lon="19.876850"><ele>100.75</ele></trkpt>
      <trkpt lat="47.484857" lon="19.877278"><ele>100.25</ele></trkpt>
      <trkpt lat="47.484936" lon="19.877344"><ele>100.75</ele></trkpt>
      <trkpt lat="47.484996" lon="19.877374"><ele>100.75</ele></trkpt>
      <trkpt lat="47.485103" lon="19.877635"><ele>100.5</ele></trkpt>
      <trkpt lat="47.485114" lon="19.877853"><ele>100.25</ele></trkpt>
      <trkpt lat="47.485111" lon="19.878007"><ele>100.25</ele></trkpt>
      <trkpt lat="47.485146" lon="19.878135"><ele>100.0</ele></trkpt>
      <trkpt lat="47.485509" lon="19.878766"><ele>98.5</ele></trkpt>
      <trkpt lat="47.485698" lon="19.879340"><ele>96.0</ele></trkpt>
      <trkpt lat="47.486038" lon="19.880799"><ele>95.0</ele></trkpt>
      <trkpt lat="47.486145" lon="19.881081"><ele>95.25</ele></trkpt>
      <trkpt lat="47.486763" lon="19.882172"><ele>97.75</ele></trkpt>
      <trkpt lat="47.486953" lon="19.882509"><ele>96.75</ele></trkpt>
      <trkpt lat="47.487481" lon="19.883371"><ele>95.75</ele></trkpt>
      <trkpt lat="47.487587" lon="19.883519"><ele>95.0</ele></trkpt>
      <trkpt lat="47.487879" lon="19.884134"><ele>96.25</ele></trkpt>
      <trkpt lat="47.487974" lon="19.884317"><ele>97.0</ele></trkpt>
      <trkpt lat="47.488144" lon="19.884568"><ele>98.0</ele></trkpt>
      <trkpt lat="47.488338" lon="19.884994"><ele>97.0</ele></trkpt>
      <trkpt lat="47.488550" lon="19.885459"><ele>96.5</ele></trkpt>
      <trkpt lat="47.488612" lon="19.885616"><ele>97.0</ele></trkpt>
      <trkpt lat="47.488825" lon="19.886156"><ele>97.0</ele></trkpt>
      <trkpt lat="47.489300" lon="19.887466"><ele>97.0</ele></trkpt>
      <trkpt lat="47.489408" lon="19.887782"><ele>97.0</ele></trkpt>
      <trkpt lat="47.489486" lon="19.888009"><ele>97.0</ele></trkpt>
      <trkpt lat="47.489638" lon="19.888444"><ele>97.0</ele></trkpt>
      <trkpt lat="47.489862" lon="19.889088"><ele>95.5</ele></trkpt>
      <trkpt lat="47.489935" lon="19.889379"><ele>95.0</ele></trkpt>
      <trkpt lat="47.490067" lon="19.889903"><ele>95.0</ele></trkpt>
      <trkpt lat="47.490293" lon="19.890802"><ele>96.0</ele></trkpt>
      <trkpt lat="47.490316" lon="19.890895"><ele>95.75</ele></trkpt>
      <trkpt lat="47.490672" lon="19.892375"><ele>94.75</ele></trkpt>
      <trkpt lat="47.491093" lon="19.894119"><ele>96.75</ele></trkpt>
      <trkpt lat="47.491333" lon="19.895199"><ele>94.25</ele></trkpt>
      <trkpt lat="47.491340" lon="19.895406"><ele>94.0</ele></trkpt>
      <trkpt lat="47.491384" lon="19.895617"><ele>94.0</ele></trkpt>
      <trkpt lat="47.491411" lon="19.895737"><ele>93.75</ele></trkpt>
      <trkpt lat="47.491678" lon="19.895378"><ele>94.0</ele></trkpt>
      <trkpt lat="47.493084" lon="19.894255"><ele>94.5</ele></trkpt>
      <trkpt lat="47.493613" lon="19.893809"><ele>95.5</ele></trkpt>
      <trkpt lat="47.493976" lon="19.893533"><ele>96.5</ele></trkpt>
      <trkpt lat="47.494253" lon="19.893183"><ele>95.25</ele></trkpt>
      <trkpt lat="47.494329" lon="19.893118"><ele>95.0</ele></trkpt>
      <trkpt lat="47.494253" lon="19.893183"><ele>95.25</ele></trkpt>
      <trkpt lat="47.493976" lon="19.893533"><ele>96.5</ele></trkpt>
      <trkpt lat="47.493613" lon="19.893809"><ele>95.5</ele></trkpt>
      <trkpt lat="47.493084" lon="19.894255"><ele>94.5</ele></trkpt>
      <trkpt lat="47.491678" lon="19.895378"><ele>94.0</ele></trkpt>
      <trkpt lat="47.491411" lon="19.895737"><ele>93.75</ele></trkpt>
      <trkpt lat="47.491473" lon="19.895999"><ele>93.75</ele></trkpt>
      <trkpt lat="47.491583" lon="19.896425"><ele>93.25</ele></trkpt>
      <trkpt lat="47.491629" lon="19.896472"><ele>93.25</ele></trkpt>
      <trkpt lat="47.491693" lon="19.896467"><ele>93.25</ele></trkpt>
      <trkpt lat="47.491718" lon="19.896545"><ele>93.5</ele></trkpt>
      <trkpt lat="47.491560" lon="19.896663"><ele>93.75</ele></trkpt>
      <trkpt lat="47.491419" lon="19.896755"><ele>94.25</ele></trkpt>
      <trkpt lat="47.491258" lon="19.896957"><ele>95.25</ele></trkpt>
      <trkpt lat="47.489695" lon="19.898466"><ele>94.5</ele></trkpt>
      <trkpt lat="47.489615" lon="19.898527"><ele>95.0</ele></trkpt>
      <trkpt lat="47.489450" lon="19.898597"><ele>96.0</ele></trkpt>
      <trkpt lat="47.489304" lon="19.898701"><ele>95.75</ele></trkpt>
      <trkpt lat="47.488697" lon="19.899253"><ele>95.25</ele></trkpt>
      <trkpt lat="47.488760" lon="19.899916"><ele>94.75</ele></trkpt>
      <trkpt lat="47.488744" lon="19.900588"><ele>94.0</ele></trkpt>
      <trkpt lat="47.488717" lon="19.902434"><ele>93.5</ele></trkpt>
      <trkpt lat="47.488522" lon="19.902529"><ele>93.25</ele></trkpt>
      <trkpt lat="47.487941" lon="19.902888"><ele>96.0</ele></trkpt>
      <trkpt lat="47.487859" lon="19.902950"><ele>96.5</ele></trkpt>
      <trkpt lat="47.487796" lon="19.903355"><ele>96.0</ele></trkpt>
      <trkpt lat="47.487445" lon="19.905617"><ele>95.25</ele></trkpt>
      <trkpt lat="47.487447" lon="19.905704"><ele>95.5</ele></trkpt>
      <trkpt lat="47.487464" lon="19.905795"><ele>95.75</ele></trkpt>
      <trkpt lat="47.487488" lon="19.905897"><ele>96.0</ele></trkpt>
      <trkpt lat="47.487487" lon="19.905963"><ele>96.0</ele></trkpt>
      <trkpt lat="47.486311" lon="19.909390"><ele>95.0</ele></trkpt>
      <trkpt lat="47.485976" lon="19.909314"><ele>94.5</ele></trkpt>
      <trkpt lat="47.485748" lon="19.909302"><ele>93.75</ele></trkpt>
      <trkpt lat="47.485374" lon="19.909409"><ele>93.0</ele></trkpt>
      <trkpt lat="47.484264" lon="19.909770"><ele>91.75</ele></trkpt>
      <trkpt lat="47.483818" lon="19.909919"><ele>93.75</ele></trkpt>
      <trkpt lat="47.478994" lon="19.911494"><ele>91.0</ele></trkpt>
      <trkpt lat="47.477757" lon="19.911899"><ele>92.0</ele></trkpt>
      <trkpt lat="47.477568" lon="19.911960"><ele>91.75</ele></trkpt>
      <trkpt lat="47.477343" lon="19.912077"><ele>92.0</ele></trkpt>
      <trkpt lat="47.477137" lon="19.912222"><ele>92.0</ele></trkpt>
      <trkpt lat="47.476938" lon="19.912413"><ele>91.25</ele></trkpt>
      <trkpt lat="47.476797" lon="19.912082"><ele>92.0</ele></trkpt>
      <trkpt lat="47.476735" lon="19.912028"><ele>92.0</ele></trkpt>
      <trkpt lat="47.475760" lon="19.911503"><ele>92.25</ele></trkpt>
      <trkpt lat="47.475143" lon="19.911067"><ele>93.25</ele></trkpt>
      <trkpt lat="47.475005" lon="19.910988"><ele>93.75</ele></trkpt>
      <trkpt lat="47.474901" lon="19.910974"><ele>94.0</ele></trkpt>
      <trkpt lat="47.474799" lon="19.910982"><ele>94.25</ele></trkpt>
      <trkpt lat="47.474724" lon="19.910820"><ele>94.75</ele></trkpt>
      <trkpt lat="47.474635" lon="19.910725"><ele>95.0</ele></trkpt>
      <trkpt lat="47.474520" lon="19.910635"><ele>95.0</ele></trkpt>
      <trkpt lat="47.474421" lon="19.910523"><ele>94.75</ele></trkpt>
      <trkpt lat="47.474327" lon="19.910444"><ele>94.0</ele></trkpt>
      <trkpt lat="47.474266" lon="19.910460"><ele>94.0</ele></trkpt>
      <trkpt lat="47.472545" lon="19.909337"><ele>93.75</ele></trkpt>
      <trkpt lat="47.472114" lon="19.909037"><ele>94.0</ele></trkpt>
      <trkpt lat="47.472066" lon="19.908946"><ele>94.0</ele></trkpt>
      <trkpt lat="47.472048" lon="19.908747"><ele>94.0</ele></trkpt>
      <trkpt lat="47.472112" lon="19.908612"><ele>94.5</ele></trkpt>
      <trkpt lat="47.471923" lon="19.908633"><ele>94.0</ele></trkpt>
      <trkpt lat="47.471725" lon="19.908618"><ele>94.0</ele></trkpt>
      <trkpt lat="47.471532" lon="19.908573"><ele>94.25</ele></trkpt>
      <trkpt lat="47.471355" lon="19.908509"><ele>94.5</ele></trkpt>
      <trkpt lat="47.470869" lon="19.908210"><ele>93.0</ele></trkpt>
      <trkpt lat="47.469724" lon="19.907455"><ele>95.75</ele></trkpt>
      <trkpt lat="47.465628" lon="19.904733"><ele>95.0</ele></trkpt>
      <trkpt lat="47.461469" lon="19.901984"><ele>96.25</ele></trkpt>
      <trkpt lat="47.460361" lon="19.904043"><ele>98.0</ele></trkpt>
      <trkpt lat="47.459493" lon="19.905657"><ele>98.25</ele></trkpt>
      <trkpt lat="47.452757" lon="19.918074"><ele>95.0</ele></trkpt>
      <trkpt lat="47.450491" lon="19.922261"><ele>95.0</ele></trkpt>
      <trkpt lat="47.448310" lon="19.926300"><ele>93.0</ele></trkpt>
      <trkpt lat="47.445192" lon="19.932052"><ele>91.75</ele></trkpt>
      <trkpt lat="47.441432" lon="19.938963"><ele>93.5</ele></trkpt>
      <trkpt lat="47.441302" lon="19.939167"><ele>94.5</ele></trkpt>
      <trkpt lat="47.441232" lon="19.939272"><ele>95.0</ele></trkpt>
      <trkpt lat="47.441163" lon="19.939408"><ele>95.75</ele></trkpt>
      <trkpt lat="47.441119" lon="19.939525"><ele>96.75</ele></trkpt>
      <trkpt lat="47.441100" lon="19.939621"><ele>97.75</ele></trkpt>
      <trkpt lat="47.441070" lon="19.939714"><ele>98.25</ele></trkpt>
      <trkpt lat="47.441004" lon="19.939846"><ele>98.25</ele></trkpt>
      <trkpt lat="47.440620" lon="19.940501"><ele>98.25</ele></trkpt>
      <trkpt lat="47.439523" lon="19.942527"><ele>95.25</ele></trkpt>
      <trkpt lat="47.436802" lon="19.947530"><ele>93.5</ele></trkpt>
      <trkpt lat="47.431163" lon="19.957873"><ele>91.5</ele></trkpt>
      <trkpt lat="47.430713" lon="19.958695"><ele>90.5</ele></trkpt>
      <trkpt lat="47.429729" lon="19.960328"><ele>88.0</ele></trkpt>
      <trkpt lat="47.429419" lon="19.960889"><ele>90.0</ele></trkpt>
      <trkpt lat="47.426528" lon="19.966243"><ele>90.25</ele></trkpt>
      <trkpt lat="47.426309" lon="19.966640"><ele>91.0</ele></trkpt>
      <trkpt lat="47.426081" lon="19.967025"><ele>90.5</ele></trkpt>
      <trkpt lat="47.425808" lon="19.967377"><ele>88.25</ele></trkpt>
      <trkpt lat="47.425521" lon="19.967709"><ele>87.0</ele></trkpt>
      <trkpt lat="47.425274" lon="19.967973"><ele>88.0</ele></trkpt>
      <trkpt lat="47.424073" lon="19.969001"><ele>89.5</ele></trkpt>
      <trkpt lat="47.423845" lon="19.969188"><ele>90.0</ele></trkpt>
      <trkpt lat="47.423610" lon="19.969365"><ele>90.25</ele></trkpt>
      <trkpt lat="47.423466" lon="19.969455"><ele>89.75</ele></trkpt>
      <trkpt lat="47.423316" lon="19.969524"><ele>89.5</ele></trkpt>
      <trkpt lat="47.420659" lon="19.969916"><ele>86.5</ele></trkpt>
      <trkpt lat="47.420253" lon="19.970037"><ele>86.75</ele></trkpt>
      <trkpt lat="47.419855" lon="19.970194"><ele>86.0</ele></trkpt>
      <trkpt lat="47.418676" lon="19.970702"><ele>86.25</ele></trkpt>
      <trkpt lat="47.418478" lon="19.970809"><ele>86.5</ele></trkpt>
      <trkpt lat="47.418284" lon="19.970932"><ele>86.5</ele></trkpt>
      <trkpt lat="47.418044" lon="19.971122"><ele>85.75</ele></trkpt>
      <trkpt lat="47.417313" lon="19.971817"><ele>87.75</ele></trkpt>
      <trkpt lat="47.416996" lon="19.972113"><ele>86.75</ele></trkpt>
      <trkpt lat="47.416840" lon="19.972279"><ele>87.0</ele></trkpt>
      <trkpt lat="47.416689" lon="19.972454"><ele>87.75</ele></trkpt>
      <trkpt lat="47.414915" lon="19.974612"><ele>86.0</ele></trkpt>
      <trkpt lat="47.413065" lon="19.976872"><ele>88.75</ele></trkpt>
      <trkpt lat="47.412926" lon="19.977025"><ele>88.5</ele></trkpt>
      <trkpt lat="47.412756" lon="19.977152"><ele>88.5</ele></trkpt>
      <trkpt lat="47.412648" lon="19.977220"><ele>88.5</ele></trkpt>
      <trkpt lat="47.412537" lon="19.977276"><ele>88.25</ele></trkpt>
      <trkpt lat="47.412291" lon="19.977326"><ele>87.25</ele></trkpt>
      <trkpt lat="47.411124" lon="19.977369"><ele>85.5</ele></trkpt>
      <trkpt lat="47.410735" lon="19.977401"><ele>86.0</ele></trkpt>
      <trkpt lat="47.410614" lon="19.977426"><ele>86.5</ele></trkpt>
      <trkpt lat="47.410495" lon="19.977475"><ele>86.25</ele></trkpt>
      <trkpt lat="47.410345" lon="19.977552"><ele>85.25</ele></trkpt>
      <trkpt lat="47.410201" lon="19.977655"><ele>84.5</ele></trkpt>
      <trkpt lat="47.410016" lon="19.977829"><ele>84.0</ele></trkpt>
      <trkpt lat="47.406317" lon="19.982255"><ele>86.0</ele></trkpt>
      <trkpt lat="47.406129" lon="19.982454"><ele>86.75</ele></trkpt>
      <trkpt lat="47.405934" lon="19.982635"><ele>87.0</ele></trkpt>
      <trkpt lat="47.405673" lon="19.982850"><ele>87.0</ele></trkpt>
      <trkpt lat="47.405401" lon="19.983046"><ele>86.75</ele></trkpt>
      <trkpt lat="47.405153" lon="19.983206"><ele>87.0</ele></trkpt>
      <trkpt lat="47.404901" lon="19.983340"><ele>87.25</ele></trkpt>
      <trkpt lat="47.403357" lon="19.984055"><ele>86.25</ele></trkpt>
      <trkpt lat="47.401296" lon="19.984991"><ele>85.25</ele></trkpt>
      <trkpt lat="47.400254" lon="19.985453"><ele>87.0</ele></trkpt>
      <trkpt lat="47.398046" lon="19.986155"><ele>85.75</ele></trkpt>
      <trkpt lat="47.397855" lon="19.986245"><ele>85.25</ele></trkpt>
      <trkpt lat="47.397666" lon="19.986351"><ele>85.0</ele></trkpt>
      <trkpt lat="47.397447" lon="19.986494"><ele>85.25</ele></trkpt>
      <trkpt lat="47.397254" lon="19.986637"><ele>85.75</ele></trkpt>
      <trkpt lat="47.397054" lon="19.986815"><ele>86.5</ele></trkpt>
      <trkpt lat="47.396858" lon="19.987007"><ele>86.5</ele></trkpt>
      <trkpt lat="47.394832" lon="19.989264"><ele>87.0</ele></trkpt>
      <trkpt lat="47.394594" lon="19.989514"><ele>87.0</ele></trkpt>
      <trkpt lat="47.394345" lon="19.989735"><ele>87.25</ele></trkpt>
      <trkpt lat="47.392214" lon="19.991364"><ele>86.75</ele></trkpt>
      <trkpt lat="47.391352" lon="19.992037"><ele>86.25</ele></trkpt>
      <trkpt lat="47.388242" lon="19.995171"><ele>85.5</ele></trkpt>
      <trkpt lat="47.387951" lon="19.995417"><ele>86.5</ele></trkpt>
      <trkpt lat="47.386461" lon="19.996483"><ele>85.75</ele></trkpt>
      <trkpt lat="47.386348" lon="19.996580"><ele>86.0</ele></trkpt>
      <trkpt lat="47.386241" lon="19.996690"><ele>86.5</ele></trkpt>
      <trkpt lat="47.386107" lon="19.996847"><ele>87.0</ele></trkpt>
      <trkpt lat="47.386002" lon="19.997000"><ele>87.5</ele></trkpt>
      <trkpt lat="47.385907" lon="19.997163"><ele>87.75</ele></trkpt>
      <trkpt lat="47.385827" lon="19.997338"><ele>88.0</ele></trkpt>
      <trkpt lat="47.384785" lon="19.999862"><ele>85.75</ele></trkpt>
      <trkpt lat="47.384692" lon="20.000089"><ele>86.0</ele></trkpt>
      <trkpt lat="47.384588" lon="20.000305"><ele>86.25</ele></trkpt>
      <trkpt lat="47.384531" lon="20.000399"><ele>86.25</ele></trkpt>
      <trkpt lat="47.384461" lon="20.000490"><ele>86.0</ele></trkpt>
      <trkpt lat="47.384389" lon="20.000560"><ele>86.0</ele></trkpt>
      <trkpt lat="47.382971" lon="20.001651"><ele>88.75</ele></trkpt>
      <trkpt lat="47.380344" lon="20.003650"><ele>86.0</ele></trkpt>
      <trkpt lat="47.380050" lon="20.003919"><ele>87.0</ele></trkpt>
      <trkpt lat="47.379656" lon="20.004270"><ele>88.0</ele></trkpt>
      <trkpt lat="47.379304" lon="20.004610"><ele>88.25</ele></trkpt>
      <trkpt lat="47.377573" lon="20.006286"><ele>87.5</ele></trkpt>
      <trkpt lat="47.377451" lon="20.006055"><ele>88.0</ele></trkpt>
      <trkpt lat="47.376224" lon="20.004170"><ele>87.75</ele></trkpt>
      <trkpt lat="47.376080" lon="20.004133"><ele>88.0</ele></trkpt>
      <trkpt lat="47.374767" lon="20.001319"><ele>86.75</ele></trkpt>
      <trkpt lat="47.374730" lon="20.001355"><ele>86.75</ele></trkpt>
      <trkpt lat="47.374263" lon="20.001815"><ele>89.0</ele></trkpt>
      <trkpt lat="47.373356" lon="20.002723"><ele>89.75</ele></trkpt>
      <trkpt lat="47.371744" lon="19.999595"><ele>91.75</ele></trkpt>
      <trkpt lat="47.371515" lon="19.999213"><ele>91.0</ele></trkpt>
      <trkpt lat="47.371449" lon="19.999280"><ele>91.0</ele></trkpt>
      <trkpt lat="47.371217" lon="19.998844"><ele>90.5</ele></trkpt>
      <trkpt lat="47.370876" lon="19.998195"><ele>90.75</ele></trkpt>
      <trkpt lat="47.370783" lon="19.998022"><ele>90.0</ele></trkpt>
      <trkpt lat="47.370599" lon="19.997680"><ele>90.25</ele></trkpt>
      <trkpt lat="47.370413" lon="19.997869"><ele>91.5</ele></trkpt>
      <trkpt lat="47.369617" lon="19.998550"><ele>90.0</ele></trkpt>
      <trkpt lat="47.369188" lon="19.998917"><ele>89.75</ele></trkpt>
      <trkpt lat="47.369021" lon="19.999057"><ele>90.0</ele></trkpt>
      <trkpt lat="47.369188" lon="19.998917"><ele>89.75</ele></trkpt>
      <trkpt lat="47.369617" lon="19.998550"><ele>90.0</ele></trkpt>
      <trkpt lat="47.370413" lon="19.997869"><ele>91.5</ele></trkpt>
      <trkpt lat="47.370599" lon="19.997680"><ele>90.25</ele></trkpt>
      <trkpt lat="47.370366" lon="19.997252"><ele>90.5</ele></trkpt>
      <trkpt lat="47.369967" lon="19.996519"><ele>92.0</ele></trkpt>
      <trkpt lat="47.369725" lon="19.996089"><ele>92.75</ele></trkpt>
      <trkpt lat="47.369316" lon="19.995339"><ele>91.5</ele></trkpt>
      <trkpt lat="47.368962" lon="19.994725"><ele>91.0</ele></trkpt>
      <trkpt lat="47.367994" lon="19.993335"><ele>90.0</ele></trkpt>
      <trkpt lat="47.367092" lon="19.992039"><ele>89.0</ele></trkpt>
      <trkpt lat="47.366643" lon="19.991458"><ele>86.0</ele></trkpt>
      <trkpt lat="47.364032" lon="19.988070"><ele>88.75</ele></trkpt>
      <trkpt lat="47.362024" lon="19.985459"><ele>91.25</ele></trkpt>
      <trkpt lat="47.359314" lon="19.981886"><ele>91.0</ele></trkpt>
      <trkpt lat="47.359248" lon="19.981796"><ele>91.0</ele></trkpt>
      <trkpt lat="47.359111" lon="19.981548"><ele>91.0</ele></trkpt>
      <trkpt lat="47.358998" lon="19.981293"><ele>91.5</ele></trkpt>
      <trkpt lat="47.358866" lon="19.980889"><ele>91.0</ele></trkpt>
      <trkpt lat="47.358815" lon="19.980625"><ele>89.75</ele></trkpt>
      <trkpt lat="47.358764" lon="19.980207"><ele>89.25</ele></trkpt>
      <trkpt lat="47.358755" lon="19.980071"><ele>88.75</ele></trkpt>
      <trkpt lat="47.358633" lon="19.975911"><ele>89.75</ele></trkpt>
      <trkpt lat="47.358607" lon="19.975581"><ele>90.0</ele></trkpt>
      <trkpt lat="47.358523" lon="19.975135"><ele>89.0</ele></trkpt>
      <trkpt lat="47.358384" lon="19.974718"><ele>89.0</ele></trkpt>
      <trkpt lat="47.356555" lon="19.970651"><ele>89.75</ele></trkpt>
      <trkpt lat="47.354273" lon="19.965540"><ele>88.75</ele></trkpt>
      <trkpt lat="47.350175" lon="19.956373"><ele>90.0</ele></trkpt>
      <trkpt lat="47.349624" lon="19.955143"><ele>87.5</ele></trkpt>
      <trkpt lat="47.348307" lon="19.952158"><ele>89.0</ele></trkpt>
      <trkpt lat="47.346426" lon="19.947890"><ele>90.0</ele></trkpt>
      <trkpt lat="47.344841" lon="19.944292"><ele>89.75</ele></trkpt>
      <trkpt lat="47.344797" lon="19.944219"><ele>89.75</ele></trkpt>
      <trkpt lat="47.344753" lon="19.944181"><ele>89.75</ele></trkpt>
      <trkpt lat="47.344728" lon="19.944169"><ele>89.75</ele></trkpt>
      <trkpt lat="47.344679" lon="19.944169"><ele>90.25</ele></trkpt>
      <trkpt lat="47.344614" lon="19.944189"><ele>90.75</ele></trkpt>
      <trkpt lat="47.344544" lon="19.944230"><ele>91.25</ele></trkpt>
      <trkpt lat="47.343984" lon="19.944599"><ele>91.25</ele></trkpt>
      <trkpt lat="47.343922" lon="19.944625"><ele>91.25</ele></trkpt>
      <trkpt lat="47.343840" lon="19.944662"><ele>91.0</ele></trkpt>
      <trkpt lat="47.343687" lon="19.944672"><ele>90.25</ele></trkpt>
      <trkpt lat="47.343223" lon="19.944599"><ele>91.75</ele></trkpt>
      <trkpt lat="47.343003" lon="19.944562"><ele>92.25</ele></trkpt>
      <trkpt lat="47.342967" lon="19.944576"><ele>92.25</ele></trkpt>
      <trkpt lat="47.342932" lon="19.944607"><ele>92.5</ele></trkpt>
      <trkpt lat="47.342894" lon="19.944670"><ele>92.75</ele></trkpt>
      <trkpt lat="47.342882" lon="19.944739"><ele>92.75</ele></trkpt>
      <trkpt lat="47.342869" lon="19.944884"><ele>92.75</ele></trkpt>
      <trkpt lat="47.342848" lon="19.945553"><ele>92.5</ele></trkpt>
      <trkpt lat="47.342825" lon="19.946014"><ele>91.0</ele></trkpt>
      <trkpt lat="47.342800" lon="19.946212"><ele>91.25</ele></trkpt>
      <trkpt lat="47.342762" lon="19.946358"><ele>91.75</ele></trkpt>
      <trkpt lat="47.342611" lon="19.946300"><ele>92.25</ele></trkpt>
      <trkpt lat="47.341951" lon="19.946001"><ele>93.5</ele></trkpt>
      <trkpt lat="47.341737" lon="19.945917"><ele>93.0</ele></trkpt>
      <trkpt lat="47.341552" lon="19.945865"><ele>92.5</ele></trkpt>
      <trkpt lat="47.341342" lon="19.945826"><ele>92.0</ele></trkpt>
      <trkpt lat="47.340726" lon="19.945778"><ele>91.5</ele></trkpt>
      <trkpt lat="47.340624" lon="19.945799"><ele>91.0</ele></trkpt>
      <trkpt lat="47.340515" lon="19.945875"><ele>90.75</ele></trkpt>
      <trkpt lat="47.340422" lon="19.945985"><ele>90.75</ele></trkpt>
      <trkpt lat="47.340207" lon="19.946131"><ele>90.75</ele></trkpt>
      <trkpt lat="47.339973" lon="19.946325"><ele>90.75</ele></trkpt>
      <trkpt lat="47.339841" lon="19.946479"><ele>91.0</ele></trkpt>
      <trkpt lat="47.339669" lon="19.946789"><ele>91.0</ele></trkpt>
      <trkpt lat="47.339435" lon="19.947262"><ele>91.0</ele></trkpt>
      <trkpt lat="47.339213" lon="19.947683"><ele>90.75</ele></trkpt>
      <trkpt lat="47.339095" lon="19.947995"><ele>90.0</ele></trkpt>
      <trkpt lat="47.339047" lon="19.948143"><ele>90.0</ele></trkpt>
      <trkpt lat="47.339039" lon="19.948222"><ele>90.0</ele></trkpt>
      <trkpt lat="47.339025" lon="19.948468"><ele>90.25</ele></trkpt>
      <trkpt lat="47.339001" lon="19.948566"><ele>90.75</ele></trkpt>
      <trkpt lat="47.338634" lon="19.949148"><ele>91.0</ele></trkpt>
      <trkpt lat="47.338369" lon="19.949535"><ele>91.0</ele></trkpt>
      <trkpt lat="47.338156" lon="19.949768"><ele>91.0</ele></trkpt>
      <trkpt lat="47.337961" lon="19.949916"><ele>91.0</ele></trkpt>
      <trkpt lat="47.337716" lon="19.950047"><ele>90.75</ele></trkpt>
      <trkpt lat="47.337541" lon="19.950171"><ele>90.25</ele></trkpt>
      <trkpt lat="47.337343" lon="19.950380"><ele>90.5</ele></trkpt>
      <trkpt lat="47.337095" lon="19.950606"><ele>91.0</ele></trkpt>
      <trkpt lat="47.336978" lon="19.950688"><ele>91.0</ele></trkpt>
      <trkpt lat="47.336656" lon="19.950936"><ele>92.0</ele></trkpt>
      <trkpt lat="47.336596" lon="19.950985"><ele>92.0</ele></trkpt>
      <trkpt lat="47.336413" lon="19.951136"><ele>92.0</ele></trkpt>
      <trkpt lat="47.336248" lon="19.951218"><ele>91.5</ele></trkpt>
      <trkpt lat="47.336132" lon="19.951221"><ele>91.25</ele></trkpt>
      <trkpt lat="47.336072" lon="19.951183"><ele>91.0</ele></trkpt>
      <trkpt lat="47.335983" lon="19.951252"><ele>91.25</ele></trkpt>
      <trkpt lat="47.333974" lon="19.954160"><ele>90.0</ele></trkpt>
      <trkpt lat="47.333937" lon="19.954132"><ele>90.0</ele></trkpt>
      <trkpt lat="47.333875" lon="19.954113"><ele>90.0</ele></trkpt>
      <trkpt lat="47.333925" lon="19.954070"><ele>90.0</ele></trkpt>
      <trkpt lat="47.333925" lon="19.954070"><ele>90.0</ele></trkpt>
      <trkpt lat="47.333875" lon="19.954113"><ele>90.0</ele></trkpt>
      <trkpt lat="47.333937" lon="19.954132"><ele>90.0</ele></trkpt>
      <trkpt lat="47.333974" lon="19.954160"><ele>90.0</ele></trkpt>
      <trkpt lat="47.335983" lon="19.951252"><ele>91.25</ele></trkpt>
      <trkpt lat="47.336072" lon="19.951183"><ele>91.0</ele></trkpt>
      <trkpt lat="47.336101" lon="19.951125"><ele>91.0</ele></trkpt>
      <trkpt lat="47.336097" lon="19.951002"><ele>91.25</ele></trkpt>
      <trkpt lat="47.336113" lon="19.950766"><ele>92.0</ele></trkpt>
      <trkpt lat="47.336103" lon="19.950137"><ele>92.0</ele></trkpt>
      <trkpt lat="47.336136" lon="19.949882"><ele>92.0</ele></trkpt>
      <trkpt lat="47.336165" lon="19.949630"><ele>92.0</ele></trkpt>
      <trkpt lat="47.336207" lon="19.949476"><ele>92.0</ele></trkpt>
      <trkpt lat="47.336304" lon="19.949267"><ele>92.0</ele></trkpt>
      <trkpt lat="47.336455" lon="19.949013"><ele>91.75</ele></trkpt>
      <trkpt lat="47.336526" lon="19.948860"><ele>92.0</ele></trkpt>
      <trkpt lat="47.336568" lon="19.948584"><ele>91.75</ele></trkpt>
      <trkpt lat="47.336613" lon="19.948475"><ele>91.5</ele></trkpt>
      <trkpt lat="47.336512" lon="19.948329"><ele>91.5</ele></trkpt>
      <trkpt lat="47.336529" lon="19.948247"><ele>91.25</ele></trkpt>
      <trkpt lat="47.336583" lon="19.948123"><ele>91.0</ele></trkpt>
      <trkpt lat="47.336639" lon="19.948043"><ele>90.75</ele></trkpt>
      <trkpt lat="47.336681" lon="19.947992"><ele>91.0</ele></trkpt>
      <trkpt lat="47.337042" lon="19.947587"><ele>92.0</ele></trkpt>
      <trkpt lat="47.336608" lon="19.943666"><ele>91.0</ele></trkpt>
      <trkpt lat="47.336604" lon="19.943449"><ele>91.5</ele></trkpt>
      <trkpt lat="47.336694" lon="19.943310"><ele>92.0</ele></trkpt>
      <trkpt lat="47.336804" lon="19.943165"><ele>92.25</ele></trkpt>
      <trkpt lat="47.337449" lon="19.942316"><ele>91.0</ele></trkpt>
      <trkpt lat="47.337527" lon="19.942221"><ele>90.75</ele></trkpt>
      <trkpt lat="47.337958" lon="19.941376"><ele>91.25</ele></trkpt>
      <trkpt lat="47.338295" lon="19.940749"><ele>90.5</ele></trkpt>
      <trkpt lat="47.338421" lon="19.940498"><ele>89.5</ele></trkpt>
      <trkpt lat="47.338594" lon="19.940172"><ele>89.0</ele></trkpt>
      <trkpt lat="47.338750" lon="19.939850"><ele>87.75</ele></trkpt>
      <trkpt lat="47.338875" lon="19.939628"><ele>87.25</ele></trkpt>
      <trkpt lat="47.338974" lon="19.939531"><ele>87.5</ele></trkpt>
      <trkpt lat="47.339094" lon="19.939447"><ele>87.75</ele></trkpt>
      <trkpt lat="47.339417" lon="19.939244"><ele>87.75</ele></trkpt>
      <trkpt lat="47.339925" lon="19.939014"><ele>89.25</ele></trkpt>
      <trkpt lat="47.339132" lon="19.935642"><ele>88.5</ele></trkpt>
      <trkpt lat="47.338539" lon="19.933166"><ele>90.0</ele></trkpt>
      <trkpt lat="47.337961" lon="19.930678"><ele>91.0</ele></trkpt>
      <trkpt lat="47.337908" lon="19.930473"><ele>90.75</ele></trkpt>
      <trkpt lat="47.337822" lon="19.930205"><ele>90.75</ele></trkpt>
      <trkpt lat="47.337770" lon="19.930060"><ele>91.0</ele></trkpt>
      <trkpt lat="47.337685" lon="19.929887"><ele>91.5</ele></trkpt>
      <trkpt lat="47.337590" lon="19.929726"><ele>92.5</ele></trkpt>
      <trkpt lat="47.337486" lon="19.929584"><ele>92.75</ele></trkpt>
      <trkpt lat="47.336404" lon="19.928193"><ele>92.0</ele></trkpt>
      <trkpt lat="47.336199" lon="19.927894"><ele>91.25</ele></trkpt>
      <trkpt lat="47.336115" lon="19.927752"><ele>90.75</ele></trkpt>
      <trkpt lat="47.335961" lon="19.927438"><ele>90.0</ele></trkpt>
      <trkpt lat="47.335822" lon="19.927036"><ele>90.75</ele></trkpt>
      <trkpt lat="47.335750" lon="19.926768"><ele>90.5</ele></trkpt>
      <trkpt lat="47.335690" lon="19.926471"><ele>90.0</ele></trkpt>
      <trkpt lat="47.335657" lon="19.926268"><ele>90.0</ele></trkpt>
      <trkpt lat="47.335636" lon="19.926066"><ele>90.0</ele></trkpt>
      <trkpt lat="47.335617" lon="19.925652"><ele>91.5</ele></trkpt>
      <trkpt lat="47.335580" lon="19.923198"><ele>91.75</ele></trkpt>
      <trkpt lat="47.335459" lon="19.915993"><ele>91.75</ele></trkpt>
      <trkpt lat="47.335447" lon="19.915022"><ele>92.0</ele></trkpt>
      <trkpt lat="47.335445" lon="19.914296"><ele>93.0</ele></trkpt>
      <trkpt lat="47.335457" lon="19.914049"><ele>93.75</ele></trkpt>
      <trkpt lat="47.335521" lon="19.913127"><ele>92.0</ele></trkpt>
      <trkpt lat="47.335520" lon="19.912923"><ele>91.75</ele></trkpt>
      <trkpt lat="47.335490" lon="19.912704"><ele>91.75</ele></trkpt>
      <trkpt lat="47.335424" lon="19.912488"><ele>92.0</ele></trkpt>
      <trkpt lat="47.335392" lon="19.912402"><ele>92.0</ele></trkpt>
      <trkpt lat="47.335325" lon="19.912202"><ele>92.75</ele></trkpt>
      <trkpt lat="47.335290" lon="19.912039"><ele>92.75</ele></trkpt>
      <trkpt lat="47.335282" lon="19.911825"><ele>93.25</ele></trkpt>
      <trkpt lat="47.335347" lon="19.910927"><ele>92.75</ele></trkpt>
      <trkpt lat="47.335382" lon="19.910189"><ele>91.25</ele></trkpt>
      <trkpt lat="47.335355" lon="19.908920"><ele>95.0</ele></trkpt>
      <trkpt lat="47.334997" lon="19.894599"><ele>96.25</ele></trkpt>
      <trkpt lat="47.334962" lon="19.894213"><ele>97.5</ele></trkpt>
      <trkpt lat="47.334903" lon="19.893836"><ele>97.75</ele></trkpt>
      <trkpt lat="47.334802" lon="19.893418"><ele>97.0</ele></trkpt>
      <trkpt lat="47.334666" lon="19.892921"><ele>99.0</ele></trkpt>
      <trkpt lat="47.334512" lon="19.892432"><ele>95.75</ele></trkpt>
      <trkpt lat="47.334181" lon="19.891474"><ele>95.0</ele></trkpt>
      <trkpt lat="47.333537" lon="19.889549"><ele>96.25</ele></trkpt>
      <trkpt lat="47.333455" lon="19.889307"><ele>95.5</ele></trkpt>
      <trkpt lat="47.333084" lon="19.888177"><ele>96.0</ele></trkpt>
      <trkpt lat="47.332993" lon="19.887876"><ele>96.5</ele></trkpt>
      <trkpt lat="47.332931" lon="19.887646"><ele>97.0</ele></trkpt>
      <trkpt lat="47.332697" lon="19.886539"><ele>96.5</ele></trkpt>
      <trkpt lat="47.332627" lon="19.886320"><ele>97.0</ele></trkpt>
      <trkpt lat="47.332543" lon="19.886115"><ele>97.75</ele></trkpt>
      <trkpt lat="47.332209" lon="19.885372"><ele>97.75</ele></trkpt>
      <trkpt lat="47.331735" lon="19.884354"><ele>97.0</ele></trkpt>
      <trkpt lat="47.331652" lon="19.884186"><ele>96.75</ele></trkpt>
      <trkpt lat="47.331556" lon="19.884036"><ele>96.75</ele></trkpt>
      <trkpt lat="47.331219" lon="19.883573"><ele>97.5</ele></trkpt>
      <trkpt lat="47.330874" lon="19.883130"><ele>98.5</ele></trkpt>
      <trkpt lat="47.330884" lon="19.882976"><ele>99.0</ele></trkpt>
      <trkpt lat="47.330269" lon="19.880806"><ele>97.75</ele></trkpt>
      <trkpt lat="47.330128" lon="19.880250"><ele>97.0</ele></trkpt>
      <trkpt lat="47.330071" lon="19.879919"><ele>97.0</ele></trkpt>
      <trkpt lat="47.330014" lon="19.879469"><ele>97.0</ele></trkpt>
      <trkpt lat="47.329933" lon="19.879120"><ele>96.75</ele></trkpt>
      <trkpt lat="47.329876" lon="19.878913"><ele>96.75</ele></trkpt>
      <trkpt lat="47.329622" lon="19.879030"><ele>96.25</ele></trkpt>
      <trkpt lat="47.329584" lon="19.879026"><ele>96.25</ele></trkpt>
      <trkpt lat="47.329552" lon="19.878987"><ele>96.25</ele></trkpt>
      <trkpt lat="47.329196" lon="19.878456"><ele>96.5</ele></trkpt>
      <trkpt lat="47.328943" lon="19.878202"><ele>96.75</ele></trkpt>
      <trkpt lat="47.328774" lon="19.878034"><ele>97.0</ele></trkpt>
      <trkpt lat="47.328472" lon="19.877676"><ele>97.0</ele></trkpt>
      <trkpt lat="47.328270" lon="19.877402"><ele>97.5</ele></trkpt>
      <trkpt lat="47.328189" lon="19.877274"><ele>97.75</ele></trkpt>
      <trkpt lat="47.328154" lon="19.877128"><ele>98.0</ele></trkpt>
      <trkpt lat="47.328028" lon="19.877117"><ele>97.75</ele></trkpt>
      <trkpt lat="47.327805" lon="19.876967"><ele>97.0</ele></trkpt>
      <trkpt lat="47.327674" lon="19.876846"><ele>97.0</ele></trkpt>
      <trkpt lat="47.327619" lon="19.876766"><ele>97.0</ele></trkpt>
      <trkpt lat="47.326655" lon="19.877175"><ele>97.75</ele></trkpt>
      <trkpt lat="47.326318" lon="19.877280"><ele>97.0</ele></trkpt>
      <trkpt lat="47.325784" lon="19.877377"><ele>97.0</ele></trkpt>
      <trkpt lat="47.325244" lon="19.877461"><ele>98.0</ele></trkpt>
      <trkpt lat="47.325041" lon="19.877460"><ele>98.0</ele></trkpt>
      <trkpt lat="47.324671" lon="19.877480"><ele>97.75</ele></trkpt>
      <trkpt lat="47.324380" lon="19.877541"><ele>96.75</ele></trkpt>
      <trkpt lat="47.324325" lon="19.877559"><ele>96.5</ele></trkpt>
      <trkpt lat="47.324254" lon="19.877581"><ele>96.25</ele></trkpt>
      <trkpt lat="47.324082" lon="19.877233"><ele>96.5</ele></trkpt>
      <trkpt lat="47.324024" lon="19.877154"><ele>96.25</ele></trkpt>
      <trkpt lat="47.323801" lon="19.876912"><ele>95.5</ele></trkpt>
      <trkpt lat="47.323645" lon="19.876760"><ele>95.0</ele></trkpt>
      <trkpt lat="47.323591" lon="19.876665"><ele>95.0</ele></trkpt>
      <trkpt lat="47.323560" lon="19.876624"><ele>95.25</ele></trkpt>
      <trkpt lat="47.323445" lon="19.876530"><ele>96.25</ele></trkpt>
      <trkpt lat="47.323199" lon="19.876409"><ele>97.0</ele></trkpt>
      <trkpt lat="47.322966" lon="19.876348"><ele>97.0</ele></trkpt>
      <trkpt lat="47.319988" lon="19.875191"><ele>99.0</ele></trkpt>
      <trkpt lat="47.319979" lon="19.875068"><ele>98.75</ele></trkpt>
      <trkpt lat="47.319998" lon="19.874933"><ele>99.0</ele></trkpt>
      <trkpt lat="47.320146" lon="19.874022"><ele>101.0</ele></trkpt>
      <trkpt lat="47.320331" lon="19.872937"><ele>101.0</ele></trkpt>
      <trkpt lat="47.320546" lon="19.871731"><ele>101.0</ele></trkpt>
      <trkpt lat="47.320583" lon="19.871463"><ele>100.75</ele></trkpt>
      <trkpt lat="47.320607" lon="19.871196"><ele>100.0</ele></trkpt>
      <trkpt lat="47.320689" lon="19.869132"><ele>99.25</ele></trkpt>
      <trkpt lat="47.320785" lon="19.866927"><ele>96.75</ele></trkpt>
      <trkpt lat="47.320795" lon="19.866661"><ele>96.75</ele></trkpt>
      <trkpt lat="47.321124" lon="19.858929"><ele>96.75</ele></trkpt>
      <trkpt lat="47.321154" lon="19.858122"><ele>96.0</ele></trkpt>
      <trkpt lat="47.321179" lon="19.857645"><ele>96.75</ele></trkpt>
      <trkpt lat="47.321169" lon="19.857485"><ele>97.0</ele></trkpt>
      <trkpt lat="47.321097" lon="19.857156"><ele>96.75</ele></trkpt>
      <trkpt lat="47.321008" lon="19.856832"><ele>96.25</ele></trkpt>
      <trkpt lat="47.320037" lon="19.853474"><ele>96.25</ele></trkpt>
      <trkpt lat="47.320011" lon="19.853389"><ele>96.75</ele></trkpt>
      <trkpt lat="47.319482" lon="19.851610"><ele>95.5</ele></trkpt>
      <trkpt lat="47.319254" lon="19.850797"><ele>97.25</ele></trkpt>
      <trkpt lat="47.319215" lon="19.850616"><ele>97.75</ele></trkpt>
      <trkpt lat="47.319190" lon="19.850429"><ele>98.25</ele></trkpt>
      <trkpt lat="47.318865" lon="19.850301"><ele>98.75</ele></trkpt>
      <trkpt lat="47.317417" lon="19.849787"><ele>101.0</ele></trkpt>
      <trkpt lat="47.317151" lon="19.849686"><ele>100.75</ele></trkpt>
      <trkpt lat="47.317003" lon="19.849668"><ele>100.75</ele></trkpt>
      <trkpt lat="47.316848" lon="19.849660"><ele>100.0</ele></trkpt>
      <trkpt lat="47.316678" lon="19.849686"><ele>99.0</ele></trkpt>
      <trkpt lat="47.315323" lon="19.850006"><ele>99.75</ele></trkpt>
      <trkpt lat="47.315060" lon="19.850057"><ele>101.25</ele></trkpt>
      <trkpt lat="47.314911" lon="19.850061"><ele>102.0</ele></trkpt>
      <trkpt lat="47.314765" lon="19.850025"><ele>102.75</ele></trkpt>
      <trkpt lat="47.314588" lon="19.849919"><ele>102.5</ele></trkpt>
      <trkpt lat="47.314309" lon="19.849769"><ele>102.0</ele></trkpt>
      <trkpt lat="47.313959" lon="19.849548"><ele>101.5</ele></trkpt>
      <trkpt lat="47.313700" lon="19.849349"><ele>102.0</ele></trkpt>
      <trkpt lat="47.313392" lon="19.849057"><ele>104.25</ele></trkpt>
      <trkpt lat="47.311230" lon="19.846816"><ele>100.0</ele></trkpt>
      <trkpt lat="47.311022" lon="19.846598"><ele>99.5</ele></trkpt>
      <trkpt lat="47.310629" lon="19.846120"><ele>98.0</ele></trkpt>
      <trkpt lat="47.310217" lon="19.845517"><ele>95.75</ele></trkpt>
      <trkpt lat="47.309433" lon="19.844408"><ele>97.75</ele></trkpt>
      <trkpt lat="47.309020" lon="19.843844"><ele>97.0</ele></trkpt>
      <trkpt lat="47.308598" lon="19.843410"><ele>96.75</ele></trkpt>
      <trkpt lat="47.308238" lon="19.843121"><ele>95.25</ele></trkpt>
      <trkpt lat="47.308148" lon="19.843058"><ele>95.5</ele></trkpt>
      <trkpt lat="47.307927" lon="19.842934"><ele>96.0</ele></trkpt>
      <trkpt lat="47.307634" lon="19.842823"><ele>96.0</ele></trkpt>
      <trkpt lat="47.307359" lon="19.842750"><ele>96.25</ele></trkpt>
      <trkpt lat="47.307129" lon="19.842676"><ele>97.0</ele></trkpt>
      <trkpt lat="47.306980" lon="19.842642"><ele>97.75</ele></trkpt>
      <trkpt lat="47.306792" lon="19.842536"><ele>98.0</ele></trkpt>
      <trkpt lat="47.306612" lon="19.842412"><ele>98.0</ele></trkpt>
      <trkpt lat="47.305771" lon="19.841662"><ele>100.0</ele></trkpt>
      <trkpt lat="47.305705" lon="19.841730"><ele>100.0</ele></trkpt>
      <trkpt lat="47.305402" lon="19.841989"><ele>99.25</ele></trkpt>
      <trkpt lat="47.304505" lon="19.842808"><ele>98.0</ele></trkpt>
      <trkpt lat="47.304136" lon="19.843149"><ele>99.25</ele></trkpt>
      <trkpt lat="47.303480" lon="19.843732"><ele>99.25</ele></trkpt>
      <trkpt lat="47.303276" lon="19.843922"><ele>97.75</ele></trkpt>
      <trkpt lat="47.302176" lon="19.844913"><ele>98.25</ele></trkpt>
      <trkpt lat="47.301348" lon="19.845658"><ele>99.75</ele></trkpt>
      <trkpt lat="47.300552" lon="19.846408"><ele>99.0</ele></trkpt>
      <trkpt lat="47.299836" lon="19.847084"><ele>99.5</ele></trkpt>
      <trkpt lat="47.299634" lon="19.847283"><ele>99.25</ele></trkpt>
      <trkpt lat="47.299393" lon="19.847564"><ele>97.75</ele></trkpt>
      <trkpt lat="47.299144" lon="19.847871"><ele>97.0</ele></trkpt>
      <trkpt lat="47.298600" lon="19.848532"><ele>97.0</ele></trkpt>
      <trkpt lat="47.298501" lon="19.848630"><ele>97.25</ele></trkpt>
      <trkpt lat="47.298385" lon="19.848706"><ele>97.75</ele></trkpt>
      <trkpt lat="47.297893" lon="19.848957"><ele>100.5</ele></trkpt>
      <trkpt lat="47.297738" lon="19.849054"><ele>101.0</ele></trkpt>
      <trkpt lat="47.297475" lon="19.849242"><ele>100.75</ele></trkpt>
      <trkpt lat="47.297249" lon="19.849436"><ele>99.0</ele></trkpt>
      <trkpt lat="47.297186" lon="19.849277"><ele>98.75</ele></trkpt>
      <trkpt lat="47.296892" lon="19.848853"><ele>98.0</ele></trkpt>
      <trkpt lat="47.296193" lon="19.847887"><ele>97.5</ele></trkpt>
      <trkpt lat="47.295641" lon="19.847108"><ele>99.0</ele></trkpt>
      <trkpt lat="47.295310" lon="19.846675"><ele>98.0</ele></trkpt>
      <trkpt lat="47.294996" lon="19.846244"><ele>98.0</ele></trkpt>
      <trkpt lat="47.294236" lon="19.845207"><ele>97.75</ele></trkpt>
      <trkpt lat="47.293906" lon="19.844736"><ele>97.75</ele></trkpt>
      <trkpt lat="47.293468" lon="19.844168"><ele>98.25</ele></trkpt>
      <trkpt lat="47.293231" lon="19.843839"><ele>98.0</ele></trkpt>
      <trkpt lat="47.292913" lon="19.843346"><ele>98.25</ele></trkpt>
      <trkpt lat="47.292310" lon="19.842506"><ele>99.0</ele></trkpt>
      <trkpt lat="47.291379" lon="19.841196"><ele>98.0</ele></trkpt>
      <trkpt lat="47.291317" lon="19.841099"><ele>98.25</ele></trkpt>
      <trkpt lat="47.291307" lon="19.841111"><ele>98.0</ele></trkpt>
      <trkpt lat="47.290804" lon="19.841775"><ele>98.0</ele></trkpt>
      <trkpt lat="47.290400" lon="19.842345"><ele>97.75</ele></trkpt>
      <trkpt lat="47.290286" lon="19.842494"><ele>97.0</ele></trkpt>
      <trkpt lat="47.290019" lon="19.842874"><ele>97.75</ele></trkpt>
      <trkpt lat="47.289975" lon="19.842975"><ele>97.75</ele></trkpt>
      <trkpt lat="47.289933" lon="19.843095"><ele>98.0</ele></trkpt>
      <trkpt lat="47.289909" lon="19.843356"><ele>98.0</ele></trkpt>
      <trkpt lat="47.289893" lon="19.844575"><ele>97.5</ele></trkpt>
      <trkpt lat="47.289886" lon="19.844691"><ele>97.25</ele></trkpt>
      <trkpt lat="47.289876" lon="19.844753"><ele>97.25</ele></trkpt>
      <trkpt lat="47.289840" lon="19.844916"><ele>97.5</ele></trkpt>
      <trkpt lat="47.289806" lon="19.845005"><ele>97.5</ele></trkpt>
      <trkpt lat="47.289675" lon="19.845239"><ele>98.0</ele></trkpt>
      <trkpt lat="47.289572" lon="19.845410"><ele>98.0</ele></trkpt>
      <trkpt lat="47.288708" lon="19.846881"><ele>98.0</ele></trkpt>
      <trkpt lat="47.288216" lon="19.847732"><ele>98.0</ele></trkpt>
      <trkpt lat="47.287797" lon="19.848469"><ele>97.0</ele></trkpt>
      <trkpt lat="47.287652" lon="19.848754"><ele>97.0</ele></trkpt>
      <trkpt lat="47.287420" lon="19.849263"><ele>96.5</ele></trkpt>
      <trkpt lat="47.286851" lon="19.850587"><ele>97.5</ele></trkpt>
      <trkpt lat="47.286392" lon="19.851685"><ele>96.75</ele></trkpt>
      <trkpt lat="47.285924" lon="19.852784"><ele>97.0</ele></trkpt>
      <trkpt lat="47.285502" lon="19.853753"><ele>98.25</ele></trkpt>
      <trkpt lat="47.285312" lon="19.854213"><ele>99.0</ele></trkpt>
      <trkpt lat="47.285261" lon="19.854370"><ele>98.75</ele></trkpt>
      <trkpt lat="47.285211" lon="19.854577"><ele>98.25</ele></trkpt>
      <trkpt lat="47.285102" lon="19.855214"><ele>97.0</ele></trkpt>
      <trkpt lat="47.285014" lon="19.855175"><ele>97.0</ele></trkpt>
      <trkpt lat="47.284195" lon="19.854485"><ele>97.0</ele></trkpt>
      <trkpt lat="47.283614" lon="19.856149"><ele>97.0</ele></trkpt>
      <trkpt lat="47.283525" lon="19.856424"><ele>97.75</ele></trkpt>
      <trkpt lat="47.283374" lon="19.857044"><ele>97.0</ele></trkpt>
      <trkpt lat="47.282917" lon="19.858987"><ele>96.25</ele></trkpt>
      <trkpt lat="47.282382" lon="19.860872"><ele>95.75</ele></trkpt>
      <trkpt lat="47.282167" lon="19.861578"><ele>95.75</ele></trkpt>
      <trkpt lat="47.281822" lon="19.862672"><ele>97.0</ele></trkpt>
      <trkpt lat="47.281476" lon="19.863821"><ele>97.5</ele></trkpt>
      <trkpt lat="47.281183" lon="19.864900"><ele>100.25</ele></trkpt>
      <trkpt lat="47.280928" lon="19.865903"><ele>98.5</ele></trkpt>
      <trkpt lat="47.280895" lon="19.866085"><ele>98.0</ele></trkpt>
      <trkpt lat="47.279092" lon="19.865840"><ele>96.0</ele></trkpt>
      <trkpt lat="47.276662" lon="19.865511"><ele>95.75</ele></trkpt>
      <trkpt lat="47.275214" lon="19.865324"><ele>94.75</ele></trkpt>
      <trkpt lat="47.274026" lon="19.865177"><ele>96.5</ele></trkpt>
      <trkpt lat="47.273823" lon="19.865157"><ele>97.0</ele></trkpt>
      <trkpt lat="47.273538" lon="19.865106"><ele>96.75</ele></trkpt>
      <trkpt lat="47.273437" lon="19.865070"><ele>96.5</ele></trkpt>
      <trkpt lat="47.272910" lon="19.864696"><ele>95.25</ele></trkpt>
      <trkpt lat="47.271420" lon="19.863617"><ele>95.75</ele></trkpt>
      <trkpt lat="47.270321" lon="19.862842"><ele>94.0</ele></trkpt>
      <trkpt lat="47.262394" lon="19.856995"><ele>93.5</ele></trkpt>
      <trkpt lat="47.261737" lon="19.856498"><ele>92.75</ele></trkpt>
      <trkpt lat="47.261684" lon="19.856452"><ele>92.75</ele></trkpt>
      <trkpt lat="47.260305" lon="19.855146"><ele>94.25</ele></trkpt>
      <trkpt lat="47.260002" lon="19.854869"><ele>94.75</ele></trkpt>
      <trkpt lat="47.259815" lon="19.854720"><ele>94.25</ele></trkpt>
      <trkpt lat="47.257383" lon="19.853131"><ele>92.0</ele></trkpt>
      <trkpt lat="47.255188" lon="19.851689"><ele>93.0</ele></trkpt>
      <trkpt lat="47.254828" lon="19.851454"><ele>93.0</ele></trkpt>
      <trkpt lat="47.254800" lon="19.851432"><ele>93.0</ele></trkpt>
      <trkpt lat="47.254681" lon="19.851355"><ele>92.75</ele></trkpt>
      <trkpt lat="47.251881" lon="19.849518"><ele>93.75</ele></trkpt>
      <trkpt lat="47.248940" lon="19.847583"><ele>92.0</ele></trkpt>
      <trkpt lat="47.244653" lon="19.844763"><ele>92.75</ele></trkpt>
      <trkpt lat="47.243682" lon="19.844115"><ele>93.75</ele></trkpt>
      <trkpt lat="47.243521" lon="19.844010"><ele>93.25</ele></trkpt>
      <trkpt lat="47.241099" lon="19.842397"><ele>93.25</ele></trkpt>
      <trkpt lat="47.237555" lon="19.840041"><ele>93.5</ele></trkpt>
      <trkpt lat="47.235675" lon="19.838788"><ele>92.25</ele></trkpt>
      <trkpt lat="47.235218" lon="19.838487"><ele>93.25</ele></trkpt>
      <trkpt lat="47.234485" lon="19.838003"><ele>95.0</ele></trkpt>
      <trkpt lat="47.233330" lon="19.837230"><ele>95.0</ele></trkpt>
      <trkpt lat="47.232586" lon="19.836733"><ele>94.0</ele></trkpt>
      <trkpt lat="47.232316" lon="19.836550"><ele>94.0</ele></trkpt>
      <trkpt lat="47.231672" lon="19.836114"><ele>93.0</ele></trkpt>
      <trkpt lat="47.230260" lon="19.835165"><ele>94.0</ele></trkpt>
      <trkpt lat="47.229545" lon="19.834680"><ele>93.0</ele></trkpt>
      <trkpt lat="47.228652" lon="19.834083"><ele>93.0</ele></trkpt>
      <trkpt lat="47.228215" lon="19.833797"><ele>93.0</ele></trkpt>
      <trkpt lat="47.227574" lon="19.833394"><ele>94.0</ele></trkpt>
      <trkpt lat="47.227441" lon="19.833309"><ele>93.75</ele></trkpt>
      <trkpt lat="47.226300" lon="19.832601"><ele>93.5</ele></trkpt>
      <trkpt lat="47.225510" lon="19.832108"><ele>93.25</ele></trkpt>
      <trkpt lat="47.225404" lon="19.832045"><ele>93.25</ele></trkpt>
      <trkpt lat="47.225331" lon="19.831996"><ele>93.0</ele></trkpt>
      <trkpt lat="47.224796" lon="19.831663"><ele>93.0</ele></trkpt>
      <trkpt lat="47.222695" lon="19.830273"><ele>94.0</ele></trkpt>
      <trkpt lat="47.222193" lon="19.829942"><ele>95.0</ele></trkpt>
      <trkpt lat="47.219439" lon="19.828127"><ele>94.25</ele></trkpt>
      <trkpt lat="47.218548" lon="19.827542"><ele>94.75</ele></trkpt>
      <trkpt lat="47.218120" lon="19.827257"><ele>92.25</ele></trkpt>
      <trkpt lat="47.218084" lon="19.827234"><ele>92.0</ele></trkpt>
      <trkpt lat="47.214649" lon="19.824970"><ele>95.0</ele></trkpt>
      <trkpt lat="47.212746" lon="19.823730"><ele>95.5</ele></trkpt>
      <trkpt lat="47.209393" lon="19.821523"><ele>94.0</ele></trkpt>
      <trkpt lat="47.209346" lon="19.821492"><ele>94.25</ele></trkpt>
      <trkpt lat="47.207798" lon="19.820472"><ele>94.25</ele></trkpt>
      <trkpt lat="47.207053" lon="19.819981"><ele>94.25</ele></trkpt>
      <trkpt lat="47.202735" lon="19.817101"><ele>95.0</ele></trkpt>
      <trkpt lat="47.202067" lon="19.816657"><ele>94.25</ele></trkpt>
      <trkpt lat="47.200836" lon="19.815853"><ele>96.0</ele></trkpt>
      <trkpt lat="47.200042" lon="19.815322"><ele>95.0</ele></trkpt>
      <trkpt lat="47.199350" lon="19.814891"><ele>96.75</ele></trkpt>
      <trkpt lat="47.199211" lon="19.814833"><ele>96.5</ele></trkpt>
      <trkpt lat="47.199065" lon="19.814805"><ele>96.25</ele></trkpt>
      <trkpt lat="47.198874" lon="19.814791"><ele>96.0</ele></trkpt>
      <trkpt lat="47.198809" lon="19.814759"><ele>96.0</ele></trkpt>
      <trkpt lat="47.198720" lon="19.814723"><ele>96.5</ele></trkpt>
      <trkpt lat="47.198666" lon="19.814690"><ele>96.75</ele></trkpt>
      <trkpt lat="47.198628" lon="19.814650"><ele>97.0</ele></trkpt>
      <trkpt lat="47.198585" lon="19.814577"><ele>97.25</ele></trkpt>
      <trkpt lat="47.198556" lon="19.814552"><ele>97.25</ele></trkpt>
      <trkpt lat="47.198515" lon="19.814534"><ele>97.25</ele></trkpt>
      <trkpt lat="47.198473" lon="19.814532"><ele>97.0</ele></trkpt>
      <trkpt lat="47.198432" lon="19.814548"><ele>96.75</ele></trkpt>
      <trkpt lat="47.198390" lon="19.814584"><ele>96.5</ele></trkpt>
      <trkpt lat="47.198336" lon="19.814604"><ele>96.25</ele></trkpt>
      <trkpt lat="47.198267" lon="19.814591"><ele>96.25</ele></trkpt>
      <trkpt lat="47.198194" lon="19.814581"><ele>96.25</ele></trkpt>
      <trkpt lat="47.197740" lon="19.814307"><ele>96.25</ele></trkpt>
      <trkpt lat="47.197343" lon="19.814093"><ele>96.25</ele></trkpt>
      <trkpt lat="47.197137" lon="19.814015"><ele>96.0</ele></trkpt>
      <trkpt lat="47.196436" lon="19.813776"><ele>96.0</ele></trkpt>
      <trkpt lat="47.195996" lon="19.813628"><ele>97.25</ele></trkpt>
      <trkpt lat="47.195679" lon="19.813503"><ele>97.75</ele></trkpt>
      <trkpt lat="47.195540" lon="19.813436"><ele>97.25</ele></trkpt>
      <trkpt lat="47.195412" lon="19.813353"><ele>96.5</ele></trkpt>
      <trkpt lat="47.195281" lon="19.813260"><ele>96.0</ele></trkpt>
      <trkpt lat="47.194649" lon="19.812739"><ele>96.5</ele></trkpt>
      <trkpt lat="47.194601" lon="19.812678"><ele>96.0</ele></trkpt>
      <trkpt lat="47.194488" lon="19.812529"><ele>95.25</ele></trkpt>
      <trkpt lat="47.194462" lon="19.812465"><ele>94.75</ele></trkpt>
      <trkpt lat="47.194458" lon="19.812392"><ele>94.5</ele></trkpt>
      <trkpt lat="47.194478" lon="19.812322"><ele>94.5</ele></trkpt>
      <trkpt lat="47.194514" lon="19.812258"><ele>94.5</ele></trkpt>
      <trkpt lat="47.194570" lon="19.812139"><ele>94.75</ele></trkpt>
      <trkpt lat="47.194685" lon="19.811973"><ele>95.5</ele></trkpt>
      <trkpt lat="47.194775" lon="19.811824"><ele>96.0</ele></trkpt>
      <trkpt lat="47.194914" lon="19.811495"><ele>96.0</ele></trkpt>
      <trkpt lat="47.194989" lon="19.811258"><ele>96.25</ele></trkpt>
      <trkpt lat="47.195036" lon="19.811028"><ele>96.75</ele></trkpt>
      <trkpt lat="47.195076" lon="19.810693"><ele>96.75</ele></trkpt>
      <trkpt lat="47.195017" lon="19.809296"><ele>96.0</ele></trkpt>
      <trkpt lat="47.194907" lon="19.806678"><ele>95.5</ele></trkpt>
      <trkpt lat="47.194904" lon="19.806287"><ele>96.25</ele></trkpt>
      <trkpt lat="47.194910" lon="19.806114"><ele>96.75</ele></trkpt>
      <trkpt lat="47.194929" lon="19.805928"><ele>97.0</ele></trkpt>
      <trkpt lat="47.194959" lon="19.805730"><ele>97.0</ele></trkpt>
      <trkpt lat="47.195025" lon="19.805441"><ele>97.0</ele></trkpt>
      <trkpt lat="47.195115" lon="19.805153"><ele>97.25</ele></trkpt>
      <trkpt lat="47.195320" lon="19.804558"><ele>97.25</ele></trkpt>
      <trkpt lat="47.194254" lon="19.803820"><ele>97.25</ele></trkpt>
      <trkpt lat="47.192624" lon="19.802693"><ele>96.0</ele></trkpt>
      <trkpt lat="47.191423" lon="19.801863"><ele>96.5</ele></trkpt>
      <trkpt lat="47.190791" lon="19.801426"><ele>95.25</ele></trkpt>
      <trkpt lat="47.189745" lon="19.800702"><ele>98.25</ele></trkpt>
      <trkpt lat="47.189378" lon="19.800445"><ele>99.25</ele></trkpt>
      <trkpt lat="47.188290" lon="19.799705"><ele>97.0</ele></trkpt>
      <trkpt lat="47.188005" lon="19.800622"><ele>97.0</ele></trkpt>
      <trkpt lat="47.187886" lon="19.801002"><ele>98.0</ele></trkpt>
      <trkpt lat="47.187798" lon="19.801237"><ele>98.0</ele></trkpt>
      <trkpt lat="47.187695" lon="19.801335"><ele>98.0</ele></trkpt>
      <trkpt lat="47.187571" lon="19.800974"><ele>98.0</ele></trkpt>
      <trkpt lat="47.187470" lon="19.800730"><ele>97.75</ele></trkpt>
      <trkpt lat="47.187371" lon="19.800530"><ele>98.0</ele></trkpt>
      <trkpt lat="47.187248" lon="19.800304"><ele>98.0</ele></trkpt>
      <trkpt lat="47.187122" lon="19.800105"><ele>98.0</ele></trkpt>
      <trkpt lat="47.186947" lon="19.799875"><ele>98.0</ele></trkpt>
      <trkpt lat="47.186832" lon="19.799741"><ele>98.0</ele></trkpt>
      <trkpt lat="47.186700" lon="19.799609"><ele>97.5</ele></trkpt>
      <trkpt lat="47.186369" lon="19.799339"><ele>97.25</ele></trkpt>
      <trkpt lat="47.186094" lon="19.799167"><ele>99.0</ele></trkpt>
      <trkpt lat="47.185977" lon="19.799118"><ele>99.25</ele></trkpt>
      <trkpt lat="47.185726" lon="19.799034"><ele>100.0</ele></trkpt>
      <trkpt lat="47.185445" lon="19.798978"><ele>100.0</ele></trkpt>
      <trkpt lat="47.185134" lon="19.798971"><ele>100.75</ele></trkpt>
      <trkpt lat="47.184999" lon="19.798978"><ele>101.0</ele></trkpt>
      <trkpt lat="47.184841" lon="19.799008"><ele>101.5</ele></trkpt>
      <trkpt lat="47.184656" lon="19.799055"><ele>102.0</ele></trkpt>
      <trkpt lat="47.184505" lon="19.799115"><ele>102.5</ele></trkpt>
      <trkpt lat="47.184269" lon="19.799225"><ele>103.25</ele></trkpt>
      <trkpt lat="47.184041" lon="19.799353"><ele>103.25</ele></trkpt>
      <trkpt lat="47.183732" lon="19.799557"><ele>101.25</ele></trkpt>
      <trkpt lat="47.182432" lon="19.800441"><ele>100.75</ele></trkpt>
      <trkpt lat="47.182277" lon="19.800440"><ele>100.0</ele></trkpt>
      <trkpt lat="47.182018" lon="19.800523"><ele>99.25</ele></trkpt>
      <trkpt lat="47.181933" lon="19.800520"><ele>98.75</ele></trkpt>
      <trkpt lat="47.181883" lon="19.800478"><ele>98.5</ele></trkpt>
      <trkpt lat="47.181853" lon="19.800406"><ele>98.25</ele></trkpt>
      <trkpt lat="47.181796" lon="19.800324"><ele>98.0</ele></trkpt>
      <trkpt lat="47.181760" lon="19.800308"><ele>97.5</ele></trkpt>
      <trkpt lat="47.181709" lon="19.800284"><ele>97.25</ele></trkpt>
      <trkpt lat="47.181685" lon="19.800273"><ele>97.0</ele></trkpt>
      <trkpt lat="47.181669" lon="19.800269"><ele>97.0</ele></trkpt>
      <trkpt lat="47.181639" lon="19.800262"><ele>97.0</ele></trkpt>
      <trkpt lat="47.181558" lon="19.800311"><ele>97.0</ele></trkpt>
      <trkpt lat="47.181481" lon="19.800385"><ele>97.5</ele></trkpt>
      <trkpt lat="47.181438" lon="19.800434"><ele>98.0</ele></trkpt>
      <trkpt lat="47.181446" lon="19.800535"><ele>98.5</ele></trkpt>
      <trkpt lat="47.181447" lon="19.800586"><ele>99.0</ele></trkpt>
      <trkpt lat="47.181449" lon="19.800706"><ele>99.75</ele></trkpt>
      <trkpt lat="47.181450" lon="19.800760"><ele>100.25</ele></trkpt>
      <trkpt lat="47.181447" lon="19.800825"><ele>100.5</ele></trkpt>
      <trkpt lat="47.181185" lon="19.800753"><ele>101.75</ele></trkpt>
      <trkpt lat="47.180198" lon="19.800177"><ele>101.5</ele></trkpt>
      <trkpt lat="47.180072" lon="19.800080"><ele>100.75</ele></trkpt>
      <trkpt lat="47.180027" lon="19.800028"><ele>100.25</ele></trkpt>
      <trkpt lat="47.179678" lon="19.799799"><ele>100.5</ele></trkpt>
      <trkpt lat="47.178065" lon="19.798748"><ele>101.0</ele></trkpt>
      <trkpt lat="47.177329" lon="19.798234"><ele>100.5</ele></trkpt>
      <trkpt lat="47.177206" lon="19.798168"><ele>100.5</ele></trkpt>
      <trkpt lat="47.177167" lon="19.798168"><ele>100.75</ele></trkpt>
      <trkpt lat="47.177154" lon="19.798216"><ele>100.75</ele></trkpt>
      <trkpt lat="47.176584" lon="19.800210"><ele>102.75</ele></trkpt>
      <trkpt lat="47.176501" lon="19.800148"><ele>102.75</ele></trkpt>
      <trkpt lat="47.176414" lon="19.800080"><ele>102.75</ele></trkpt>
      <trkpt lat="47.175902" lon="19.799726"><ele>101.0</ele></trkpt>
      <trkpt lat="47.175716" lon="19.799595"><ele>101.0</ele></trkpt>
      <trkpt lat="47.175177" lon="19.799214"><ele>103.25</ele></trkpt>
      <trkpt lat="47.175039" lon="19.799116"><ele>103.75</ele></trkpt>
      <trkpt lat="47.174767" lon="19.798939"><ele>104.0</ele></trkpt>
      <trkpt lat="47.174696" lon="19.798893"><ele>104.0</ele></trkpt>
      <trkpt lat="47.173617" lon="19.798066"><ele>103.0</ele></trkpt>
      <trkpt lat="47.172995" lon="19.797610"><ele>104.5</ele></trkpt>
      <trkpt lat="47.172866" lon="19.797513"><ele>104.5</ele></trkpt>
      <trkpt lat="47.172833" lon="19.797488"><ele>104.75</ele></trkpt>
      <trkpt lat="47.172785" lon="19.797451"><ele>104.75</ele></trkpt>
      <trkpt lat="47.172172" lon="19.796980"><ele>106.0</ele></trkpt>
      <trkpt lat="47.171748" lon="19.796653"><ele>107.0</ele></trkpt>
      <trkpt lat="47.171194" lon="19.796247"><ele>105.5</ele></trkpt>
      <trkpt lat="47.170967" lon="19.796081"><ele>106.5</ele></trkpt>
      <trkpt lat="47.170801" lon="19.795959"><ele>108.25</ele></trkpt>
      <trkpt lat="47.170684" lon="19.795836"><ele>109.5</ele></trkpt>
      <trkpt lat="47.170384" lon="19.795518"><ele>109.25</ele></trkpt>
      <trkpt lat="47.169314" lon="19.794375"><ele>104.0</ele></trkpt>
      <trkpt lat="47.169272" lon="19.794330"><ele>104.0</ele></trkpt>
      <trkpt lat="47.169200" lon="19.794253"><ele>103.75</ele></trkpt>
      <trkpt lat="47.169014" lon="19.794559"><ele>102.0</ele></trkpt>
      <trkpt lat="47.168978" lon="19.794614"><ele>101.5</ele></trkpt>
      <trkpt lat="47.168900" lon="19.794622"><ele>101.25</ele></trkpt>
      <trkpt lat="47.168112" lon="19.795751"><ele>102.5</ele></trkpt>
      <trkpt lat="47.167839" lon="19.796102"><ele>102.0</ele></trkpt>
      <trkpt lat="47.167176" lon="19.796066"><ele>102.0</ele></trkpt>
      <trkpt lat="47.166753" lon="19.796024"><ele>102.0</ele></trkpt>
      <trkpt lat="47.165614" lon="19.796531"><ele>101.75</ele></trkpt>
      <trkpt lat="47.165337" lon="19.796271"><ele>102.0</ele></trkpt>
      <trkpt lat="47.165040" lon="19.796000"><ele>101.5</ele></trkpt>
      <trkpt lat="47.164456" lon="19.795429"><ele>101.0</ele></trkpt>
      <trkpt lat="47.164394" lon="19.795369"><ele>101.0</ele></trkpt>
      <trkpt lat="47.163288" lon="19.794050"><ele>102.5</ele></trkpt>
      <trkpt lat="47.163073" lon="19.793782"><ele>102.5</ele></trkpt>
      <trkpt lat="47.163025" lon="19.793764"><ele>102.5</ele></trkpt>
      <trkpt lat="47.162155" lon="19.793258"><ele>102.75</ele></trkpt>
      <trkpt lat="47.161681" lon="19.792960"><ele>102.0</ele></trkpt>
      <trkpt lat="47.161306" lon="19.792738"><ele>100.25</ele></trkpt>
      <trkpt lat="47.161231" lon="19.792705"><ele>100.0</ele></trkpt>
      <trkpt lat="47.160311" lon="19.792162"><ele>100.0</ele></trkpt>
      <trkpt lat="47.160232" lon="19.792112"><ele>100.5</ele></trkpt>
      <trkpt lat="47.160198" lon="19.792231"><ele>100.25</ele></trkpt>
      <trkpt lat="47.160180" lon="19.792296"><ele>100.5</ele></trkpt>
      <trkpt lat="47.160166" lon="19.792341"><ele>100.5</ele></trkpt>
      <trkpt lat="47.159336" lon="19.791836"><ele>102.0</ele></trkpt>
      <trkpt lat="47.158419" lon="19.791275"><ele>101.5</ele></trkpt>
      <trkpt lat="47.157500" lon="19.790727"><ele>101.0</ele></trkpt>
      <trkpt lat="47.157178" lon="19.790536"><ele>100.75</ele></trkpt>
      <trkpt lat="47.156994" lon="19.790412"><ele>99.75</ele></trkpt>
      <trkpt lat="47.156957" lon="19.790387"><ele>99.25</ele></trkpt>
      <trkpt lat="47.156798" lon="19.790310"><ele>98.5</ele></trkpt>
      <trkpt lat="47.156653" lon="19.790261"><ele>98.0</ele></trkpt>
      <trkpt lat="47.156561" lon="19.790231"><ele>98.25</ele></trkpt>
      <trkpt lat="47.156386" lon="19.790221"><ele>98.75</ele></trkpt>
      <trkpt lat="47.155890" lon="19.790181"><ele>100.5</ele></trkpt>
      <trkpt lat="47.155501" lon="19.790152"><ele>100.0</ele></trkpt>
      <trkpt lat="47.154331" lon="19.790033"><ele>101.0</ele></trkpt>
      <trkpt lat="47.153701" lon="19.789995"><ele>103.5</ele></trkpt>
      <trkpt lat="47.152711" lon="19.789912"><ele>103.5</ele></trkpt>
      <trkpt lat="47.152587" lon="19.789912"><ele>103.25</ele></trkpt>
      <trkpt lat="47.152446" lon="19.789952"><ele>103.0</ele></trkpt>
      <trkpt lat="47.152362" lon="19.789951"><ele>103.0</ele></trkpt>
      <trkpt lat="47.150667" lon="19.789738"><ele>102.75</ele></trkpt>
      <trkpt lat="47.149888" lon="19.789662"><ele>105.0</ele></trkpt>
      <trkpt lat="47.148344" lon="19.789529"><ele>104.5</ele></trkpt>
      <trkpt lat="47.148104" lon="19.789522"><ele>104.25</ele></trkpt>
      <trkpt lat="47.147932" lon="19.789541"><ele>103.5</ele></trkpt>
      <trkpt lat="47.147733" lon="19.789549"><ele>102.5</ele></trkpt>
      <trkpt lat="47.147612" lon="19.789590"><ele>102.75</ele></trkpt>
      <trkpt lat="47.147554" lon="19.789651"><ele>102.75</ele></trkpt>
      <trkpt lat="47.147516" lon="19.789718"><ele>102.75</ele></trkpt>
      <trkpt lat="47.147422" lon="19.790051"><ele>102.5</ele></trkpt>
      <trkpt lat="47.147375" lon="19.790148"><ele>102.75</ele></trkpt>
      <trkpt lat="47.147341" lon="19.790241"><ele>103.0</ele></trkpt>
      <trkpt lat="47.147295" lon="19.790416"><ele>103.25</ele></trkpt>
      <trkpt lat="47.147269" lon="19.790429"><ele>103.5</ele></trkpt>
      <trkpt lat="47.147183" lon="19.790443"><ele>103.75</ele></trkpt>
      <trkpt lat="47.147072" lon="19.790396"><ele>103.75</ele></trkpt>
      <trkpt lat="47.146855" lon="19.790371"><ele>103.25</ele></trkpt>
      <trkpt lat="47.146784" lon="19.790347"><ele>103.25</ele></trkpt>
      <trkpt lat="47.146683" lon="19.790265"><ele>103.0</ele></trkpt>
      <trkpt lat="47.146636" lon="19.790191"><ele>103.0</ele></trkpt>
      <trkpt lat="47.146603" lon="19.790112"><ele>103.0</ele></trkpt>
      <trkpt lat="47.146579" lon="19.790016"><ele>103.0</ele></trkpt>
      <trkpt lat="47.146571" lon="19.789908"><ele>102.75</ele></trkpt>
      <trkpt lat="47.146579" lon="19.789681"><ele>102.25</ele></trkpt>
      <trkpt lat="47.146575" lon="19.789606"><ele>102.25</ele></trkpt>
      <trkpt lat="47.146546" lon="19.789529"><ele>102.25</ele></trkpt>
      <trkpt lat="47.146490" lon="19.789458"><ele>102.5</ele></trkpt>
      <trkpt lat="47.146433" lon="19.789429"><ele>102.75</ele></trkpt>
      <trkpt lat="47.146108" lon="19.789397"><ele>103.0</ele></trkpt>
      <trkpt lat="47.146015" lon="19.789365"><ele>103.0</ele></trkpt>
      <trkpt lat="47.145913" lon="19.789310"><ele>103.25</ele></trkpt>
      <trkpt lat="47.145720" lon="19.789285"><ele>103.25</ele></trkpt>
      <trkpt lat="47.142057" lon="19.788913"><ele>105.75</ele></trkpt>
      <trkpt lat="47.140245" lon="19.788710"><ele>104.5</ele></trkpt>
      <trkpt lat="47.140164" lon="19.788708"><ele>104.75</ele></trkpt>
      <trkpt lat="47.135549" lon="19.788223"><ele>106.0</ele></trkpt>
      <trkpt lat="47.134662" lon="19.788117"><ele>108.5</ele></trkpt>
      <trkpt lat="47.133750" lon="19.788019"><ele>109.25</ele></trkpt>
      <trkpt lat="47.133106" lon="19.787919"><ele>106.5</ele></trkpt>
      <trkpt lat="47.130962" lon="19.787691"><ele>109.5</ele></trkpt>
      <trkpt lat="47.130181" lon="19.787616"><ele>111.5</ele></trkpt>
      <trkpt lat="47.126017" lon="19.787176"><ele>109.5</ele></trkpt>
      <trkpt lat="47.125927" lon="19.787161"><ele>109.25</ele></trkpt>
      <trkpt lat="47.125734" lon="19.787150"><ele>108.5</ele></trkpt>
      <trkpt lat="47.125403" lon="19.787109"><ele>108.5</ele></trkpt>
      <trkpt lat="47.124731" lon="19.787056"><ele>110.5</ele></trkpt>
      <trkpt lat="47.122004" lon="19.786739"><ele>111.5</ele></trkpt>
      <trkpt lat="47.120419" lon="19.786541"><ele>110.0</ele></trkpt>
      <trkpt lat="47.118780" lon="19.786364"><ele>111.5</ele></trkpt>
      <trkpt lat="47.111635" lon="19.785566"><ele>110.75</ele></trkpt>
      <trkpt lat="47.109765" lon="19.785339"><ele>110.5</ele></trkpt>
      <trkpt lat="47.108720" lon="19.785229"><ele>113.25</ele></trkpt>
      <trkpt lat="47.107253" lon="19.785034"><ele>113.75</ele></trkpt>
      <trkpt lat="47.105547" lon="19.784835"><ele>114.25</ele></trkpt>
      <trkpt lat="47.105348" lon="19.784833"><ele>114.0</ele></trkpt>
      <trkpt lat="47.105106" lon="19.784800"><ele>114.25</ele></trkpt>
      <trkpt lat="47.105034" lon="19.784818"><ele>114.5</ele></trkpt>
      <trkpt lat="47.104958" lon="19.784894"><ele>114.25</ele></trkpt>
      <trkpt lat="47.104914" lon="19.784949"><ele>114.0</ele></trkpt>
      <trkpt lat="47.104871" lon="19.784974"><ele>114.0</ele></trkpt>
      <trkpt lat="47.104809" lon="19.784956"><ele>114.0</ele></trkpt>
      <trkpt lat="47.104731" lon="19.785485"><ele>113.0</ele></trkpt>
      <trkpt lat="47.104682" lon="19.785824"><ele>112.75</ele></trkpt>
      <trkpt lat="47.103910" lon="19.790888"><ele>111.0</ele></trkpt>
      <trkpt lat="47.103657" lon="19.792600"><ele>111.0</ele></trkpt>
      <trkpt lat="47.103457" lon="19.793821"><ele>109.75</ele></trkpt>
      <trkpt lat="47.103426" lon="19.794010"><ele>110.0</ele></trkpt>
      <trkpt lat="47.103383" lon="19.794238"><ele>110.0</ele></trkpt>
      <trkpt lat="47.103371" lon="19.794301"><ele>110.25</ele></trkpt>
      <trkpt lat="47.103301" lon="19.794610"><ele>111.0</ele></trkpt>
      <trkpt lat="47.103042" lon="19.795569"><ele>111.75</ele></trkpt>
      <trkpt lat="47.102421" lon="19.797706"><ele>110.0</ele></trkpt>
      <trkpt lat="47.102255" lon="19.798277"><ele>110.0</ele></trkpt>
      <trkpt lat="47.102119" lon="19.798745"><ele>110.5</ele></trkpt>
      <trkpt lat="47.102001" lon="19.799152"><ele>111.0</ele></trkpt>
      <trkpt lat="47.101839" lon="19.799706"><ele>110.0</ele></trkpt>
      <trkpt lat="47.101730" lon="19.800083"><ele>110.0</ele></trkpt>
      <trkpt lat="47.101625" lon="19.800448"><ele>110.0</ele></trkpt>
      <trkpt lat="47.101462" lon="19.801032"><ele>112.25</ele></trkpt>
      <trkpt lat="47.101195" lon="19.801999"><ele>110.0</ele></trkpt>
      <trkpt lat="47.100538" lon="19.804257"><ele>110.25</ele></trkpt>
      <trkpt lat="47.100530" lon="19.804279"><ele>110.25</ele></trkpt>
      <trkpt lat="47.100520" lon="19.804312"><ele>110.75</ele></trkpt>
      <trkpt lat="47.100530" lon="19.804279"><ele>110.25</ele></trkpt>
      <trkpt lat="47.100538" lon="19.804257"><ele>110.25</ele></trkpt>
      <trkpt lat="47.101195" lon="19.801999"><ele>110.0</ele></trkpt>
      <trkpt lat="47.101462" lon="19.801032"><ele>112.25</ele></trkpt>
      <trkpt lat="47.101625" lon="19.800448"><ele>110.0</ele></trkpt>
      <trkpt lat="47.101730" lon="19.800083"><ele>110.0</ele></trkpt>
      <trkpt lat="47.101839" lon="19.799706"><ele>110.0</ele></trkpt>
      <trkpt lat="47.102001" lon="19.799152"><ele>111.0</ele></trkpt>
      <trkpt lat="47.102119" lon="19.798745"><ele>110.5</ele></trkpt>
      <trkpt lat="47.102255" lon="19.798277"><ele>110.0</ele></trkpt>
      <trkpt lat="47.102421" lon="19.797706"><ele>110.0</ele></trkpt>
      <trkpt lat="47.103042" lon="19.795569"><ele>111.75</ele></trkpt>
      <trkpt lat="47.103301" lon="19.794610"><ele>111.0</ele></trkpt>
      <trkpt lat="47.103371" lon="19.794301"><ele>110.25</ele></trkpt>
      <trkpt lat="47.103383" lon="19.794238"><ele>110.0</ele></trkpt>
      <trkpt lat="47.103426" lon="19.794010"><ele>110.0</ele></trkpt>
      <trkpt lat="47.103457" lon="19.793821"><ele>109.75</ele></trkpt>
      <trkpt lat="47.103657" lon="19.792600"><ele>111.0</ele></trkpt>
      <trkpt lat="47.103910" lon="19.790888"><ele>111.0</ele></trkpt>
      <trkpt lat="47.104682" lon="19.785824"><ele>112.75</ele></trkpt>
      <trkpt lat="47.104731" lon="19.785485"><ele>113.0</ele></trkpt>
      <trkpt lat="47.104809" lon="19.784956"><ele>114.0</ele></trkpt>
      <trkpt lat="47.104724" lon="19.784926"><ele>114.25</ele></trkpt>
      <trkpt lat="47.104652" lon="19.784791"><ele>114.25</ele></trkpt>
      <trkpt lat="47.104595" lon="19.784742"><ele>114.25</ele></trkpt>
      <trkpt lat="47.104419" lon="19.784702"><ele>113.75</ele></trkpt>
      <trkpt lat="47.101767" lon="19.784270"><ele>112.75</ele></trkpt>
      <trkpt lat="47.101502" lon="19.784220"><ele>112.0</ele></trkpt>
      <trkpt lat="47.098949" lon="19.783855"><ele>114.75</ele></trkpt>
      <trkpt lat="47.095486" lon="19.783228"><ele>113.25</ele></trkpt>
      <trkpt lat="47.095361" lon="19.783287"><ele>113.25</ele></trkpt>
      <trkpt lat="47.095225" lon="19.783269"><ele>113.25</ele></trkpt>
      <trkpt lat="47.094601" lon="19.783160"><ele>113.5</ele></trkpt>
      <trkpt lat="47.092714" lon="19.782806"><ele>113.5</ele></trkpt>
      <trkpt lat="47.089432" lon="19.782254"><ele>113.75</ele></trkpt>
      <trkpt lat="47.084586" lon="19.781376"><ele>114.25</ele></trkpt>
      <trkpt lat="47.083889" lon="19.781276"><ele>114.25</ele></trkpt>
      <trkpt lat="47.083780" lon="19.781253"><ele>115.0</ele></trkpt>
      <trkpt lat="47.083705" lon="19.781227"><ele>115.5</ele></trkpt>
      <trkpt lat="47.083660" lon="19.781195"><ele>115.75</ele></trkpt>
      <trkpt lat="47.083635" lon="19.781178"><ele>115.75</ele></trkpt>
      <trkpt lat="47.083548" lon="19.781157"><ele>116.0</ele></trkpt>
      <trkpt lat="47.082439" lon="19.780937"><ele>115.25</ele></trkpt>
      <trkpt lat="47.081299" lon="19.780751"><ele>112.0</ele></trkpt>
      <trkpt lat="47.079281" lon="19.780380"><ele>111.25</ele></trkpt>
      <trkpt lat="47.078780" lon="19.780280"><ele>112.25</ele></trkpt>
      <trkpt lat="47.077153" lon="19.779888"><ele>110.75</ele></trkpt>
      <trkpt lat="47.077009" lon="19.779864"><ele>110.5</ele></trkpt>
      <trkpt lat="47.076788" lon="19.779885"><ele>110.25</ele></trkpt>
      <trkpt lat="47.076722" lon="19.779911"><ele>110.25</ele></trkpt>
      <trkpt lat="47.076672" lon="19.779973"><ele>110.0</ele></trkpt>
      <trkpt lat="47.076656" lon="19.780012"><ele>110.0</ele></trkpt>
      <trkpt lat="47.076637" lon="19.780099"><ele>110.0</ele></trkpt>
      <trkpt lat="47.076616" lon="19.780177"><ele>110.0</ele></trkpt>
      <trkpt lat="47.076587" lon="19.780232"><ele>110.25</ele></trkpt>
      <trkpt lat="47.076559" lon="19.780259"><ele>110.25</ele></trkpt>
      <trkpt lat="47.076503" lon="19.780283"><ele>110.5</ele></trkpt>
      <trkpt lat="47.076234" lon="19.780319"><ele>111.25</ele></trkpt>
      <trkpt lat="47.076047" lon="19.780323"><ele>111.75</ele></trkpt>
      <trkpt lat="47.075885" lon="19.780311"><ele>111.75</ele></trkpt>
      <trkpt lat="47.075414" lon="19.780230"><ele>110.5</ele></trkpt>
      <trkpt lat="47.073900" lon="19.779832"><ele>114.25</ele></trkpt>
      <trkpt lat="47.072846" lon="19.779601"><ele>109.5</ele></trkpt>
      <trkpt lat="47.072609" lon="19.779568"><ele>110.0</ele></trkpt>
      <trkpt lat="47.072336" lon="19.779554"><ele>111.75</ele></trkpt>
      <trkpt lat="47.071893" lon="19.779582"><ele>112.75</ele></trkpt>
      <trkpt lat="47.069025" lon="19.779692"><ele>113.25</ele></trkpt>
      <trkpt lat="47.066635" lon="19.779766"><ele>113.75</ele></trkpt>
      <trkpt lat="47.066436" lon="19.779740"><ele>113.75</ele></trkpt>
      <trkpt lat="47.066321" lon="19.779736"><ele>113.75</ele></trkpt>
      <trkpt lat="47.064720" lon="19.779800"><ele>114.75</ele></trkpt>
      <trkpt lat="47.064358" lon="19.779787"><ele>113.0</ele></trkpt>
      <trkpt lat="47.062504" lon="19.779851"><ele>112.0</ele></trkpt>
      <trkpt lat="47.061117" lon="19.779943"><ele>111.75</ele></trkpt>
      <trkpt lat="47.060316" lon="19.779991"><ele>113.75</ele></trkpt>
      <trkpt lat="47.058848" lon="19.780057"><ele>112.75</ele></trkpt>
      <trkpt lat="47.058085" lon="19.780188"><ele>113.25</ele></trkpt>
      <trkpt lat="47.056258" lon="19.780758"><ele>113.25</ele></trkpt>
      <trkpt lat="47.054266" lon="19.781352"><ele>112.25</ele></trkpt>
      <trkpt lat="47.053502" lon="19.781487"><ele>112.25</ele></trkpt>
      <trkpt lat="47.052555" lon="19.781482"><ele>112.25</ele></trkpt>
      <trkpt lat="47.051984" lon="19.781468"><ele>112.25</ele></trkpt>
      <trkpt lat="47.050604" lon="19.781330"><ele>112.5</ele></trkpt>
      <trkpt lat="47.050501" lon="19.781333"><ele>112.75</ele></trkpt>
      <trkpt lat="47.050043" lon="19.781346"><ele>112.75</ele></trkpt>
      <trkpt lat="47.049473" lon="19.781529"><ele>113.25</ele></trkpt>
      <trkpt lat="47.048404" lon="19.782162"><ele>113.75</ele></trkpt>
      <trkpt lat="47.046938" lon="19.783002"><ele>111.75</ele></trkpt>
      <trkpt lat="47.046695" lon="19.783142"><ele>111.0</ele></trkpt>
      <trkpt lat="47.046172" lon="19.783424"><ele>111.25</ele></trkpt>
      <trkpt lat="47.046025" lon="19.783528"><ele>111.25</ele></trkpt>
      <trkpt lat="47.045927" lon="19.783611"><ele>111.25</ele></trkpt>
      <trkpt lat="47.045856" lon="19.783606"><ele>111.0</ele></trkpt>
      <trkpt lat="47.045832" lon="19.783606"><ele>110.75</ele></trkpt>
      <trkpt lat="47.045582" lon="19.783733"><ele>110.25</ele></trkpt>
      <trkpt lat="47.044520" lon="19.784372"><ele>111.5</ele></trkpt>
      <trkpt lat="47.044043" lon="19.784501"><ele>110.25</ele></trkpt>
      <trkpt lat="47.043998" lon="19.784502"><ele>110.5</ele></trkpt>
      <trkpt lat="47.043468" lon="19.784518"><ele>112.75</ele></trkpt>
      <trkpt lat="47.041913" lon="19.784564"><ele>110.75</ele></trkpt>
      <trkpt lat="47.041896" lon="19.784361"><ele>111.0</ele></trkpt>
      <trkpt lat="47.041606" lon="19.784419"><ele>110.25</ele></trkpt>
      <trkpt lat="47.041452" lon="19.784480"><ele>110.5</ele></trkpt>
      <trkpt lat="47.041013" lon="19.784683"><ele>112.25</ele></trkpt>
      <trkpt lat="47.039457" lon="19.785435"><ele>113.5</ele></trkpt>
      <trkpt lat="47.039200" lon="19.785556"><ele>110.25</ele></trkpt>
      <trkpt lat="47.039148" lon="19.785572"><ele>109.75</ele></trkpt>
      <trkpt lat="47.039067" lon="19.785565"><ele>109.75</ele></trkpt>
      <trkpt lat="47.038877" lon="19.785490"><ele>110.0</ele></trkpt>
      <trkpt lat="47.038644" lon="19.785347"><ele>110.75</ele></trkpt>
      <trkpt lat="47.038440" lon="19.785244"><ele>110.25</ele></trkpt>
      <trkpt lat="47.038335" lon="19.785197"><ele>110.25</ele></trkpt>
      <trkpt lat="47.037678" lon="19.784856"><ele>113.0</ele></trkpt>
      <trkpt lat="47.037265" lon="19.784642"><ele>112.75</ele></trkpt>
      <trkpt lat="47.037224" lon="19.784620"><ele>112.5</ele></trkpt>
      <trkpt lat="47.037128" lon="19.784570"><ele>112.0</ele></trkpt>
      <trkpt lat="47.036919" lon="19.784467"><ele>111.0</ele></trkpt>
      <trkpt lat="47.036821" lon="19.784414"><ele>110.75</ele></trkpt>
      <trkpt lat="47.036555" lon="19.784277"><ele>110.5</ele></trkpt>
      <trkpt lat="47.035987" lon="19.784018"><ele>109.75</ele></trkpt>
      <trkpt lat="47.035799" lon="19.783929"><ele>110.0</ele></trkpt>
      <trkpt lat="47.035036" lon="19.783620"><ele>111.0</ele></trkpt>
      <trkpt lat="47.034955" lon="19.783647"><ele>111.0</ele></trkpt>
      <trkpt lat="47.034328" lon="19.783393"><ele>112.0</ele></trkpt>
      <trkpt lat="47.034041" lon="19.783295"><ele>112.0</ele></trkpt>
      <trkpt lat="47.033980" lon="19.783278"><ele>112.0</ele></trkpt>
      <trkpt lat="47.033917" lon="19.783278"><ele>112.0</ele></trkpt>
      <trkpt lat="47.033813" lon="19.783351"><ele>111.5</ele></trkpt>
      <trkpt lat="47.033757" lon="19.783434"><ele>111.5</ele></trkpt>
      <trkpt lat="47.033714" lon="19.783517"><ele>111.75</ele></trkpt>
      <trkpt lat="47.033614" lon="19.783681"><ele>112.25</ele></trkpt>
      <trkpt lat="47.033513" lon="19.783782"><ele>112.5</ele></trkpt>
      <trkpt lat="47.033404" lon="19.784019"><ele>113.75</ele></trkpt>
      <trkpt lat="47.033303" lon="19.784104"><ele>114.25</ele></trkpt>
      <trkpt lat="47.033251" lon="19.784181"><ele>114.75</ele></trkpt>
      <trkpt lat="47.033207" lon="19.784166"><ele>114.5</ele></trkpt>
      <trkpt lat="47.033154" lon="19.784148"><ele>114.25</ele></trkpt>
      <trkpt lat="47.033106" lon="19.784132"><ele>114.0</ele></trkpt>
      <trkpt lat="47.033019" lon="19.783948"><ele>113.75</ele></trkpt>
      <trkpt lat="47.033009" lon="19.783872"><ele>113.75</ele></trkpt>
      <trkpt lat="47.033003" lon="19.783824"><ele>113.75</ele></trkpt>
      <trkpt lat="47.033015" lon="19.783727"><ele>113.75</ele></trkpt>
      <trkpt lat="47.033031" lon="19.783631"><ele>113.75</ele></trkpt>
      <trkpt lat="47.032702" lon="19.783477"><ele>114.0</ele></trkpt>
      <trkpt lat="47.032601" lon="19.783358"><ele>113.5</ele></trkpt>
      <trkpt lat="47.032337" lon="19.783216"><ele>113.0</ele></trkpt>
      <trkpt lat="47.031682" lon="19.782826"><ele>110.25</ele></trkpt>
      <trkpt lat="47.031782" lon="19.782281"><ele>111.25</ele></trkpt>
      <trkpt lat="47.031881" lon="19.781576"><ele>113.0</ele></trkpt>
      <trkpt lat="47.031880" lon="19.780413"><ele>115.0</ele></trkpt>
      <trkpt lat="47.031804" lon="19.780339"><ele>114.75</ele></trkpt>
      <trkpt lat="47.031210" lon="19.780043"><ele>112.0</ele></trkpt>
      <trkpt lat="47.030893" lon="19.779851"><ele>113.25</ele></trkpt>
      <trkpt lat="47.030645" lon="19.780531"><ele>111.0</ele></trkpt>
      <trkpt lat="47.030492" lon="19.780705"><ele>111.0</ele></trkpt>
      <trkpt lat="47.030388" lon="19.780897"><ele>111.0</ele></trkpt>
      <trkpt lat="47.030115" lon="19.781919"><ele>112.25</ele></trkpt>
      <trkpt lat="47.030096" lon="19.782004"><ele>112.25</ele></trkpt>
      <trkpt lat="47.029762" lon="19.781796"><ele>112.75</ele></trkpt>
      <trkpt lat="47.029449" lon="19.781599"><ele>113.75</ele></trkpt>
      <trkpt lat="47.029179" lon="19.781440"><ele>114.75</ele></trkpt>
      <trkpt lat="47.029048" lon="19.781364"><ele>114.0</ele></trkpt>
      <trkpt lat="47.028985" lon="19.781283"><ele>113.5</ele></trkpt>
      <trkpt lat="47.028922" lon="19.781228"><ele>113.0</ele></trkpt>
      <trkpt lat="47.028881" lon="19.781198"><ele>112.75</ele></trkpt>
      <trkpt lat="47.028869" lon="19.781144"><ele>112.75</ele></trkpt>
      <trkpt lat="47.028857" lon="19.781122"><ele>112.75</ele></trkpt>
      <trkpt lat="47.028840" lon="19.781102"><ele>112.75</ele></trkpt>
      <trkpt lat="47.028799" lon="19.781085"><ele>112.5</ele></trkpt>
      <trkpt lat="47.028757" lon="19.781099"><ele>112.5</ele></trkpt>
      <trkpt lat="47.028651" lon="19.781019"><ele>112.25</ele></trkpt>
      <trkpt lat="47.028525" lon="19.780946"><ele>112.75</ele></trkpt>
      <trkpt lat="47.028134" lon="19.780563"><ele>113.75</ele></trkpt>
      <trkpt lat="47.027530" lon="19.779971"><ele>114.0</ele></trkpt>
      <trkpt lat="47.026569" lon="19.779028"><ele>115.0</ele></trkpt>
      <trkpt lat="47.026502" lon="19.778972"><ele>115.0</ele></trkpt>
      <trkpt lat="47.026086" lon="19.778678"><ele>115.75</ele></trkpt>
      <trkpt lat="47.024334" lon="19.777564"><ele>115.75</ele></trkpt>
      <trkpt lat="47.024288" lon="19.777534"><ele>115.5</ele></trkpt>
      <trkpt lat="47.023034" lon="19.776736"><ele>116.75</ele></trkpt>
      <trkpt lat="47.022980" lon="19.776623"><ele>116.25</ele></trkpt>
      <trkpt lat="47.022824" lon="19.776512"><ele>115.5</ele></trkpt>
      <trkpt lat="47.022693" lon="19.776406"><ele>115.25</ele></trkpt>
      <trkpt lat="47.022595" lon="19.776277"><ele>115.25</ele></trkpt>
      <trkpt lat="47.022555" lon="19.776247"><ele>115.25</ele></trkpt>
      <trkpt lat="47.021772" lon="19.775735"><ele>117.75</ele></trkpt>
      <trkpt lat="47.020671" lon="19.775055"><ele>115.25</ele></trkpt>
      <trkpt lat="47.020577" lon="19.774995"><ele>115.0</ele></trkpt>
      <trkpt lat="47.020498" lon="19.774952"><ele>115.0</ele></trkpt>
      <trkpt lat="47.020235" lon="19.774852"><ele>116.25</ele></trkpt>
      <trkpt lat="47.020143" lon="19.774748"><ele>117.0</ele></trkpt>
      <trkpt lat="47.020139" lon="19.774647"><ele>116.5</ele></trkpt>
      <trkpt lat="47.020139" lon="19.774584"><ele>116.25</ele></trkpt>
      <trkpt lat="47.020114" lon="19.774552"><ele>116.25</ele></trkpt>
      <trkpt lat="47.020061" lon="19.774515"><ele>116.5</ele></trkpt>
      <trkpt lat="47.020011" lon="19.774519"><ele>117.0</ele></trkpt>
      <trkpt lat="47.019954" lon="19.774553"><ele>117.5</ele></trkpt>
      <trkpt lat="47.019900" lon="19.774557"><ele>117.75</ele></trkpt>
      <trkpt lat="47.019840" lon="19.774525"><ele>118.25</ele></trkpt>
      <trkpt lat="47.017652" lon="19.772906"><ele>114.5</ele></trkpt>
      <trkpt lat="47.017510" lon="19.772649"><ele>114.75</ele></trkpt>
      <trkpt lat="47.017437" lon="19.772410"><ele>114.5</ele></trkpt>
      <trkpt lat="47.017412" lon="19.772229"><ele>114.25</ele></trkpt>
      <trkpt lat="47.017369" lon="19.772103"><ele>114.25</ele></trkpt>
      <trkpt lat="47.017266" lon="19.772001"><ele>114.75</ele></trkpt>
      <trkpt lat="47.017109" lon="19.771964"><ele>115.0</ele></trkpt>
      <trkpt lat="47.016971" lon="19.772034"><ele>114.75</ele></trkpt>
      <trkpt lat="47.016830" lon="19.772141"><ele>115.0</ele></trkpt>
      <trkpt lat="47.016687" lon="19.772134"><ele>115.0</ele></trkpt>
      <trkpt lat="47.015453" lon="19.771281"><ele>116.75</ele></trkpt>
      <trkpt lat="47.014629" lon="19.770663"><ele>118.25</ele></trkpt>
      <trkpt lat="47.012787" lon="19.769334"><ele>117.5</ele></trkpt>
      <trkpt lat="47.011385" lon="19.768275"><ele>114.0</ele></trkpt>
      <trkpt lat="47.011101" lon="19.768077"><ele>114.0</ele></trkpt>
      <trkpt lat="47.009863" lon="19.767161"><ele>114.0</ele></trkpt>
      <trkpt lat="47.008979" lon="19.766478"><ele>115.0</ele></trkpt>
      <trkpt lat="47.007110" lon="19.764568"><ele>115.25</ele></trkpt>
      <trkpt lat="47.006849" lon="19.764347"><ele>118.25</ele></trkpt>
      <trkpt lat="47.006655" lon="19.764108"><ele>119.75</ele></trkpt>
      <trkpt lat="47.006593" lon="19.764080"><ele>119.5</ele></trkpt>
      <trkpt lat="47.006532" lon="19.764051"><ele>119.5</ele></trkpt>
      <trkpt lat="47.006323" lon="19.764190"><ele>119.5</ele></trkpt>
      <trkpt lat="47.006232" lon="19.764205"><ele>119.25</ele></trkpt>
      <trkpt lat="47.006106" lon="19.764188"><ele>118.75</ele></trkpt>
      <trkpt lat="47.005608" lon="19.763740"><ele>117.75</ele></trkpt>
      <trkpt lat="47.005152" lon="19.763404"><ele>117.5</ele></trkpt>
      <trkpt lat="47.004378" lon="19.762929"><ele>117.0</ele></trkpt>
      <trkpt lat="47.003886" lon="19.762650"><ele>116.25</ele></trkpt>
      <trkpt lat="47.003262" lon="19.762286"><ele>118.0</ele></trkpt>
      <trkpt lat="47.002882" lon="19.761875"><ele>119.0</ele></trkpt>
      <trkpt lat="47.002538" lon="19.761314"><ele>119.0</ele></trkpt>
      <trkpt lat="47.002395" lon="19.760950"><ele>118.0</ele></trkpt>
      <trkpt lat="47.002289" lon="19.760539"><ele>118.0</ele></trkpt>
      <trkpt lat="47.002278" lon="19.760348"><ele>118.0</ele></trkpt>
      <trkpt lat="47.002399" lon="19.760096"><ele>117.5</ele></trkpt>
      <trkpt lat="47.002415" lon="19.759940"><ele>117.25</ele></trkpt>
      <trkpt lat="47.002392" lon="19.759784"><ele>117.25</ele></trkpt>
      <trkpt lat="47.002358" lon="19.759660"><ele>117.5</ele></trkpt>
      <trkpt lat="47.002262" lon="19.759517"><ele>118.5</ele></trkpt>
      <trkpt lat="47.002042" lon="19.759412"><ele>119.0</ele></trkpt>
      <trkpt lat="47.001433" lon="19.757980"><ele>117.75</ele></trkpt>
      <trkpt lat="47.001099" lon="19.757415"><ele>116.5</ele></trkpt>
      <trkpt lat="47.001022" lon="19.757210"><ele>116.25</ele></trkpt>
      <trkpt lat="47.000990" lon="19.756980"><ele>116.25</ele></trkpt>
      <trkpt lat="47.000939" lon="19.756899"><ele>116.5</ele></trkpt>
      <trkpt lat="47.000896" lon="19.756831"><ele>116.75</ele></trkpt>
      <trkpt lat="47.000754" lon="19.756732"><ele>117.25</ele></trkpt>
      <trkpt lat="47.000445" lon="19.756482"><ele>117.75</ele></trkpt>
      <trkpt lat="47.000219" lon="19.756243"><ele>119.0</ele></trkpt>
      <trkpt lat="46.999593" lon="19.755495"><ele>119.25</ele></trkpt>
      <trkpt lat="46.998426" lon="19.754137"><ele>117.75</ele></trkpt>
      <trkpt lat="46.998021" lon="19.753705"><ele>117.0</ele></trkpt>
      <trkpt lat="46.997669" lon="19.753365"><ele>118.5</ele></trkpt>
      <trkpt lat="46.996538" lon="19.752438"><ele>118.25</ele></trkpt>
      <trkpt lat="46.994830" lon="19.751085"><ele>119.75</ele></trkpt>
      <trkpt lat="46.994416" lon="19.750827"><ele>120.75</ele></trkpt>
      <trkpt lat="46.993889" lon="19.750593"><ele>119.0</ele></trkpt>
      <trkpt lat="46.992960" lon="19.750249"><ele>118.0</ele></trkpt>
      <trkpt lat="46.991449" lon="19.749750"><ele>119.25</ele></trkpt>
      <trkpt lat="46.990916" lon="19.749500"><ele>118.0</ele></trkpt>
      <trkpt lat="46.990704" lon="19.749379"><ele>118.0</ele></trkpt>
      <trkpt lat="46.990528" lon="19.749260"><ele>118.5</ele></trkpt>
      <trkpt lat="46.990350" lon="19.749064"><ele>119.25</ele></trkpt>
      <trkpt lat="46.990214" lon="19.748978"><ele>120.0</ele></trkpt>
      <trkpt lat="46.990098" lon="19.748977"><ele>120.0</ele></trkpt>
      <trkpt lat="46.989912" lon="19.749027"><ele>120.25</ele></trkpt>
      <trkpt lat="46.989814" lon="19.749019"><ele>120.25</ele></trkpt>
      <trkpt lat="46.988651" lon="19.748567"><ele>118.0</ele></trkpt>
      <trkpt lat="46.988501" lon="19.748501"><ele>117.5</ele></trkpt>
      <trkpt lat="46.987668" lon="19.748120"><ele>121.25</ele></trkpt>
      <trkpt lat="46.986464" lon="19.747497"><ele>116.25</ele></trkpt>
      <trkpt lat="46.985915" lon="19.747245"><ele>115.25</ele></trkpt>
      <trkpt lat="46.982354" lon="19.744949"><ele>118.0</ele></trkpt>
      <trkpt lat="46.982017" lon="19.744786"><ele>118.5</ele></trkpt>
      <trkpt lat="46.978943" lon="19.742915"><ele>119.5</ele></trkpt>
      <trkpt lat="46.978127" lon="19.742439"><ele>122.5</ele></trkpt>
      <trkpt lat="46.978028" lon="19.742345"><ele>122.25</ele></trkpt>
      <trkpt lat="46.977788" lon="19.741902"><ele>120.5</ele></trkpt>
      <trkpt lat="46.977708" lon="19.741873"><ele>120.25</ele></trkpt>
      <trkpt lat="46.977640" lon="19.741882"><ele>120.5</ele></trkpt>
      <trkpt lat="46.977562" lon="19.741905"><ele>120.5</ele></trkpt>
      <trkpt lat="46.977461" lon="19.741895"><ele>120.5</ele></trkpt>
      <trkpt lat="46.976713" lon="19.741261"><ele>117.25</ele></trkpt>
      <trkpt lat="46.975310" lon="19.740101"><ele>120.5</ele></trkpt>
      <trkpt lat="46.975197" lon="19.739991"><ele>121.25</ele></trkpt>
      <trkpt lat="46.974966" lon="19.739729"><ele>122.75</ele></trkpt>
      <trkpt lat="46.974768" lon="19.739542"><ele>122.0</ele></trkpt>
      <trkpt lat="46.974596" lon="19.739406"><ele>120.75</ele></trkpt>
      <trkpt lat="46.973857" lon="19.738859"><ele>120.75</ele></trkpt>
      <trkpt lat="46.973626" lon="19.738648"><ele>119.0</ele></trkpt>
      <trkpt lat="46.973404" lon="19.738423"><ele>117.5</ele></trkpt>
      <trkpt lat="46.972594" lon="19.737537"><ele>116.5</ele></trkpt>
      <trkpt lat="46.972400" lon="19.737340"><ele>116.75</ele></trkpt>
      <trkpt lat="46.972031" lon="19.736992"><ele>118.5</ele></trkpt>
      <trkpt lat="46.971981" lon="19.736896"><ele>119.0</ele></trkpt>
      <trkpt lat="46.971982" lon="19.736807"><ele>119.25</ele></trkpt>
      <trkpt lat="46.971960" lon="19.736694"><ele>119.75</ele></trkpt>
      <trkpt lat="46.971876" lon="19.736601"><ele>120.25</ele></trkpt>
      <trkpt lat="46.971760" lon="19.736546"><ele>120.75</ele></trkpt>
      <trkpt lat="46.971669" lon="19.736491"><ele>120.75</ele></trkpt>
      <trkpt lat="46.971071" lon="19.735931"><ele>121.75</ele></trkpt>
      <trkpt lat="46.970757" lon="19.735571"><ele>121.5</ele></trkpt>
      <trkpt lat="46.970614" lon="19.735316"><ele>121.0</ele></trkpt>
      <trkpt lat="46.969555" lon="19.734053"><ele>118.75</ele></trkpt>
      <trkpt lat="46.968036" lon="19.732271"><ele>120.75</ele></trkpt>
      <trkpt lat="46.967691" lon="19.731838"><ele>118.75</ele></trkpt>
      <trkpt lat="46.967652" lon="19.731757"><ele>118.75</ele></trkpt>
      <trkpt lat="46.967609" lon="19.731596"><ele>119.25</ele></trkpt>
      <trkpt lat="46.967525" lon="19.731431"><ele>119.75</ele></trkpt>
      <trkpt lat="46.967421" lon="19.731300"><ele>120.0</ele></trkpt>
      <trkpt lat="46.967281" lon="19.731190"><ele>120.0</ele></trkpt>
      <trkpt lat="46.967109" lon="19.731122"><ele>120.75</ele></trkpt>
      <trkpt lat="46.967000" lon="19.731021"><ele>121.25</ele></trkpt>
      <trkpt lat="46.966039" lon="19.729965"><ele>119.75</ele></trkpt>
      <trkpt lat="46.965647" lon="19.729474"><ele>118.5</ele></trkpt>
      <trkpt lat="46.963736" lon="19.727280"><ele>120.25</ele></trkpt>
      <trkpt lat="46.960981" lon="19.724818"><ele>122.25</ele></trkpt>
      <trkpt lat="46.960753" lon="19.724555"><ele>122.5</ele></trkpt>
      <trkpt lat="46.960472" lon="19.724367"><ele>123.75</ele></trkpt>
      <trkpt lat="46.959466" lon="19.723444"><ele>123.0</ele></trkpt>
      <trkpt lat="46.958024" lon="19.722235"><ele>120.75</ele></trkpt>
      <trkpt lat="46.956192" lon="19.720586"><ele>120.0</ele></trkpt>
      <trkpt lat="46.955464" lon="19.719779"><ele>119.25</ele></trkpt>
      <trkpt lat="46.953973" lon="19.718262"><ele>118.0</ele></trkpt>
      <trkpt lat="46.953601" lon="19.717886"><ele>118.5</ele></trkpt>
      <trkpt lat="46.952047" lon="19.716475"><ele>119.25</ele></trkpt>
      <trkpt lat="46.950507" lon="19.715156"><ele>119.75</ele></trkpt>
      <trkpt lat="46.950428" lon="19.715353"><ele>119.25</ele></trkpt>
      <trkpt lat="46.950364" lon="19.715513"><ele>118.25</ele></trkpt>
      <trkpt lat="46.950290" lon="19.715477"><ele>118.25</ele></trkpt>
      <trkpt lat="46.950156" lon="19.715391"><ele>118.0</ele></trkpt>
      <trkpt lat="46.949970" lon="19.715252"><ele>118.0</ele></trkpt>
      <trkpt lat="46.949841" lon="19.715104"><ele>118.5</ele></trkpt>
      <trkpt lat="46.949535" lon="19.714826"><ele>118.5</ele></trkpt>
      <trkpt lat="46.947934" lon="19.713601"><ele>117.5</ele></trkpt>
      <trkpt lat="46.947754" lon="19.713467"><ele>117.0</ele></trkpt>
      <trkpt lat="46.947595" lon="19.713392"><ele>117.0</ele></trkpt>
      <trkpt lat="46.947456" lon="19.713242"><ele>117.0</ele></trkpt>
      <trkpt lat="46.947012" lon="19.712916"><ele>117.0</ele></trkpt>
      <trkpt lat="46.945738" lon="19.711930"><ele>116.25</ele></trkpt>
      <trkpt lat="46.945637" lon="19.711915"><ele>116.5</ele></trkpt>
      <trkpt lat="46.945540" lon="19.711844"><ele>117.0</ele></trkpt>
      <trkpt lat="46.945504" lon="19.711811"><ele>117.0</ele></trkpt>
      <trkpt lat="46.945419" lon="19.712006"><ele>117.25</ele></trkpt>
      <trkpt lat="46.945338" lon="19.711939"><ele>117.75</ele></trkpt>
      <trkpt lat="46.945248" lon="19.711837"><ele>118.0</ele></trkpt>
      <trkpt lat="46.945214" lon="19.711763"><ele>117.75</ele></trkpt>
      <trkpt lat="46.945168" lon="19.711626"><ele>117.75</ele></trkpt>
      <trkpt lat="46.945127" lon="19.711561"><ele>117.75</ele></trkpt>
      <trkpt lat="46.943576" lon="19.710398"><ele>117.25</ele></trkpt>
      <trkpt lat="46.943573" lon="19.710352"><ele>117.5</ele></trkpt>
      <trkpt lat="46.943553" lon="19.710304"><ele>117.5</ele></trkpt>
      <trkpt lat="46.943368" lon="19.710153"><ele>117.0</ele></trkpt>
      <trkpt lat="46.943159" lon="19.710002"><ele>117.0</ele></trkpt>
      <trkpt lat="46.943084" lon="19.709963"><ele>116.75</ele></trkpt>
      <trkpt lat="46.942930" lon="19.709947"><ele>115.75</ele></trkpt>
      <trkpt lat="46.942865" lon="19.709926"><ele>115.5</ele></trkpt>
      <trkpt lat="46.942803" lon="19.709868"><ele>115.0</ele></trkpt>
      <trkpt lat="46.942720" lon="19.709793"><ele>114.75</ele></trkpt>
      <trkpt lat="46.942651" lon="19.709723"><ele>114.5</ele></trkpt>
      <trkpt lat="46.942568" lon="19.709591"><ele>114.0</ele></trkpt>
      <trkpt lat="46.942528" lon="19.709547"><ele>114.0</ele></trkpt>
      <trkpt lat="46.942249" lon="19.709386"><ele>115.0</ele></trkpt>
      <trkpt lat="46.941942" lon="19.709207"><ele>116.75</ele></trkpt>
      <trkpt lat="46.941382" lon="19.708953"><ele>115.75</ele></trkpt>
      <trkpt lat="46.941080" lon="19.708834"><ele>116.5</ele></trkpt>
      <trkpt lat="46.940998" lon="19.708838"><ele>116.25</ele></trkpt>
      <trkpt lat="46.940931" lon="19.708859"><ele>116.25</ele></trkpt>
      <trkpt lat="46.940905" lon="19.708785"><ele>116.0</ele></trkpt>
      <trkpt lat="46.940839" lon="19.708718"><ele>116.0</ele></trkpt>
      <trkpt lat="46.939718" lon="19.708265"><ele>116.0</ele></trkpt>
      <trkpt lat="46.939635" lon="19.708257"><ele>116.0</ele></trkpt>
      <trkpt lat="46.939044" lon="19.708311"><ele>116.25</ele></trkpt>
      <trkpt lat="46.938970" lon="19.708336"><ele>116.5</ele></trkpt>
      <trkpt lat="46.938945" lon="19.708343"><ele>116.75</ele></trkpt>
      <trkpt lat="46.938913" lon="19.708342"><ele>116.75</ele></trkpt>
      <trkpt lat="46.938861" lon="19.708322"><ele>117.0</ele></trkpt>
      <trkpt lat="46.938679" lon="19.708102"><ele>117.0</ele></trkpt>
      <trkpt lat="46.938377" lon="19.707815"><ele>116.75</ele></trkpt>
      <trkpt lat="46.938150" lon="19.707658"><ele>117.0</ele></trkpt>
      <trkpt lat="46.937873" lon="19.707524"><ele>116.75</ele></trkpt>
      <trkpt lat="46.936237" lon="19.706871"><ele>116.0</ele></trkpt>
      <trkpt lat="46.935960" lon="19.706802"><ele>115.5</ele></trkpt>
      <trkpt lat="46.935807" lon="19.706716"><ele>115.5</ele></trkpt>
      <trkpt lat="46.935365" lon="19.706549"><ele>114.5</ele></trkpt>
      <trkpt lat="46.935168" lon="19.706444"><ele>115.25</ele></trkpt>
      <trkpt lat="46.935062" lon="19.706373"><ele>115.5</ele></trkpt>
      <trkpt lat="46.934415" lon="19.706023"><ele>115.5</ele></trkpt>
      <trkpt lat="46.934084" lon="19.705824"><ele>114.5</ele></trkpt>
      <trkpt lat="46.932959" lon="19.705055"><ele>114.5</ele></trkpt>
      <trkpt lat="46.931112" lon="19.703818"><ele>115.25</ele></trkpt>
      <trkpt lat="46.930024" lon="19.703097"><ele>117.75</ele></trkpt>
      <trkpt lat="46.928118" lon="19.701861"><ele>117.75</ele></trkpt>
      <trkpt lat="46.927450" lon="19.701350"><ele>115.0</ele></trkpt>
      <trkpt lat="46.926564" lon="19.700773"><ele>117.0</ele></trkpt>
      <trkpt lat="46.925792" lon="19.700268"><ele>115.0</ele></trkpt>
      <trkpt lat="46.925306" lon="19.699939"><ele>116.0</ele></trkpt>
      <trkpt lat="46.924704" lon="19.699548"><ele>115.0</ele></trkpt>
      <trkpt lat="46.924676" lon="19.699530"><ele>115.0</ele></trkpt>
      <trkpt lat="46.924613" lon="19.699492"><ele>115.0</ele></trkpt>
      <trkpt lat="46.924548" lon="19.699453"><ele>115.0</ele></trkpt>
      <trkpt lat="46.924530" lon="19.699442"><ele>115.0</ele></trkpt>
      <trkpt lat="46.924495" lon="19.699421"><ele>115.0</ele></trkpt>
      <trkpt lat="46.924475" lon="19.699409"><ele>115.0</ele></trkpt>
      <trkpt lat="46.923997" lon="19.699096"><ele>116.0</ele></trkpt>
      <trkpt lat="46.923394" lon="19.698677"><ele>116.0</ele></trkpt>
      <trkpt lat="46.922916" lon="19.698346"><ele>116.0</ele></trkpt>
      <trkpt lat="46.922148" lon="19.697814"><ele>115.75</ele></trkpt>
      <trkpt lat="46.922071" lon="19.697761"><ele>116.0</ele></trkpt>
      <trkpt lat="46.921901" lon="19.697655"><ele>115.75</ele></trkpt>
      <trkpt lat="46.921637" lon="19.697521"><ele>115.0</ele></trkpt>
      <trkpt lat="46.921489" lon="19.697462"><ele>115.5</ele></trkpt>
      <trkpt lat="46.921310" lon="19.697407"><ele>116.0</ele></trkpt>
      <trkpt lat="46.921087" lon="19.697369"><ele>115.75</ele></trkpt>
      <trkpt lat="46.920831" lon="19.697339"><ele>115.25</ele></trkpt>
      <trkpt lat="46.920305" lon="19.697287"><ele>114.25</ele></trkpt>
      <trkpt lat="46.920064" lon="19.697259"><ele>114.0</ele></trkpt>
      <trkpt lat="46.919557" lon="19.697199"><ele>113.25</ele></trkpt>
      <trkpt lat="46.919419" lon="19.697189"><ele>113.0</ele></trkpt>
      <trkpt lat="46.918635" lon="19.697104"><ele>115.25</ele></trkpt>
      <trkpt lat="46.918526" lon="19.697144"><ele>115.5</ele></trkpt>
      <trkpt lat="46.918466" lon="19.697077"><ele>115.25</ele></trkpt>
      <trkpt lat="46.918421" lon="19.697026"><ele>115.25</ele></trkpt>
      <trkpt lat="46.918323" lon="19.697027"><ele>115.25</ele></trkpt>
      <trkpt lat="46.917510" lon="19.696923"><ele>113.0</ele></trkpt>
      <trkpt lat="46.917178" lon="19.696891"><ele>114.75</ele></trkpt>
      <trkpt lat="46.916584" lon="19.696828"><ele>116.0</ele></trkpt>
      <trkpt lat="46.916586" lon="19.696802"><ele>115.75</ele></trkpt>
      <trkpt lat="46.916592" lon="19.696715"><ele>115.25</ele></trkpt>
      <trkpt lat="46.916601" lon="19.696599"><ele>115.25</ele></trkpt>
      <trkpt lat="46.916605" lon="19.696579"><ele>115.25</ele></trkpt>
      <trkpt lat="46.916734" lon="19.696585"><ele>115.25</ele></trkpt>
      <trkpt lat="46.917352" lon="19.694738"><ele>116.5</ele></trkpt>
      <trkpt lat="46.918066" lon="19.692633"><ele>116.75</ele></trkpt>
      <trkpt lat="46.918462" lon="19.691495"><ele>115.5</ele></trkpt>
      <trkpt lat="46.918505" lon="19.691383"><ele>115.25</ele></trkpt>
      <trkpt lat="46.918588" lon="19.691074"><ele>115.0</ele></trkpt>
      <trkpt lat="46.918579" lon="19.690995"><ele>115.25</ele></trkpt>
      <trkpt lat="46.918558" lon="19.690549"><ele>115.75</ele></trkpt>
      <trkpt lat="46.918349" lon="19.689986"><ele>115.0</ele></trkpt>
      <trkpt lat="46.918243" lon="19.689575"><ele>115.25</ele></trkpt>
      <trkpt lat="46.918302" lon="19.689093"><ele>115.25</ele></trkpt>
      <trkpt lat="46.918296" lon="19.688892"><ele>115.75</ele></trkpt>
      <trkpt lat="46.918308" lon="19.688859"><ele>115.75</ele></trkpt>
      <trkpt lat="46.918288" lon="19.688783"><ele>115.5</ele></trkpt>
      <trkpt lat="46.918231" lon="19.688586"><ele>115.25</ele></trkpt>
      <trkpt lat="46.918209" lon="19.688487"><ele>115.0</ele></trkpt>
      <trkpt lat="46.918216" lon="19.688389"><ele>115.0</ele></trkpt>
      <trkpt lat="46.918237" lon="19.688295"><ele>114.75</ele></trkpt>
      <trkpt lat="46.918200" lon="19.688284"><ele>114.75</ele></trkpt>
      <trkpt lat="46.918160" lon="19.688231"><ele>114.75</ele></trkpt>
      <trkpt lat="46.918186" lon="19.688106"><ele>114.5</ele></trkpt>
      <trkpt lat="46.918198" lon="19.688005"><ele>114.5</ele></trkpt>
      <trkpt lat="46.918192" lon="19.687929"><ele>114.25</ele></trkpt>
      <trkpt lat="46.918186" lon="19.687857"><ele>114.25</ele></trkpt>
      <trkpt lat="46.917801" lon="19.687907"><ele>114.0</ele></trkpt>
      <trkpt lat="46.916559" lon="19.687527"><ele>116.0</ele></trkpt>
      <trkpt lat="46.916490" lon="19.687426"><ele>115.5</ele></trkpt>
      <trkpt lat="46.916418" lon="19.687383"><ele>115.5</ele></trkpt>
      <trkpt lat="46.916364" lon="19.687363"><ele>115.25</ele></trkpt>
      <trkpt lat="46.916325" lon="19.687337"><ele>115.0</ele></trkpt>
      <trkpt lat="46.916266" lon="19.687245"><ele>114.5</ele></trkpt>
      <trkpt lat="46.916208" lon="19.687124"><ele>114.25</ele></trkpt>
      <trkpt lat="46.916006" lon="19.686704"><ele>114.5</ele></trkpt>
      <trkpt lat="46.915984" lon="19.686493"><ele>114.25</ele></trkpt>
      <trkpt lat="46.915955" lon="19.686446"><ele>114.5</ele></trkpt>
      <trkpt lat="46.915898" lon="19.686352"><ele>114.75</ele></trkpt>
      <trkpt lat="46.915862" lon="19.686292"><ele>114.75</ele></trkpt>
      <trkpt lat="46.915921" lon="19.686224"><ele>114.75</ele></trkpt>
      <trkpt lat="46.916340" lon="19.685624"><ele>115.0</ele></trkpt>
      <trkpt lat="46.917282" lon="19.684146"><ele>116.0</ele></trkpt>
      <trkpt lat="46.917331" lon="19.683981"><ele>116.0</ele></trkpt>
      <trkpt lat="46.917349" lon="19.683775"><ele>116.0</ele></trkpt>
      <trkpt lat="46.917367" lon="19.683648"><ele>116.0</ele></trkpt>
      <trkpt lat="46.917441" lon="19.683487"><ele>116.0</ele></trkpt>
      <trkpt lat="46.918100" lon="19.682475"><ele>117.75</ele></trkpt>
      <trkpt lat="46.918306" lon="19.682414"><ele>117.25</ele></trkpt>
      <trkpt lat="46.918378" lon="19.682328"><ele>117.5</ele></trkpt>
      <trkpt lat="46.918514" lon="19.682114"><ele>118.0</ele></trkpt>
      <trkpt lat="46.918442" lon="19.681944"><ele>118.5</ele></trkpt>
      <trkpt lat="46.919069" lon="19.681004"><ele>118.25</ele></trkpt>
      <trkpt lat="46.919870" lon="19.679752"><ele>120.0</ele></trkpt>
      <trkpt lat="46.920796" lon="19.678454"><ele>116.25</ele></trkpt>
      <trkpt lat="46.920860" lon="19.678395"><ele>116.0</ele></trkpt>
      <trkpt lat="46.920930" lon="19.678273"><ele>116.25</ele></trkpt>
      <trkpt lat="46.921009" lon="19.678162"><ele>116.5</ele></trkpt>
      <trkpt lat="46.921054" lon="19.678020"><ele>116.75</ele></trkpt>
      <trkpt lat="46.921428" lon="19.677412"><ele>117.5</ele></trkpt>
      <trkpt lat="46.921621" lon="19.677279"><ele>117.0</ele></trkpt>
      <trkpt lat="46.921792" lon="19.676971"><ele>117.25</ele></trkpt>
      <trkpt lat="46.921978" lon="19.676678"><ele>118.0</ele></trkpt>
      <trkpt lat="46.921911" lon="19.676258"><ele>118.0</ele></trkpt>
      <trkpt lat="46.922052" lon="19.675929"><ele>117.0</ele></trkpt>
      <trkpt lat="46.922189" lon="19.675725"><ele>117.25</ele></trkpt>
      <trkpt lat="46.922442" lon="19.675525"><ele>116.5</ele></trkpt>
      <trkpt lat="46.922692" lon="19.675370"><ele>116.0</ele></trkpt>
      <trkpt lat="46.922762" lon="19.675305"><ele>116.0</ele></trkpt>
      <trkpt lat="46.923264" lon="19.674526"><ele>117.5</ele></trkpt>
      <trkpt lat="46.923486" lon="19.674156"><ele>117.25</ele></trkpt>
      <trkpt lat="46.924018" lon="19.673269"><ele>116.75</ele></trkpt>
      <trkpt lat="46.924229" lon="19.672930"><ele>117.25</ele></trkpt>
      <trkpt lat="46.924277" lon="19.672698"><ele>118.0</ele></trkpt>
      <trkpt lat="46.924495" lon="19.672336"><ele>118.0</ele></trkpt>
      <trkpt lat="46.924526" lon="19.672227"><ele>118.0</ele></trkpt>
      <trkpt lat="46.924527" lon="19.672101"><ele>118.0</ele></trkpt>
      <trkpt lat="46.924510" lon="19.671989"><ele>117.75</ele></trkpt>
      <trkpt lat="46.924440" lon="19.671871"><ele>118.25</ele></trkpt>
      <trkpt lat="46.924525" lon="19.671738"><ele>118.5</ele></trkpt>
      <trkpt lat="46.924578" lon="19.671687"><ele>118.25</ele></trkpt>
      <trkpt lat="46.924627" lon="19.671767"><ele>118.0</ele></trkpt>
      <trkpt lat="46.924660" lon="19.671721"><ele>118.0</ele></trkpt>
      <trkpt lat="46.924701" lon="19.671638"><ele>118.0</ele></trkpt>
      <trkpt lat="46.924733" lon="19.671680"><ele>117.75</ele></trkpt>
      <trkpt lat="46.924794" lon="19.671684"><ele>117.5</ele></trkpt>
      <trkpt lat="46.924855" lon="19.671647"><ele>117.5</ele></trkpt>
      <trkpt lat="46.925125" lon="19.671117"><ele>116.5</ele></trkpt>
      <trkpt lat="46.925170" lon="19.671014"><ele>116.5</ele></trkpt>
      <trkpt lat="46.925421" lon="19.670340"><ele>116.25</ele></trkpt>
      <trkpt lat="46.925686" lon="19.669672"><ele>116.25</ele></trkpt>
      <trkpt lat="46.926135" lon="19.668390"><ele>118.0</ele></trkpt>
      <trkpt lat="46.926356" lon="19.667797"><ele>117.0</ele></trkpt>
      <trkpt lat="46.926380" lon="19.667730"><ele>117.0</ele></trkpt>
      <trkpt lat="46.926529" lon="19.667336"><ele>117.5</ele></trkpt>
      <trkpt lat="46.926588" lon="19.667197"><ele>118.0</ele></trkpt>
      <trkpt lat="46.926735" lon="19.666854"><ele>119.0</ele></trkpt>
      <trkpt lat="46.926989" lon="19.666400"><ele>119.0</ele></trkpt>
      <trkpt lat="46.927356" lon="19.665855"><ele>118.5</ele></trkpt>
      <trkpt lat="46.927768" lon="19.665284"><ele>119.75</ele></trkpt>
      <trkpt lat="46.928311" lon="19.664729"><ele>119.0</ele></trkpt>
      <trkpt lat="46.928822" lon="19.664306"><ele>119.0</ele></trkpt>
      <trkpt lat="46.928962" lon="19.664164"><ele>119.0</ele></trkpt>
      <trkpt lat="46.929150" lon="19.664026"><ele>119.0</ele></trkpt>
      <trkpt lat="46.929218" lon="19.663554"><ele>119.75</ele></trkpt>
      <trkpt lat="46.929190" lon="19.663411"><ele>119.75</ele></trkpt>
      <trkpt lat="46.929168" lon="19.663305"><ele>119.75</ele></trkpt>
      <trkpt lat="46.929175" lon="19.663185"><ele>119.25</ele></trkpt>
      <trkpt lat="46.929236" lon="19.662870"><ele>118.25</ele></trkpt>
      <trkpt lat="46.929389" lon="19.662222"><ele>117.75</ele></trkpt>
      <trkpt lat="46.929951" lon="19.660363"><ele>118.0</ele></trkpt>
      <trkpt lat="46.930865" lon="19.657307"><ele>119.0</ele></trkpt>
      <trkpt lat="46.931103" lon="19.656450"><ele>118.75</ele></trkpt>
      <trkpt lat="46.931118" lon="19.656304"><ele>119.0</ele></trkpt>
      <trkpt lat="46.931190" lon="19.656084"><ele>119.5</ele></trkpt>
      <trkpt lat="46.931243" lon="19.655996"><ele>119.75</ele></trkpt>
      <trkpt lat="46.931317" lon="19.655755"><ele>120.0</ele></trkpt>
      <trkpt lat="46.931689" lon="19.654634"><ele>116.5</ele></trkpt>
      <trkpt lat="46.932113" lon="19.653167"><ele>120.25</ele></trkpt>
      <trkpt lat="46.932790" lon="19.650808"><ele>120.0</ele></trkpt>
      <trkpt lat="46.933102" lon="19.649720"><ele>118.75</ele></trkpt>
      <trkpt lat="46.933377" lon="19.648754"><ele>118.75</ele></trkpt>
      <trkpt lat="46.934154" lon="19.646048"><ele>116.0</ele></trkpt>
      <trkpt lat="46.934674" lon="19.644273"><ele>118.0</ele></trkpt>
      <trkpt lat="46.935135" lon="19.642718"><ele>119.75</ele></trkpt>
      <trkpt lat="46.935370" lon="19.641914"><ele>118.75</ele></trkpt>
      <trkpt lat="46.935521" lon="19.641424"><ele>117.25</ele></trkpt>
      <trkpt lat="46.935651" lon="19.640917"><ele>118.75</ele></trkpt>
      <trkpt lat="46.935655" lon="19.640815"><ele>119.25</ele></trkpt>
      <trkpt lat="46.935580" lon="19.640451"><ele>121.0</ele></trkpt>
      <trkpt lat="46.935579" lon="19.640381"><ele>121.0</ele></trkpt>
      <trkpt lat="46.935596" lon="19.640334"><ele>121.0</ele></trkpt>
      <trkpt lat="46.935617" lon="19.640289"><ele>121.0</ele></trkpt>
      <trkpt lat="46.935666" lon="19.640193"><ele>121.0</ele></trkpt>
      <trkpt lat="46.935685" lon="19.640136"><ele>121.0</ele></trkpt>
      <trkpt lat="46.935703" lon="19.640103"><ele>121.0</ele></trkpt>
      <trkpt lat="46.935973" lon="19.639818"><ele>119.75</ele></trkpt>
      <trkpt lat="46.936058" lon="19.639634"><ele>119.75</ele></trkpt>
      <trkpt lat="46.936374" lon="19.638572"><ele>120.0</ele></trkpt>
      <trkpt lat="46.936429" lon="19.638411"><ele>119.75</ele></trkpt>
      <trkpt lat="46.937997" lon="19.636105"><ele>120.0</ele></trkpt>
      <trkpt lat="46.938191" lon="19.635823"><ele>120.0</ele></trkpt>
      <trkpt lat="46.938373" lon="19.635569"><ele>119.75</ele></trkpt>
      <trkpt lat="46.938417" lon="19.635507"><ele>119.5</ele></trkpt>
      <trkpt lat="46.938895" lon="19.634840"><ele>119.0</ele></trkpt>
      <trkpt lat="46.940355" lon="19.632769"><ele>120.5</ele></trkpt>
      <trkpt lat="46.941018" lon="19.631825"><ele>118.25</ele></trkpt>
      <trkpt lat="46.941501" lon="19.631104"><ele>119.25</ele></trkpt>
      <trkpt lat="46.942011" lon="19.630323"><ele>120.0</ele></trkpt>
      <trkpt lat="46.942499" lon="19.629560"><ele>121.5</ele></trkpt>
      <trkpt lat="46.943385" lon="19.628324"><ele>118.0</ele></trkpt>
      <trkpt lat="46.943718" lon="19.627968"><ele>119.0</ele></trkpt>
      <trkpt lat="46.944584" lon="19.627124"><ele>118.0</ele></trkpt>
      <trkpt lat="46.945836" lon="19.626008"><ele>120.25</ele></trkpt>
      <trkpt lat="46.947134" lon="19.624833"><ele>119.25</ele></trkpt>
      <trkpt lat="46.947277" lon="19.624673"><ele>119.0</ele></trkpt>
      <trkpt lat="46.947330" lon="19.624755"><ele>118.75</ele></trkpt>
      <trkpt lat="46.947786" lon="19.624252"><ele>119.25</ele></trkpt>
      <trkpt lat="46.948274" lon="19.623742"><ele>118.25</ele></trkpt>
      <trkpt lat="46.948617" lon="19.623437"><ele>119.5</ele></trkpt>
      <trkpt lat="46.948871" lon="19.623253"><ele>119.25</ele></trkpt>
      <trkpt lat="46.949204" lon="19.623034"><ele>118.0</ele></trkpt>
      <trkpt lat="46.949653" lon="19.622735"><ele>119.5</ele></trkpt>
      <trkpt lat="46.949788" lon="19.622639"><ele>120.0</ele></trkpt>
      <trkpt lat="46.950014" lon="19.622462"><ele>121.0</ele></trkpt>
      <trkpt lat="46.950208" lon="19.622274"><ele>121.0</ele></trkpt>
      <trkpt lat="46.950307" lon="19.622160"><ele>120.5</ele></trkpt>
      <trkpt lat="46.950492" lon="19.621927"><ele>120.0</ele></trkpt>
      <trkpt lat="46.950568" lon="19.621819"><ele>120.0</ele></trkpt>
      <trkpt lat="46.950653" lon="19.621688"><ele>120.0</ele></trkpt>
      <trkpt lat="46.950870" lon="19.621268"><ele>120.0</ele></trkpt>
      <trkpt lat="46.950942" lon="19.621105"><ele>120.0</ele></trkpt>
      <trkpt lat="46.951151" lon="19.620531"><ele>120.0</ele></trkpt>
      <trkpt lat="46.951347" lon="19.619940"><ele>121.25</ele></trkpt>
      <trkpt lat="46.951721" lon="19.618869"><ele>123.0</ele></trkpt>
      <trkpt lat="46.951830" lon="19.618572"><ele>123.0</ele></trkpt>
      <trkpt lat="46.951947" lon="19.618307"><ele>122.75</ele></trkpt>
      <trkpt lat="46.952073" lon="19.618047"><ele>122.5</ele></trkpt>
      <trkpt lat="46.952218" lon="19.617782"><ele>122.0</ele></trkpt>
      <trkpt lat="46.952453" lon="19.617394"><ele>121.75</ele></trkpt>
      <trkpt lat="46.952794" lon="19.616880"><ele>122.0</ele></trkpt>
      <trkpt lat="46.953204" lon="19.616303"><ele>123.0</ele></trkpt>
      <trkpt lat="46.953407" lon="19.616015"><ele>122.5</ele></trkpt>
      <trkpt lat="46.954041" lon="19.615132"><ele>122.25</ele></trkpt>
      <trkpt lat="46.954332" lon="19.614766"><ele>122.75</ele></trkpt>
      <trkpt lat="46.954409" lon="19.614677"><ele>123.0</ele></trkpt>
      <trkpt lat="46.954510" lon="19.614544"><ele>122.75</ele></trkpt>
      <trkpt lat="46.954667" lon="19.614347"><ele>123.5</ele></trkpt>
      <trkpt lat="46.954856" lon="19.614124"><ele>125.0</ele></trkpt>
      <trkpt lat="46.956000" lon="19.612709"><ele>123.75</ele></trkpt>
      <trkpt lat="46.957101" lon="19.611394"><ele>121.5</ele></trkpt>
      <trkpt lat="46.957568" lon="19.610861"><ele>122.0</ele></trkpt>
      <trkpt lat="46.957969" lon="19.610383"><ele>121.25</ele></trkpt>
      <trkpt lat="46.958755" lon="19.609393"><ele>122.5</ele></trkpt>
      <trkpt lat="46.960171" lon="19.607586"><ele>121.25</ele></trkpt>
      <trkpt lat="46.960490" lon="19.607166"><ele>121.5</ele></trkpt>
      <trkpt lat="46.960754" lon="19.606790"><ele>120.75</ele></trkpt>
      <trkpt lat="46.961268" lon="19.606022"><ele>119.5</ele></trkpt>
      <trkpt lat="46.961800" lon="19.605280"><ele>121.25</ele></trkpt>
      <trkpt lat="46.962342" lon="19.604555"><ele>120.5</ele></trkpt>
      <trkpt lat="46.963624" lon="19.602818"><ele>123.0</ele></trkpt>
      <trkpt lat="46.963899" lon="19.602441"><ele>122.75</ele></trkpt>
      <trkpt lat="46.964160" lon="19.602037"><ele>121.75</ele></trkpt>
      <trkpt lat="46.964912" lon="19.600764"><ele>123.25</ele></trkpt>
      <trkpt lat="46.965359" lon="19.600041"><ele>122.75</ele></trkpt>
      <trkpt lat="46.965645" lon="19.599584"><ele>122.25</ele></trkpt>
      <trkpt lat="46.966427" lon="19.598334"><ele>121.75</ele></trkpt>
      <trkpt lat="46.967153" lon="19.597013"><ele>121.0</ele></trkpt>
      <trkpt lat="46.967654" lon="19.596079"><ele>121.25</ele></trkpt>
      <trkpt lat="46.967974" lon="19.595490"><ele>121.5</ele></trkpt>
      <trkpt lat="46.968309" lon="19.594811"><ele>125.5</ele></trkpt>
      <trkpt lat="46.968434" lon="19.594523"><ele>124.75</ele></trkpt>
      <trkpt lat="46.968724" lon="19.593832"><ele>122.0</ele></trkpt>
      <trkpt lat="46.968741" lon="19.593791"><ele>122.0</ele></trkpt>
      <trkpt lat="46.969810" lon="19.591250"><ele>125.25</ele></trkpt>
      <trkpt lat="46.970114" lon="19.590523"><ele>126.75</ele></trkpt>
      <trkpt lat="46.970347" lon="19.589977"><ele>124.5</ele></trkpt>
      <trkpt lat="46.970538" lon="19.589520"><ele>122.0</ele></trkpt>
      <trkpt lat="46.971288" lon="19.587718"><ele>123.5</ele></trkpt>
      <trkpt lat="46.971454" lon="19.587347"><ele>123.75</ele></trkpt>
      <trkpt lat="46.972156" lon="19.585844"><ele>123.75</ele></trkpt>
      <trkpt lat="46.972542" lon="19.585035"><ele>125.0</ele></trkpt>
      <trkpt lat="46.972737" lon="19.584635"><ele>125.25</ele></trkpt>
      <trkpt lat="46.972924" lon="19.584241"><ele>125.25</ele></trkpt>
      <trkpt lat="46.973382" lon="19.583274"><ele>126.5</ele></trkpt>
      <trkpt lat="46.973704" lon="19.582600"><ele>126.75</ele></trkpt>
      <trkpt lat="46.974231" lon="19.581478"><ele>125.0</ele></trkpt>
      <trkpt lat="46.974595" lon="19.580669"><ele>125.75</ele></trkpt>
      <trkpt lat="46.974899" lon="19.579995"><ele>125.0</ele></trkpt>
      <trkpt lat="46.975118" lon="19.579507"><ele>124.0</ele></trkpt>
      <trkpt lat="46.975267" lon="19.579188"><ele>124.0</ele></trkpt>
      <trkpt lat="46.975427" lon="19.578831"><ele>124.0</ele></trkpt>
      <trkpt lat="46.976113" lon="19.577317"><ele>125.25</ele></trkpt>
      <trkpt lat="46.976503" lon="19.576448"><ele>125.75</ele></trkpt>
      <trkpt lat="46.977121" lon="19.575081"><ele>127.0</ele></trkpt>
      <trkpt lat="46.977205" lon="19.574895"><ele>126.75</ele></trkpt>
      <trkpt lat="46.978132" lon="19.572834"><ele>127.5</ele></trkpt>
      <trkpt lat="46.978374" lon="19.572299"><ele>128.0</ele></trkpt>
      <trkpt lat="46.978588" lon="19.571866"><ele>128.75</ele></trkpt>
      <trkpt lat="46.978981" lon="19.571149"><ele>126.0</ele></trkpt>
      <trkpt lat="46.980586" lon="19.568301"><ele>126.75</ele></trkpt>
      <trkpt lat="46.980987" lon="19.567604"><ele>127.0</ele></trkpt>
      <trkpt lat="46.981087" lon="19.567410"><ele>126.5</ele></trkpt>
      <trkpt lat="46.982004" lon="19.565795"><ele>127.0</ele></trkpt>
      <trkpt lat="46.983025" lon="19.563986"><ele>128.75</ele></trkpt>
      <trkpt lat="46.983182" lon="19.563722"><ele>128.0</ele></trkpt>
      <trkpt lat="46.983446" lon="19.563347"><ele>127.25</ele></trkpt>
      <trkpt lat="46.984621" lon="19.561773"><ele>128.75</ele></trkpt>
      <trkpt lat="46.984768" lon="19.561581"><ele>128.5</ele></trkpt>
      <trkpt lat="46.987353" lon="19.558106"><ele>130.75</ele></trkpt>
      <trkpt lat="46.987450" lon="19.557933"><ele>130.25</ele></trkpt>
      <trkpt lat="46.987475" lon="19.557890"><ele>130.0</ele></trkpt>
      <trkpt lat="46.987558" lon="19.557708"><ele>129.5</ele></trkpt>
      <trkpt lat="46.987739" lon="19.557218"><ele>129.0</ele></trkpt>
      <trkpt lat="46.987959" lon="19.556606"><ele>129.5</ele></trkpt>
      <trkpt lat="46.990358" lon="19.549767"><ele>131.75</ele></trkpt>
      <trkpt lat="46.992679" lon="19.543105"><ele>131.25</ele></trkpt>
      <trkpt lat="47.002075" lon="19.550155"><ele>131.0</ele></trkpt>
      <trkpt lat="47.002802" lon="19.550612"><ele>132.75</ele></trkpt>
      <trkpt lat="47.002883" lon="19.550657"><ele>132.75</ele></trkpt>
      <trkpt lat="47.003214" lon="19.549756"><ele>131.5</ele></trkpt>
      <trkpt lat="47.003703" lon="19.548330"><ele>133.0</ele></trkpt>
      <trkpt lat="47.003925" lon="19.548414"><ele>132.75</ele></trkpt>
      <trkpt lat="47.004560" lon="19.548921"><ele>131.75</ele></trkpt>
      <trkpt lat="47.004716" lon="19.549045"><ele>132.25</ele></trkpt>
      <trkpt lat="47.005405" lon="19.549546"><ele>131.5</ele></trkpt>
      <trkpt lat="47.005999" lon="19.549979"><ele>131.5</ele></trkpt>
      <trkpt lat="47.006231" lon="19.550132"><ele>132.0</ele></trkpt>
      <trkpt lat="47.006380" lon="19.550275"><ele>132.0</ele></trkpt>
      <trkpt lat="47.006748" lon="19.550675"><ele>132.25</ele></trkpt>
      <trkpt lat="47.007115" lon="19.551045"><ele>132.75</ele></trkpt>
      <trkpt lat="47.007687" lon="19.550898"><ele>133.25</ele></trkpt>
      <trkpt lat="47.008640" lon="19.550564"><ele>132.0</ele></trkpt>
      <trkpt lat="47.008835" lon="19.550442"><ele>132.0</ele></trkpt>
      <trkpt lat="47.009092" lon="19.550424"><ele>132.25</ele></trkpt>
      <trkpt lat="47.009116" lon="19.550484"><ele>132.0</ele></trkpt>
      <trkpt lat="47.009155" lon="19.550547"><ele>132.0</ele></trkpt>
      <trkpt lat="47.009221" lon="19.550660"><ele>132.0</ele></trkpt>
      <trkpt lat="47.009295" lon="19.550765"><ele>132.0</ele></trkpt>
      <trkpt lat="47.009602" lon="19.551240"><ele>132.0</ele></trkpt>
      <trkpt lat="47.011711" lon="19.554365"><ele>132.0</ele></trkpt>
      <trkpt lat="47.012681" lon="19.555762"><ele>133.0</ele></trkpt>
      <trkpt lat="47.012959" lon="19.556185"><ele>134.25</ele></trkpt>
      <trkpt lat="47.013343" lon="19.556768"><ele>133.75</ele></trkpt>
      <trkpt lat="47.014325" lon="19.558264"><ele>132.0</ele></trkpt>
      <trkpt lat="47.014668" lon="19.558778"><ele>133.0</ele></trkpt>
      <trkpt lat="47.015563" lon="19.560124"><ele>132.5</ele></trkpt>
      <trkpt lat="47.015950" lon="19.560705"><ele>132.0</ele></trkpt>
      <trkpt lat="47.016119" lon="19.560959"><ele>132.25</ele></trkpt>
      <trkpt lat="47.016680" lon="19.561801"><ele>133.75</ele></trkpt>
      <trkpt lat="47.017861" lon="19.560120"><ele>133.5</ele></trkpt>
      <trkpt lat="47.018927" lon="19.558565"><ele>133.0</ele></trkpt>
      <trkpt lat="47.020024" lon="19.557018"><ele>133.0</ele></trkpt>
      <trkpt lat="47.021140" lon="19.555462"><ele>134.5</ele></trkpt>
      <trkpt lat="47.022231" lon="19.553889"><ele>135.0</ele></trkpt>
      <trkpt lat="47.023350" lon="19.552336"><ele>133.75</ele></trkpt>
      <trkpt lat="47.023958" lon="19.551459"><ele>134.75</ele></trkpt>
      <trkpt lat="47.024437" lon="19.550770"><ele>134.0</ele></trkpt>
      <trkpt lat="47.025557" lon="19.549194"><ele>133.0</ele></trkpt>
      <trkpt lat="47.026767" lon="19.547455"><ele>134.75</ele></trkpt>
      <trkpt lat="47.027312" lon="19.546639"><ele>135.25</ele></trkpt>
      <trkpt lat="47.026966" lon="19.546115"><ele>133.0</ele></trkpt>
      <trkpt lat="47.027505" lon="19.545313"><ele>132.0</ele></trkpt>
      <trkpt lat="47.028532" lon="19.543857"><ele>134.25</ele></trkpt>
      <trkpt lat="47.028655" lon="19.543696"><ele>134.5</ele></trkpt>
      <trkpt lat="47.028680" lon="19.543589"><ele>134.75</ele></trkpt>
      <trkpt lat="47.028707" lon="19.543521"><ele>134.75</ele></trkpt>
      <trkpt lat="47.028876" lon="19.543221"><ele>134.25</ele></trkpt>
      <trkpt lat="47.028715" lon="19.543001"><ele>135.5</ele></trkpt>
      <trkpt lat="47.028579" lon="19.542789"><ele>136.0</ele></trkpt>
      <trkpt lat="47.028548" lon="19.542762"><ele>135.75</ele></trkpt>
      <trkpt lat="47.028509" lon="19.542760"><ele>135.75</ele></trkpt>
      <trkpt lat="47.028474" lon="19.542782"><ele>136.0</ele></trkpt>
      <trkpt lat="47.028434" lon="19.542708"><ele>135.25</ele></trkpt>
      <trkpt lat="47.028390" lon="19.542608"><ele>134.25</ele></trkpt>
      <trkpt lat="47.028434" lon="19.542708"><ele>135.25</ele></trkpt>
      <trkpt lat="47.028474" lon="19.542782"><ele>136.0</ele></trkpt>
      <trkpt lat="47.028509" lon="19.542760"><ele>135.75</ele></trkpt>
      <trkpt lat="47.028548" lon="19.542762"><ele>135.75</ele></trkpt>
      <trkpt lat="47.028579" lon="19.542789"><ele>136.0</ele></trkpt>
      <trkpt lat="47.028715" lon="19.543001"><ele>135.5</ele></trkpt>
      <trkpt lat="47.028876" lon="19.543221"><ele>134.25</ele></trkpt>
      <trkpt lat="47.028906" lon="19.543173"><ele>134.5</ele></trkpt>
      <trkpt lat="47.029602" lon="19.541994"><ele>136.75</ele></trkpt>
      <trkpt lat="47.030101" lon="19.541204"><ele>134.75</ele></trkpt>
      <trkpt lat="47.030145" lon="19.541097"><ele>134.25</ele></trkpt>
      <trkpt lat="47.030175" lon="19.540961"><ele>134.0</ele></trkpt>
      <trkpt lat="47.030172" lon="19.540860"><ele>134.0</ele></trkpt>
      <trkpt lat="47.030161" lon="19.540717"><ele>134.0</ele></trkpt>
      <trkpt lat="47.030124" lon="19.540594"><ele>134.0</ele></trkpt>
      <trkpt lat="47.030074" lon="19.540502"><ele>134.0</ele></trkpt>
      <trkpt lat="47.029967" lon="19.540312"><ele>134.75</ele></trkpt>
      <trkpt lat="47.029934" lon="19.540181"><ele>134.5</ele></trkpt>
      <trkpt lat="47.029928" lon="19.540123"><ele>134.5</ele></trkpt>
      <trkpt lat="47.029927" lon="19.540005"><ele>134.25</ele></trkpt>
      <trkpt lat="47.030015" lon="19.539064"><ele>134.5</ele></trkpt>
      <trkpt lat="47.030024" lon="19.538873"><ele>134.0</ele></trkpt>
      <trkpt lat="47.030018" lon="19.538747"><ele>134.0</ele></trkpt>
      <trkpt lat="47.030003" lon="19.538680"><ele>134.0</ele></trkpt>
      <trkpt lat="47.029942" lon="19.538502"><ele>134.0</ele></trkpt>
      <trkpt lat="47.027830" lon="19.534982"><ele>132.0</ele></trkpt>
      <trkpt lat="47.026566" lon="19.532887"><ele>132.75</ele></trkpt>
      <trkpt lat="47.025949" lon="19.531860"><ele>134.25</ele></trkpt>
      <trkpt lat="47.025452" lon="19.531028"><ele>133.5</ele></trkpt>
      <trkpt lat="47.025322" lon="19.530806"><ele>131.75</ele></trkpt>
      <trkpt lat="47.025300" lon="19.530770"><ele>131.5</ele></trkpt>
      <trkpt lat="47.024743" lon="19.529839"><ele>129.5</ele></trkpt>
      <trkpt lat="47.024682" lon="19.529737"><ele>130.0</ele></trkpt>
      <trkpt lat="47.024355" lon="19.529191"><ele>133.25</ele></trkpt>
      <trkpt lat="47.024153" lon="19.528852"><ele>133.75</ele></trkpt>
      <trkpt lat="47.023468" lon="19.527703"><ele>132.25</ele></trkpt>
      <trkpt lat="47.023063" lon="19.527021"><ele>132.5</ele></trkpt>
      <trkpt lat="47.022381" lon="19.525933"><ele>133.25</ele></trkpt>
      <trkpt lat="47.021930" lon="19.525257"><ele>132.75</ele></trkpt>
      <trkpt lat="47.019781" lon="19.522105"><ele>131.0</ele></trkpt>
      <trkpt lat="47.016035" lon="19.516661"><ele>132.0</ele></trkpt>
      <trkpt lat="47.012378" lon="19.511355"><ele>130.0</ele></trkpt>
      <trkpt lat="47.009845" lon="19.507698"><ele>127.0</ele></trkpt>
      <trkpt lat="47.009471" lon="19.507150"><ele>130.0</ele></trkpt>
      <trkpt lat="47.008663" lon="19.505971"><ele>129.0</ele></trkpt>
      <trkpt lat="47.008587" lon="19.505860"><ele>128.75</ele></trkpt>
      <trkpt lat="47.008483" lon="19.505707"><ele>128.5</ele></trkpt>
      <trkpt lat="47.007657" lon="19.504503"><ele>127.0</ele></trkpt>
      <trkpt lat="47.007505" lon="19.504282"><ele>126.75</ele></trkpt>
      <trkpt lat="47.004872" lon="19.500446"><ele>126.25</ele></trkpt>
      <trkpt lat="47.003458" lon="19.498330"><ele>125.0</ele></trkpt>
      <trkpt lat="47.001310" lon="19.495259"><ele>124.0</ele></trkpt>
      <trkpt lat="46.999645" lon="19.492833"><ele>122.0</ele></trkpt>
      <trkpt lat="46.999260" lon="19.492267"><ele>122.0</ele></trkpt>
      <trkpt lat="46.997439" lon="19.489627"><ele>120.0</ele></trkpt>
      <trkpt lat="46.995515" lon="19.486824"><ele>121.25</ele></trkpt>
      <trkpt lat="46.993827" lon="19.484364"><ele>120.75</ele></trkpt>
      <trkpt lat="46.991727" lon="19.481303"><ele>120.0</ele></trkpt>
      <trkpt lat="46.991203" lon="19.480540"><ele>120.5</ele></trkpt>
      <trkpt lat="46.990057" lon="19.478871"><ele>120.0</ele></trkpt>
      <trkpt lat="46.986307" lon="19.473398"><ele>120.0</ele></trkpt>
      <trkpt lat="46.985934" lon="19.472857"><ele>120.0</ele></trkpt>
      <trkpt lat="46.982587" lon="19.467977"><ele>117.0</ele></trkpt>
      <trkpt lat="46.979995" lon="19.464213"><ele>117.0</ele></trkpt>
      <trkpt lat="46.979395" lon="19.463321"><ele>117.0</ele></trkpt>
      <trkpt lat="46.979136" lon="19.462961"><ele>118.0</ele></trkpt>
      <trkpt lat="46.976105" lon="19.458690"><ele>117.0</ele></trkpt>
      <trkpt lat="46.973672" lon="19.455242"><ele>115.0</ele></trkpt>
      <trkpt lat="46.973142" lon="19.454513"><ele>115.25</ele></trkpt>
      <trkpt lat="46.970370" lon="19.450612"><ele>114.75</ele></trkpt>
      <trkpt lat="46.970055" lon="19.450174"><ele>115.0</ele></trkpt>
      <trkpt lat="46.970043" lon="19.450157"><ele>115.0</ele></trkpt>
      <trkpt lat="46.969606" lon="19.449533"><ele>115.0</ele></trkpt>
      <trkpt lat="46.969736" lon="19.449339"><ele>115.0</ele></trkpt>
      <trkpt lat="46.970402" lon="19.448394"><ele>115.0</ele></trkpt>
      <trkpt lat="46.971920" lon="19.446294"><ele>115.0</ele></trkpt>
      <trkpt lat="46.972402" lon="19.445607"><ele>115.0</ele></trkpt>
      <trkpt lat="46.972666" lon="19.445147"><ele>115.0</ele></trkpt>
      <trkpt lat="46.973392" lon="19.443693"><ele>115.0</ele></trkpt>
      <trkpt lat="46.973888" lon="19.442692"><ele>115.0</ele></trkpt>
      <trkpt lat="46.973905" lon="19.442662"><ele>115.0</ele></trkpt>
      <trkpt lat="46.974701" lon="19.441063"><ele>114.75</ele></trkpt>
      <trkpt lat="46.977146" lon="19.436120"><ele>115.0</ele></trkpt>
      <trkpt lat="46.977655" lon="19.435114"><ele>115.0</ele></trkpt>
      <trkpt lat="46.977720" lon="19.434990"><ele>115.0</ele></trkpt>
      <trkpt lat="46.977821" lon="19.434781"><ele>115.0</ele></trkpt>
      <trkpt lat="46.977930" lon="19.434524"><ele>115.0</ele></trkpt>
      <trkpt lat="46.978084" lon="19.434133"><ele>115.0</ele></trkpt>
      <trkpt lat="46.980223" lon="19.428342"><ele>114.0</ele></trkpt>
      <trkpt lat="46.980466" lon="19.427680"><ele>114.0</ele></trkpt>
      <trkpt lat="46.980803" lon="19.426767"><ele>113.0</ele></trkpt>
      <trkpt lat="46.981606" lon="19.424593"><ele>112.25</ele></trkpt>
      <trkpt lat="46.981943" lon="19.423698"><ele>112.0</ele></trkpt>
      <trkpt lat="46.982391" lon="19.422461"><ele>112.0</ele></trkpt>
      <trkpt lat="46.982925" lon="19.421029"><ele>112.0</ele></trkpt>
      <trkpt lat="46.984948" lon="19.415559"><ele>112.0</ele></trkpt>
      <trkpt lat="46.986518" lon="19.411304"><ele>112.0</ele></trkpt>
      <trkpt lat="46.986529" lon="19.411271"><ele>112.0</ele></trkpt>
      <trkpt lat="46.986750" lon="19.410671"><ele>112.0</ele></trkpt>
      <trkpt lat="46.987267" lon="19.409249"><ele>111.75</ele></trkpt>
      <trkpt lat="46.987428" lon="19.408769"><ele>111.25</ele></trkpt>
      <trkpt lat="46.987498" lon="19.408508"><ele>111.0</ele></trkpt>
      <trkpt lat="46.987539" lon="19.408316"><ele>111.0</ele></trkpt>
      <trkpt lat="46.987664" lon="19.407455"><ele>111.0</ele></trkpt>
      <trkpt lat="46.987762" lon="19.406777"><ele>111.0</ele></trkpt>
      <trkpt lat="46.987830" lon="19.406296"><ele>111.0</ele></trkpt>
      <trkpt lat="46.987912" lon="19.405704"><ele>111.0</ele></trkpt>
      <trkpt lat="46.988007" lon="19.405021"><ele>110.0</ele></trkpt>
      <trkpt lat="46.988133" lon="19.404134"><ele>110.0</ele></trkpt>
      <trkpt lat="46.988334" lon="19.402677"><ele>110.0</ele></trkpt>
      <trkpt lat="46.988599" lon="19.400823"><ele>110.0</ele></trkpt>
      <trkpt lat="46.988664" lon="19.400435"><ele>110.0</ele></trkpt>
      <trkpt lat="46.988704" lon="19.400262"><ele>110.0</ele></trkpt>
      <trkpt lat="46.988820" lon="19.399836"><ele>110.0</ele></trkpt>
      <trkpt lat="46.988934" lon="19.399424"><ele>110.0</ele></trkpt>
      <trkpt lat="46.989008" lon="19.399156"><ele>110.0</ele></trkpt>
      <trkpt lat="46.989104" lon="19.398839"><ele>110.0</ele></trkpt>
      <trkpt lat="46.989679" lon="19.399209"><ele>110.0</ele></trkpt>
      <trkpt lat="46.989900" lon="19.399350"><ele>110.0</ele></trkpt>
      <trkpt lat="46.989957" lon="19.399387"><ele>110.0</ele></trkpt>
      <trkpt lat="46.990070" lon="19.399462"><ele>110.0</ele></trkpt>
      <trkpt lat="46.990294" lon="19.399611"><ele>109.75</ele></trkpt>
      <trkpt lat="46.990563" lon="19.399758"><ele>110.0</ele></trkpt>
      <trkpt lat="46.990642" lon="19.399815"><ele>110.0</ele></trkpt>
      <trkpt lat="46.991374" lon="19.400244"><ele>110.0</ele></trkpt>
      <trkpt lat="46.991482" lon="19.400472"><ele>110.0</ele></trkpt>
      <trkpt lat="46.991662" lon="19.400499"><ele>110.0</ele></trkpt>
      <trkpt lat="46.991867" lon="19.400587"><ele>110.0</ele></trkpt>
      <trkpt lat="46.992097" lon="19.400760"><ele>110.0</ele></trkpt>
      <trkpt lat="46.992174" lon="19.400767"><ele>110.0</ele></trkpt>
      <trkpt lat="46.992245" lon="19.400730"><ele>110.0</ele></trkpt>
      <trkpt lat="46.992392" lon="19.400318"><ele>110.0</ele></trkpt>
      <trkpt lat="46.992600" lon="19.399671"><ele>110.25</ele></trkpt>
      <trkpt lat="46.992645" lon="19.399432"><ele>110.5</ele></trkpt>
      <trkpt lat="46.992650" lon="19.399156"><ele>110.5</ele></trkpt>
      <trkpt lat="46.992628" lon="19.398374"><ele>110.25</ele></trkpt>
      <trkpt lat="46.992670" lon="19.397316"><ele>110.0</ele></trkpt>
      <trkpt lat="46.992659" lon="19.396826"><ele>110.0</ele></trkpt>
      <trkpt lat="46.992678" lon="19.396636"><ele>110.0</ele></trkpt>
      <trkpt lat="46.992735" lon="19.396529"><ele>110.0</ele></trkpt>
      <trkpt lat="46.992833" lon="19.396430"><ele>110.0</ele></trkpt>
      <trkpt lat="46.993324" lon="19.396088"><ele>110.0</ele></trkpt>
      <trkpt lat="46.994170" lon="19.395524"><ele>110.75</ele></trkpt>
      <trkpt lat="46.995048" lon="19.394904"><ele>110.0</ele></trkpt>
      <trkpt lat="46.995876" lon="19.394093"><ele>111.75</ele></trkpt>
      <trkpt lat="46.996275" lon="19.393703"><ele>110.25</ele></trkpt>
      <trkpt lat="46.997437" lon="19.392602"><ele>111.0</ele></trkpt>
      <trkpt lat="46.998005" lon="19.392059"><ele>110.0</ele></trkpt>
      <trkpt lat="46.998199" lon="19.391920"><ele>110.0</ele></trkpt>
      <trkpt lat="46.999119" lon="19.391560"><ele>109.5</ele></trkpt>
      <trkpt lat="46.999449" lon="19.391426"><ele>109.0</ele></trkpt>
      <trkpt lat="47.000050" lon="19.391196"><ele>109.0</ele></trkpt>
      <trkpt lat="47.000746" lon="19.390895"><ele>110.0</ele></trkpt>
      <trkpt lat="47.000837" lon="19.390874"><ele>109.75</ele></trkpt>
      <trkpt lat="47.001005" lon="19.390834"><ele>109.25</ele></trkpt>
      <trkpt lat="47.001286" lon="19.390880"><ele>109.0</ele></trkpt>
      <trkpt lat="47.001574" lon="19.390931"><ele>108.25</ele></trkpt>
      <trkpt lat="47.002434" lon="19.390544"><ele>107.75</ele></trkpt>
      <trkpt lat="47.003249" lon="19.390234"><ele>108.75</ele></trkpt>
      <trkpt lat="47.004201" lon="19.389829"><ele>109.75</ele></trkpt>
      <trkpt lat="47.004232" lon="19.389727"><ele>109.75</ele></trkpt>
      <trkpt lat="47.004307" lon="19.389476"><ele>109.0</ele></trkpt>
      <trkpt lat="47.004596" lon="19.388310"><ele>108.75</ele></trkpt>
      <trkpt lat="47.004750" lon="19.388052"><ele>108.0</ele></trkpt>
      <trkpt lat="47.004879" lon="19.387608"><ele>108.0</ele></trkpt>
      <trkpt lat="47.004898" lon="19.387691"><ele>108.0</ele></trkpt>
      <trkpt lat="47.004949" lon="19.387755"><ele>108.0</ele></trkpt>
      <trkpt lat="47.005178" lon="19.387798"><ele>108.0</ele></trkpt>
      <trkpt lat="47.006281" lon="19.387954"><ele>109.0</ele></trkpt>
      <trkpt lat="47.007301" lon="19.388050"><ele>108.75</ele></trkpt>
      <trkpt lat="47.007512" lon="19.388090"><ele>109.0</ele></trkpt>
      <trkpt lat="47.007638" lon="19.388203"><ele>109.25</ele></trkpt>
      <trkpt lat="47.007734" lon="19.388152"><ele>109.75</ele></trkpt>
      <trkpt lat="47.007751" lon="19.388074"><ele>109.75</ele></trkpt>
      <trkpt lat="47.008103" lon="19.387248"><ele>109.0</ele></trkpt>
      <trkpt lat="47.009377" lon="19.386512"><ele>109.25</ele></trkpt>
      <trkpt lat="47.012324" lon="19.384890"><ele>108.5</ele></trkpt>
      <trkpt lat="47.012644" lon="19.384713"><ele>108.0</ele></trkpt>
      <trkpt lat="47.015158" lon="19.383000"><ele>110.0</ele></trkpt>
      <trkpt lat="47.015557" lon="19.382788"><ele>110.0</ele></trkpt>
      <trkpt lat="47.015838" lon="19.382457"><ele>110.75</ele></trkpt>
      <trkpt lat="47.016387" lon="19.382389"><ele>111.0</ele></trkpt>
      <trkpt lat="47.017361" lon="19.382364"><ele>111.25</ele></trkpt>
      <trkpt lat="47.018186" lon="19.382243"><ele>112.0</ele></trkpt>
      <trkpt lat="47.018751" lon="19.381826"><ele>112.0</ele></trkpt>
      <trkpt lat="47.019898" lon="19.381205"><ele>112.25</ele></trkpt>
      <trkpt lat="47.020569" lon="19.380879"><ele>112.0</ele></trkpt>
      <trkpt lat="47.020898" lon="19.380816"><ele>112.75</ele></trkpt>
      <trkpt lat="47.021526" lon="19.379997"><ele>113.0</ele></trkpt>
      <trkpt lat="47.021607" lon="19.379892"><ele>113.0</ele></trkpt>
      <trkpt lat="47.022236" lon="19.378862"><ele>113.0</ele></trkpt>
      <trkpt lat="47.022466" lon="19.378629"><ele>113.0</ele></trkpt>
      <trkpt lat="47.022964" lon="19.377981"><ele>112.75</ele></trkpt>
      <trkpt lat="47.023393" lon="19.377388"><ele>113.0</ele></trkpt>
      <trkpt lat="47.023568" lon="19.377012"><ele>112.75</ele></trkpt>
      <trkpt lat="47.023859" lon="19.376111"><ele>112.75</ele></trkpt>
      <trkpt lat="47.023976" lon="19.375751"><ele>113.0</ele></trkpt>
      <trkpt lat="47.024575" lon="19.373897"><ele>111.25</ele></trkpt>
      <trkpt lat="47.025098" lon="19.372291"><ele>110.5</ele></trkpt>
      <trkpt lat="47.025200" lon="19.371986"><ele>110.5</ele></trkpt>
      <trkpt lat="47.025797" lon="19.370851"><ele>110.0</ele></trkpt>
      <trkpt lat="47.026354" lon="19.369783"><ele>109.75</ele></trkpt>
      <trkpt lat="47.026957" lon="19.368568"><ele>110.0</ele></trkpt>
      <trkpt lat="47.027220" lon="19.368090"><ele>109.75</ele></trkpt>
      <trkpt lat="47.027545" lon="19.367589"><ele>110.0</ele></trkpt>
      <trkpt lat="47.027662" lon="19.367408"><ele>109.75</ele></trkpt>
      <trkpt lat="47.028078" lon="19.366775"><ele>109.25</ele></trkpt>
      <trkpt lat="47.028138" lon="19.366688"><ele>109.25</ele></trkpt>
      <trkpt lat="47.028941" lon="19.365506"><ele>109.0</ele></trkpt>
      <trkpt lat="47.029101" lon="19.365272"><ele>109.0</ele></trkpt>
      <trkpt lat="47.030547" lon="19.363161"><ele>107.0</ele></trkpt>
      <trkpt lat="47.030996" lon="19.362509"><ele>107.0</ele></trkpt>
      <trkpt lat="47.031070" lon="19.362391"><ele>107.0</ele></trkpt>
      <trkpt lat="47.031189" lon="19.362202"><ele>107.0</ele></trkpt>
      <trkpt lat="47.031248" lon="19.362108"><ele>107.0</ele></trkpt>
      <trkpt lat="47.031826" lon="19.361190"><ele>107.0</ele></trkpt>
      <trkpt lat="47.032490" lon="19.359927"><ele>105.0</ele></trkpt>
      <trkpt lat="47.032861" lon="19.359282"><ele>105.0</ele></trkpt>
      <trkpt lat="47.032952" lon="19.359151"><ele>105.0</ele></trkpt>
      <trkpt lat="47.033072" lon="19.358993"><ele>105.0</ele></trkpt>
      <trkpt lat="47.033855" lon="19.358019"><ele>105.0</ele></trkpt>
      <trkpt lat="47.034570" lon="19.357084"><ele>105.0</ele></trkpt>
      <trkpt lat="47.036720" lon="19.354093"><ele>103.75</ele></trkpt>
      <trkpt lat="47.038161" lon="19.352062"><ele>103.0</ele></trkpt>
      <trkpt lat="47.038893" lon="19.351030"><ele>102.0</ele></trkpt>
      <trkpt lat="47.039565" lon="19.350080"><ele>102.25</ele></trkpt>
      <trkpt lat="47.040050" lon="19.349404"><ele>103.0</ele></trkpt>
      <trkpt lat="47.040114" lon="19.349335"><ele>103.0</ele></trkpt>
      <trkpt lat="47.040175" lon="19.349291"><ele>103.0</ele></trkpt>
      <trkpt lat="47.040243" lon="19.349261"><ele>103.0</ele></trkpt>
      <trkpt lat="47.040316" lon="19.349251"><ele>103.0</ele></trkpt>
      <trkpt lat="47.040389" lon="19.349263"><ele>102.75</ele></trkpt>
      <trkpt lat="47.040505" lon="19.349329"><ele>103.0</ele></trkpt>
      <trkpt lat="47.040763" lon="19.349558"><ele>103.0</ele></trkpt>
      <trkpt lat="47.041315" lon="19.350092"><ele>104.0</ele></trkpt>
      <trkpt lat="47.042220" lon="19.350948"><ele>104.0</ele></trkpt>
      <trkpt lat="47.043005" lon="19.351689"><ele>104.75</ele></trkpt>
      <trkpt lat="47.043086" lon="19.351763"><ele>105.0</ele></trkpt>
      <trkpt lat="47.043176" lon="19.351830"><ele>105.0</ele></trkpt>
      <trkpt lat="47.043280" lon="19.351863"><ele>105.0</ele></trkpt>
      <trkpt lat="47.043380" lon="19.351850"><ele>105.0</ele></trkpt>
      <trkpt lat="47.043472" lon="19.351805"><ele>105.0</ele></trkpt>
      <trkpt lat="47.045039" lon="19.350334"><ele>104.0</ele></trkpt>
      <trkpt lat="47.045239" lon="19.350129"><ele>104.0</ele></trkpt>
      <trkpt lat="47.045297" lon="19.350042"><ele>104.0</ele></trkpt>
      <trkpt lat="47.045370" lon="19.349894"><ele>104.0</ele></trkpt>
      <trkpt lat="47.045412" lon="19.349763"><ele>104.0</ele></trkpt>
      <trkpt lat="47.045423" lon="19.349594"><ele>104.0</ele></trkpt>
      <trkpt lat="47.045397" lon="19.348963"><ele>104.0</ele></trkpt>
      <trkpt lat="47.045285" lon="19.347126"><ele>103.0</ele></trkpt>
      <trkpt lat="47.045226" lon="19.346810"><ele>103.0</ele></trkpt>
      <trkpt lat="47.045154" lon="19.346556"><ele>103.0</ele></trkpt>
      <trkpt lat="47.044769" lon="19.345351"><ele>102.25</ele></trkpt>
      <trkpt lat="47.044420" lon="19.344276"><ele>102.25</ele></trkpt>
      <trkpt lat="47.044287" lon="19.343873"><ele>102.5</ele></trkpt>
      <trkpt lat="47.044198" lon="19.343560"><ele>102.0</ele></trkpt>
      <trkpt lat="47.044181" lon="19.343460"><ele>102.0</ele></trkpt>
      <trkpt lat="47.044179" lon="19.343315"><ele>101.75</ele></trkpt>
      <trkpt lat="47.044210" lon="19.343182"><ele>101.75</ele></trkpt>
      <trkpt lat="47.044249" lon="19.343076"><ele>101.5</ele></trkpt>
      <trkpt lat="47.047274" lon="19.337148"><ele>100.0</ele></trkpt>
      <trkpt lat="47.048776" lon="19.334214"><ele>101.0</ele></trkpt>
      <trkpt lat="47.051127" lon="19.329610"><ele>100.0</ele></trkpt>
      <trkpt lat="47.051294" lon="19.329304"><ele>100.0</ele></trkpt>
      <trkpt lat="47.051387" lon="19.329148"><ele>100.0</ele></trkpt>
      <trkpt lat="47.051469" lon="19.329058"><ele>100.0</ele></trkpt>
      <trkpt lat="47.051539" lon="19.328998"><ele>100.0</ele></trkpt>
      <trkpt lat="47.051726" lon="19.328915"><ele>100.0</ele></trkpt>
      <trkpt lat="47.052251" lon="19.328761"><ele>100.0</ele></trkpt>
      <trkpt lat="47.052223" lon="19.328718"><ele>100.0</ele></trkpt>
      <trkpt lat="47.052149" lon="19.328626"><ele>100.0</ele></trkpt>
      <trkpt lat="47.052083" lon="19.328546"><ele>100.0</ele></trkpt>
      <trkpt lat="47.052022" lon="19.328468"><ele>100.0</ele></trkpt>
      <trkpt lat="47.051954" lon="19.328381"><ele>100.0</ele></trkpt>
      <trkpt lat="47.050061" lon="19.326077"><ele>100.0</ele></trkpt>
      <trkpt lat="47.049545" lon="19.325470"><ele>100.0</ele></trkpt>
      <trkpt lat="47.049204" lon="19.325050"><ele>101.5</ele></trkpt>
      <trkpt lat="47.048548" lon="19.324237"><ele>105.25</ele></trkpt>
      <trkpt lat="47.048294" lon="19.323899"><ele>103.5</ele></trkpt>
      <trkpt lat="47.048211" lon="19.323761"><ele>102.5</ele></trkpt>
      <trkpt lat="47.048160" lon="19.323646"><ele>101.75</ele></trkpt>
      <trkpt lat="47.048132" lon="19.323565"><ele>101.5</ele></trkpt>
      <trkpt lat="47.048113" lon="19.323484"><ele>101.25</ele></trkpt>
      <trkpt lat="47.048079" lon="19.323261"><ele>100.75</ele></trkpt>
      <trkpt lat="47.048078" lon="19.323013"><ele>100.0</ele></trkpt>
      <trkpt lat="47.048087" lon="19.322807"><ele>100.0</ele></trkpt>
      <trkpt lat="47.048105" lon="19.322638"><ele>100.0</ele></trkpt>
      <trkpt lat="47.048162" lon="19.322390"><ele>100.0</ele></trkpt>
      <trkpt lat="47.048854" lon="19.319873"><ele>100.0</ele></trkpt>
      <trkpt lat="47.049420" lon="19.317773"><ele>99.75</ele></trkpt>
      <trkpt lat="47.049553" lon="19.317366"><ele>99.0</ele></trkpt>
      <trkpt lat="47.049730" lon="19.316927"><ele>99.0</ele></trkpt>
      <trkpt lat="47.049750" lon="19.316876"><ele>98.75</ele></trkpt>
      <trkpt lat="47.050674" lon="19.314633"><ele>97.0</ele></trkpt>
      <trkpt lat="47.051606" lon="19.312347"><ele>97.0</ele></trkpt>
      <trkpt lat="47.052453" lon="19.310274"><ele>98.0</ele></trkpt>
      <trkpt lat="47.052489" lon="19.310185"><ele>98.0</ele></trkpt>
      <trkpt lat="47.053489" lon="19.307739"><ele>97.0</ele></trkpt>
      <trkpt lat="47.054145" lon="19.306150"><ele>97.0</ele></trkpt>
      <trkpt lat="47.054177" lon="19.306072"><ele>97.0</ele></trkpt>
      <trkpt lat="47.056372" lon="19.300716"><ele>97.0</ele></trkpt>
      <trkpt lat="47.056749" lon="19.299782"><ele>97.0</ele></trkpt>
      <trkpt lat="47.058085" lon="19.296565"><ele>97.0</ele></trkpt>
      <trkpt lat="47.061064" lon="19.289295"><ele>97.0</ele></trkpt>
      <trkpt lat="47.062516" lon="19.285751"><ele>97.0</ele></trkpt>
      <trkpt lat="47.063096" lon="19.284336"><ele>98.0</ele></trkpt>
      <trkpt lat="47.064268" lon="19.281515"><ele>97.25</ele></trkpt>
      <trkpt lat="47.064308" lon="19.281413"><ele>97.5</ele></trkpt>
      <trkpt lat="47.063874" lon="19.280863"><ele>97.0</ele></trkpt>
      <trkpt lat="47.063596" lon="19.280498"><ele>97.0</ele></trkpt>
      <trkpt lat="47.063252" lon="19.280038"><ele>97.0</ele></trkpt>
      <trkpt lat="47.062444" lon="19.278978"><ele>97.0</ele></trkpt>
      <trkpt lat="47.062416" lon="19.278945"><ele>97.0</ele></trkpt>
      <trkpt lat="47.062013" lon="19.278481"><ele>97.0</ele></trkpt>
      <trkpt lat="47.061749" lon="19.278232"><ele>97.0</ele></trkpt>
      <trkpt lat="47.060546" lon="19.277465"><ele>97.0</ele></trkpt>
      <trkpt lat="47.059822" lon="19.277005"><ele>97.0</ele></trkpt>
      <trkpt lat="47.059214" lon="19.276479"><ele>97.0</ele></trkpt>
      <trkpt lat="47.060256" lon="19.274391"><ele>97.0</ele></trkpt>
      <trkpt lat="47.060448" lon="19.274007"><ele>97.0</ele></trkpt>
      <trkpt lat="47.060568" lon="19.273747"><ele>97.0</ele></trkpt>
      <trkpt lat="47.060967" lon="19.272731"><ele>97.0</ele></trkpt>
      <trkpt lat="47.061059" lon="19.272429"><ele>97.0</ele></trkpt>
      <trkpt lat="47.061397" lon="19.270996"><ele>97.0</ele></trkpt>
      <trkpt lat="47.061649" lon="19.269786"><ele>97.0</ele></trkpt>
      <trkpt lat="47.061761" lon="19.269360"><ele>97.0</ele></trkpt>
      <trkpt lat="47.062059" lon="19.268476"><ele>97.0</ele></trkpt>
      <trkpt lat="47.062347" lon="19.267669"><ele>98.25</ele></trkpt>
      <trkpt lat="47.062422" lon="19.267591"><ele>98.5</ele></trkpt>
      <trkpt lat="47.062938" lon="19.267044"><ele>99.0</ele></trkpt>
      <trkpt lat="47.063261" lon="19.266854"><ele>98.25</ele></trkpt>
      <trkpt lat="47.063422" lon="19.266770"><ele>98.0</ele></trkpt>
      <trkpt lat="47.063857" lon="19.266664"><ele>97.0</ele></trkpt>
      <trkpt lat="47.064312" lon="19.266683"><ele>97.0</ele></trkpt>
      <trkpt lat="47.064477" lon="19.266713"><ele>97.0</ele></trkpt>
      <trkpt lat="47.064573" lon="19.266023"><ele>97.0</ele></trkpt>
      <trkpt lat="47.064616" lon="19.265832"><ele>97.0</ele></trkpt>
      <trkpt lat="47.064924" lon="19.264775"><ele>97.0</ele></trkpt>
      <trkpt lat="47.066201" lon="19.260826"><ele>97.0</ele></trkpt>
      <trkpt lat="47.066940" lon="19.258541"><ele>96.0</ele></trkpt>
      <trkpt lat="47.066975" lon="19.258474"><ele>96.0</ele></trkpt>
      <trkpt lat="47.067019" lon="19.258443"><ele>96.0</ele></trkpt>
      <trkpt lat="47.067071" lon="19.258426"><ele>96.0</ele></trkpt>
      <trkpt lat="47.067219" lon="19.258401"><ele>96.0</ele></trkpt>
      <trkpt lat="47.067279" lon="19.257758"><ele>95.75</ele></trkpt>
      <trkpt lat="47.067288" lon="19.257638"><ele>95.75</ele></trkpt>
      <trkpt lat="47.067287" lon="19.257542"><ele>95.75</ele></trkpt>
      <trkpt lat="47.067268" lon="19.257483"><ele>95.75</ele></trkpt>
      <trkpt lat="47.067227" lon="19.257410"><ele>95.75</ele></trkpt>
      <trkpt lat="47.066157" lon="19.255809"><ele>95.75</ele></trkpt>
      <trkpt lat="47.065101" lon="19.254212"><ele>96.0</ele></trkpt>
      <trkpt lat="47.063429" lon="19.251688"><ele>95.0</ele></trkpt>
      <trkpt lat="47.063252" lon="19.251420"><ele>95.0</ele></trkpt>
      <trkpt lat="47.063189" lon="19.251328"><ele>95.0</ele></trkpt>
      <trkpt lat="47.062117" lon="19.249707"><ele>93.0</ele></trkpt>
      <trkpt lat="47.059291" lon="19.245445"><ele>95.0</ele></trkpt>
      <trkpt lat="47.058995" lon="19.245000"><ele>94.75</ele></trkpt>
      <trkpt lat="47.056747" lon="19.241593"><ele>91.5</ele></trkpt>
      <trkpt lat="47.053679" lon="19.236847"><ele>94.75</ele></trkpt>
      <trkpt lat="47.052665" lon="19.235254"><ele>96.0</ele></trkpt>
      <trkpt lat="47.052631" lon="19.235201"><ele>95.5</ele></trkpt>
      <trkpt lat="47.052498" lon="19.234993"><ele>93.75</ele></trkpt>
      <trkpt lat="47.049697" lon="19.230596"><ele>92.0</ele></trkpt>
      <trkpt lat="47.049680" lon="19.230569"><ele>92.0</ele></trkpt>
      <trkpt lat="47.049194" lon="19.229817"><ele>92.75</ele></trkpt>
      <trkpt lat="47.049068" lon="19.229663"><ele>93.0</ele></trkpt>
      <trkpt lat="47.048919" lon="19.229514"><ele>92.75</ele></trkpt>
      <trkpt lat="47.047062" lon="19.227995"><ele>92.0</ele></trkpt>
      <trkpt lat="47.046474" lon="19.227516"><ele>92.75</ele></trkpt>
      <trkpt lat="47.046288" lon="19.227335"><ele>93.5</ele></trkpt>
      <trkpt lat="47.046056" lon="19.227084"><ele>93.5</ele></trkpt>
      <trkpt lat="47.045750" lon="19.226710"><ele>93.75</ele></trkpt>
      <trkpt lat="47.045662" lon="19.226575"><ele>94.0</ele></trkpt>
      <trkpt lat="47.045616" lon="19.226511"><ele>94.0</ele></trkpt>
      <trkpt lat="47.045513" lon="19.226303"><ele>94.0</ele></trkpt>
      <trkpt lat="47.045426" lon="19.226068"><ele>94.25</ele></trkpt>
      <trkpt lat="47.044938" lon="19.224350"><ele>93.25</ele></trkpt>
      <trkpt lat="47.044519" lon="19.222885"><ele>92.5</ele></trkpt>
      <trkpt lat="47.044442" lon="19.222709"><ele>92.0</ele></trkpt>
      <trkpt lat="47.044396" lon="19.222634"><ele>92.0</ele></trkpt>
      <trkpt lat="47.044346" lon="19.222574"><ele>92.0</ele></trkpt>
      <trkpt lat="47.044228" lon="19.222475"><ele>92.0</ele></trkpt>
      <trkpt lat="47.044119" lon="19.222429"><ele>91.75</ele></trkpt>
      <trkpt lat="47.043432" lon="19.222262"><ele>91.5</ele></trkpt>
      <trkpt lat="47.042855" lon="19.222140"><ele>93.25</ele></trkpt>
      <trkpt lat="47.041704" lon="19.221913"><ele>93.0</ele></trkpt>
      <trkpt lat="47.033540" lon="19.220258"><ele>93.0</ele></trkpt>
      <trkpt lat="47.031195" lon="19.219792"><ele>92.5</ele></trkpt>
      <trkpt lat="47.029814" lon="19.219509"><ele>92.75</ele></trkpt>
      <trkpt lat="47.029766" lon="19.219499"><ele>92.25</ele></trkpt>
      <trkpt lat="47.028153" lon="19.219186"><ele>94.0</ele></trkpt>
      <trkpt lat="47.027973" lon="19.219161"><ele>93.75</ele></trkpt>
      <trkpt lat="47.027842" lon="19.219160"><ele>93.75</ele></trkpt>
      <trkpt lat="47.027691" lon="19.219173"><ele>94.25</ele></trkpt>
      <trkpt lat="47.026770" lon="19.219361"><ele>94.75</ele></trkpt>
      <trkpt lat="47.026732" lon="19.219366"><ele>94.75</ele></trkpt>
      <trkpt lat="47.025383" lon="19.219664"><ele>94.75</ele></trkpt>
      <trkpt lat="47.024736" lon="19.219867"><ele>95.5</ele></trkpt>
      <trkpt lat="47.022930" lon="19.220498"><ele>95.25</ele></trkpt>
      <trkpt lat="47.022624" lon="19.220574"><ele>94.25</ele></trkpt>
      <trkpt lat="47.022314" lon="19.220617"><ele>93.25</ele></trkpt>
      <trkpt lat="47.022063" lon="19.220632"><ele>93.5</ele></trkpt>
      <trkpt lat="47.021850" lon="19.220630"><ele>93.75</ele></trkpt>
      <trkpt lat="47.021651" lon="19.220613"><ele>93.0</ele></trkpt>
      <trkpt lat="47.020619" lon="19.220379"><ele>94.75</ele></trkpt>
      <trkpt lat="47.020438" lon="19.220319"><ele>95.0</ele></trkpt>
      <trkpt lat="47.020269" lon="19.220248"><ele>95.0</ele></trkpt>
      <trkpt lat="47.019458" lon="19.219856"><ele>94.5</ele></trkpt>
      <trkpt lat="47.019320" lon="19.219778"><ele>94.75</ele></trkpt>
      <trkpt lat="47.019249" lon="19.219718"><ele>95.0</ele></trkpt>
      <trkpt lat="47.019201" lon="19.219664"><ele>95.0</ele></trkpt>
      <trkpt lat="47.019171" lon="19.219615"><ele>94.75</ele></trkpt>
      <trkpt lat="47.019136" lon="19.219549"><ele>95.0</ele></trkpt>
      <trkpt lat="47.019095" lon="19.219441"><ele>95.5</ele></trkpt>
      <trkpt lat="47.019033" lon="19.219073"><ele>95.75</ele></trkpt>
      <trkpt lat="47.019006" lon="19.218782"><ele>96.0</ele></trkpt>
      <trkpt lat="47.018965" lon="19.218213"><ele>95.5</ele></trkpt>
      <trkpt lat="47.018951" lon="19.218022"><ele>95.0</ele></trkpt>
      <trkpt lat="47.018949" lon="19.217663"><ele>94.5</ele></trkpt>
      <trkpt lat="47.018965" lon="19.217515"><ele>94.25</ele></trkpt>
      <trkpt lat="47.019008" lon="19.217305"><ele>93.5</ele></trkpt>
      <trkpt lat="47.019414" lon="19.215817"><ele>94.0</ele></trkpt>
      <trkpt lat="47.019506" lon="19.215395"><ele>94.0</ele></trkpt>
      <trkpt lat="47.019688" lon="19.214441"><ele>93.0</ele></trkpt>
      <trkpt lat="47.019966" lon="19.212917"><ele>94.25</ele></trkpt>
      <trkpt lat="47.020114" lon="19.212106"><ele>93.5</ele></trkpt>
      <trkpt lat="47.020137" lon="19.211980"><ele>93.5</ele></trkpt>
      <trkpt lat="47.020230" lon="19.211559"><ele>92.5</ele></trkpt>
      <trkpt lat="47.021071" lon="19.208532"><ele>95.25</ele></trkpt>
      <trkpt lat="47.021123" lon="19.208283"><ele>95.75</ele></trkpt>
      <trkpt lat="47.021628" lon="19.203933"><ele>94.75</ele></trkpt>
      <trkpt lat="47.021668" lon="19.203541"><ele>96.25</ele></trkpt>
      <trkpt lat="47.021901" lon="19.201242"><ele>97.75</ele></trkpt>
      <trkpt lat="47.022109" lon="19.199057"><ele>94.0</ele></trkpt>
      <trkpt lat="47.022658" lon="19.194591"><ele>99.0</ele></trkpt>
      <trkpt lat="47.022701" lon="19.194244"><ele>97.25</ele></trkpt>
      <trkpt lat="47.022809" lon="19.193368"><ele>94.0</ele></trkpt>
      <trkpt lat="47.023198" lon="19.190421"><ele>95.5</ele></trkpt>
      <trkpt lat="47.023597" lon="19.187480"><ele>94.75</ele></trkpt>
      <trkpt lat="47.023858" lon="19.185514"><ele>92.75</ele></trkpt>
      <trkpt lat="47.023865" lon="19.185347"><ele>92.75</ele></trkpt>
      <trkpt lat="47.023861" lon="19.185187"><ele>92.5</ele></trkpt>
      <trkpt lat="47.023832" lon="19.184574"><ele>92.0</ele></trkpt>
      <trkpt lat="47.023764" lon="19.183133"><ele>92.5</ele></trkpt>
      <trkpt lat="47.023625" lon="19.180091"><ele>94.75</ele></trkpt>
      <trkpt lat="47.023499" lon="19.177045"><ele>92.5</ele></trkpt>
      <trkpt lat="47.023499" lon="19.176989"><ele>92.5</ele></trkpt>
      <trkpt lat="47.023494" lon="19.176937"><ele>92.5</ele></trkpt>
      <trkpt lat="47.023487" lon="19.176771"><ele>92.75</ele></trkpt>
      <trkpt lat="47.023484" lon="19.176690"><ele>92.75</ele></trkpt>
      <trkpt lat="47.023484" lon="19.176656"><ele>93.0</ele></trkpt>
      <trkpt lat="47.023435" lon="19.175584"><ele>94.5</ele></trkpt>
      <trkpt lat="47.023421" lon="19.175266"><ele>94.5</ele></trkpt>
      <trkpt lat="47.023394" lon="19.174669"><ele>94.75</ele></trkpt>
      <trkpt lat="47.023100" lon="19.168033"><ele>93.0</ele></trkpt>
      <trkpt lat="47.023100" lon="19.167884"><ele>93.75</ele></trkpt>
      <trkpt lat="47.023074" lon="19.167133"><ele>95.0</ele></trkpt>
      <trkpt lat="47.023066" lon="19.166387"><ele>93.75</ele></trkpt>
      <trkpt lat="47.023092" lon="19.166049"><ele>92.75</ele></trkpt>
      <trkpt lat="47.023393" lon="19.164121"><ele>92.5</ele></trkpt>
      <trkpt lat="47.023432" lon="19.163940"><ele>92.0</ele></trkpt>
      <trkpt lat="47.023547" lon="19.163591"><ele>92.25</ele></trkpt>
      <trkpt lat="47.024773" lon="19.160288"><ele>91.0</ele></trkpt>
      <trkpt lat="47.024841" lon="19.160097"><ele>90.5</ele></trkpt>
      <trkpt lat="47.024890" lon="19.159891"><ele>90.75</ele></trkpt>
      <trkpt lat="47.025908" lon="19.153314"><ele>93.5</ele></trkpt>
      <trkpt lat="47.026256" lon="19.151076"><ele>95.0</ele></trkpt>
      <trkpt lat="47.026454" lon="19.149815"><ele>94.25</ele></trkpt>
      <trkpt lat="47.026495" lon="19.149504"><ele>94.75</ele></trkpt>
      <trkpt lat="47.026543" lon="19.149106"><ele>95.5</ele></trkpt>
      <trkpt lat="47.026636" lon="19.148119"><ele>93.0</ele></trkpt>
      <trkpt lat="47.026751" lon="19.147129"><ele>94.0</ele></trkpt>
      <trkpt lat="47.026804" lon="19.146755"><ele>94.25</ele></trkpt>
      <trkpt lat="47.026874" lon="19.146387"><ele>94.25</ele></trkpt>
      <trkpt lat="47.026965" lon="19.146016"><ele>93.5</ele></trkpt>
      <trkpt lat="47.027813" lon="19.143068"><ele>94.0</ele></trkpt>
      <trkpt lat="47.027856" lon="19.142908"><ele>94.0</ele></trkpt>
      <trkpt lat="47.029339" lon="19.137723"><ele>94.75</ele></trkpt>
      <trkpt lat="47.029367" lon="19.137589"><ele>94.75</ele></trkpt>
      <trkpt lat="47.029383" lon="19.137447"><ele>94.5</ele></trkpt>
      <trkpt lat="47.029390" lon="19.137228"><ele>94.0</ele></trkpt>
      <trkpt lat="47.029363" lon="19.136016"><ele>95.0</ele></trkpt>
      <trkpt lat="47.029339" lon="19.135775"><ele>95.0</ele></trkpt>
      <trkpt lat="47.029306" lon="19.135604"><ele>95.25</ele></trkpt>
      <trkpt lat="47.028980" lon="19.134331"><ele>96.75</ele></trkpt>
      <trkpt lat="47.028891" lon="19.133905"><ele>96.0</ele></trkpt>
      <trkpt lat="47.028880" lon="19.133851"><ele>95.75</ele></trkpt>
      <trkpt lat="47.028777" lon="19.133318"><ele>94.0</ele></trkpt>
      <trkpt lat="47.028628" lon="19.132626"><ele>94.75</ele></trkpt>
      <trkpt lat="47.028436" lon="19.131825"><ele>96.0</ele></trkpt>
      <trkpt lat="47.027984" lon="19.129957"><ele>96.0</ele></trkpt>
      <trkpt lat="47.027967" lon="19.129886"><ele>96.0</ele></trkpt>
      <trkpt lat="47.027585" lon="19.129790"><ele>96.5</ele></trkpt>
      <trkpt lat="47.027257" lon="19.129686"><ele>97.0</ele></trkpt>
      <trkpt lat="47.027049" lon="19.129595"><ele>97.0</ele></trkpt>
      <trkpt lat="47.026830" lon="19.129365"><ele>96.75</ele></trkpt>
      <trkpt lat="47.026636" lon="19.129080"><ele>96.0</ele></trkpt>
      <trkpt lat="47.026544" lon="19.128859"><ele>95.75</ele></trkpt>
      <trkpt lat="47.026471" lon="19.128393"><ele>95.0</ele></trkpt>
      <trkpt lat="47.026435" lon="19.128254"><ele>95.0</ele></trkpt>
      <trkpt lat="47.025601" lon="19.126940"><ele>96.75</ele></trkpt>
      <trkpt lat="47.025219" lon="19.126472"><ele>96.5</ele></trkpt>
      <trkpt lat="47.025476" lon="19.125899"><ele>97.75</ele></trkpt>
      <trkpt lat="47.025493" lon="19.125864"><ele>97.75</ele></trkpt>
      <trkpt lat="47.025652" lon="19.125410"><ele>97.0</ele></trkpt>
      <trkpt lat="47.025925" lon="19.124593"><ele>96.75</ele></trkpt>
      <trkpt lat="47.026074" lon="19.124227"><ele>99.5</ele></trkpt>
      <trkpt lat="47.026141" lon="19.124022"><ele>100.0</ele></trkpt>
      <trkpt lat="47.026224" lon="19.123759"><ele>100.75</ele></trkpt>
      <trkpt lat="47.026514" lon="19.122826"><ele>100.0</ele></trkpt>
      <trkpt lat="47.026880" lon="19.122771"><ele>99.0</ele></trkpt>
      <trkpt lat="47.027013" lon="19.122370"><ele>97.75</ele></trkpt>
      <trkpt lat="47.027363" lon="19.121140"><ele>98.5</ele></trkpt>
      <trkpt lat="47.026844" lon="19.120669"><ele>96.25</ele></trkpt>
      <trkpt lat="47.026391" lon="19.120279"><ele>96.0</ele></trkpt>
      <trkpt lat="47.025082" lon="19.119904"><ele>96.75</ele></trkpt>
      <trkpt lat="47.024900" lon="19.119790"><ele>96.5</ele></trkpt>
      <trkpt lat="47.024483" lon="19.119410"><ele>95.0</ele></trkpt>
      <trkpt lat="47.024318" lon="19.119349"><ele>95.0</ele></trkpt>
      <trkpt lat="47.024129" lon="19.119344"><ele>95.0</ele></trkpt>
      <trkpt lat="47.023999" lon="19.119327"><ele>95.0</ele></trkpt>
      <trkpt lat="47.023922" lon="19.119211"><ele>95.0</ele></trkpt>
      <trkpt lat="47.023635" lon="19.118915"><ele>94.0</ele></trkpt>
      <trkpt lat="47.023474" lon="19.118667"><ele>94.0</ele></trkpt>
      <trkpt lat="47.021543" lon="19.115101"><ele>95.25</ele></trkpt>
      <trkpt lat="47.021678" lon="19.114128"><ele>93.75</ele></trkpt>
      <trkpt lat="47.021955" lon="19.112491"><ele>93.75</ele></trkpt>
      <trkpt lat="47.022069" lon="19.111727"><ele>92.5</ele></trkpt>
      <trkpt lat="47.022107" lon="19.111489"><ele>92.25</ele></trkpt>
      <trkpt lat="47.022123" lon="19.111409"><ele>92.25</ele></trkpt>
      <trkpt lat="47.022238" lon="19.110711"><ele>93.25</ele></trkpt>
      <trkpt lat="47.022410" lon="19.109834"><ele>94.25</ele></trkpt>
      <trkpt lat="47.022432" lon="19.109703"><ele>94.0</ele></trkpt>
      <trkpt lat="47.022357" lon="19.109656"><ele>94.5</ele></trkpt>
      <trkpt lat="47.022223" lon="19.109458"><ele>94.75</ele></trkpt>
      <trkpt lat="47.022151" lon="19.109208"><ele>95.0</ele></trkpt>
      <trkpt lat="47.022075" lon="19.109051"><ele>95.0</ele></trkpt>
      <trkpt lat="47.021685" lon="19.108128"><ele>95.5</ele></trkpt>
      <trkpt lat="47.021608" lon="19.107953"><ele>95.75</ele></trkpt>
      <trkpt lat="47.020968" lon="19.106569"><ele>96.0</ele></trkpt>
      <trkpt lat="47.020395" lon="19.105212"><ele>96.0</ele></trkpt>
      <trkpt lat="47.019958" lon="19.104276"><ele>95.25</ele></trkpt>
      <trkpt lat="47.019563" lon="19.103300"><ele>95.0</ele></trkpt>
      <trkpt lat="47.019153" lon="19.102428"><ele>96.0</ele></trkpt>
      <trkpt lat="47.018707" lon="19.101419"><ele>96.25</ele></trkpt>
      <trkpt lat="47.018423" lon="19.100827"><ele>95.25</ele></trkpt>
      <trkpt lat="47.018379" lon="19.100706"><ele>95.5</ele></trkpt>
      <trkpt lat="47.018369" lon="19.100645"><ele>95.5</ele></trkpt>
      <trkpt lat="47.018372" lon="19.100594"><ele>95.75</ele></trkpt>
      <trkpt lat="47.018387" lon="19.100544"><ele>96.0</ele></trkpt>
      <trkpt lat="47.018415" lon="19.100498"><ele>96.0</ele></trkpt>
      <trkpt lat="47.018445" lon="19.100464"><ele>96.0</ele></trkpt>
      <trkpt lat="47.018693" lon="19.100281"><ele>97.25</ele></trkpt>
      <trkpt lat="47.018703" lon="19.100274"><ele>97.25</ele></trkpt>
      <trkpt lat="47.018913" lon="19.100123"><ele>97.75</ele></trkpt>
      <trkpt lat="47.020235" lon="19.099134"><ele>95.75</ele></trkpt>
      <trkpt lat="47.021241" lon="19.098378"><ele>95.75</ele></trkpt>
      <trkpt lat="47.022522" lon="19.097430"><ele>94.75</ele></trkpt>
      <trkpt lat="47.023156" lon="19.096958"><ele>93.5</ele></trkpt>
      <trkpt lat="47.023405" lon="19.096762"><ele>93.25</ele></trkpt>
      <trkpt lat="47.023384" lon="19.096642"><ele>93.0</ele></trkpt>
      <trkpt lat="47.023301" lon="19.096374"><ele>94.0</ele></trkpt>
      <trkpt lat="47.023282" lon="19.096318"><ele>94.0</ele></trkpt>
      <trkpt lat="47.023257" lon="19.096245"><ele>94.0</ele></trkpt>
      <trkpt lat="47.022936" lon="19.095290"><ele>93.5</ele></trkpt>
      <trkpt lat="47.022752" lon="19.094769"><ele>93.75</ele></trkpt>
      <trkpt lat="47.022614" lon="19.094353"><ele>94.0</ele></trkpt>
      <trkpt lat="47.022533" lon="19.094067"><ele>94.0</ele></trkpt>
      <trkpt lat="47.022501" lon="19.093862"><ele>94.0</ele></trkpt>
      <trkpt lat="47.022491" lon="19.093682"><ele>93.75</ele></trkpt>
      <trkpt lat="47.022489" lon="19.092675"><ele>94.5</ele></trkpt>
      <trkpt lat="47.022470" lon="19.087931"><ele>93.75</ele></trkpt>
      <trkpt lat="47.022466" lon="19.087269"><ele>94.5</ele></trkpt>
      <trkpt lat="47.022429" lon="19.085622"><ele>95.0</ele></trkpt>
      <trkpt lat="47.022410" lon="19.085083"><ele>95.0</ele></trkpt>
      <trkpt lat="47.022375" lon="19.084270"><ele>96.0</ele></trkpt>
      <trkpt lat="47.022293" lon="19.083157"><ele>94.25</ele></trkpt>
      <trkpt lat="47.022280" lon="19.083027"><ele>94.75</ele></trkpt>
      <trkpt lat="47.022179" lon="19.082042"><ele>95.0</ele></trkpt>
      <trkpt lat="47.022067" lon="19.081203"><ele>96.75</ele></trkpt>
      <trkpt lat="47.021843" lon="19.079826"><ele>94.0</ele></trkpt>
      <trkpt lat="47.021788" lon="19.079422"><ele>95.0</ele></trkpt>
      <trkpt lat="47.021742" lon="19.079002"><ele>95.25</ele></trkpt>
      <trkpt lat="47.021722" lon="19.078704"><ele>95.75</ele></trkpt>
      <trkpt lat="47.021702" lon="19.078375"><ele>95.75</ele></trkpt>
      <trkpt lat="47.021672" lon="19.076863"><ele>94.0</ele></trkpt>
      <trkpt lat="47.021626" lon="19.075334"><ele>94.0</ele></trkpt>
      <trkpt lat="47.021588" lon="19.074432"><ele>93.5</ele></trkpt>
      <trkpt lat="47.021517" lon="19.072991"><ele>93.0</ele></trkpt>
      <trkpt lat="47.021493" lon="19.072215"><ele>94.5</ele></trkpt>
      <trkpt lat="47.021468" lon="19.070900"><ele>95.0</ele></trkpt>
      <trkpt lat="47.021451" lon="19.070468"><ele>94.5</ele></trkpt>
      <trkpt lat="47.021382" lon="19.069638"><ele>95.25</ele></trkpt>
      <trkpt lat="47.021323" lon="19.068932"><ele>96.0</ele></trkpt>
      <trkpt lat="47.021237" lon="19.067562"><ele>95.0</ele></trkpt>
      <trkpt lat="47.021152" lon="19.066042"><ele>93.75</ele></trkpt>
      <trkpt lat="47.020937" lon="19.062528"><ele>95.0</ele></trkpt>
      <trkpt lat="47.020697" lon="19.058425"><ele>94.75</ele></trkpt>
      <trkpt lat="47.020218" lon="19.050160"><ele>96.0</ele></trkpt>
      <trkpt lat="47.020009" lon="19.046650"><ele>95.0</ele></trkpt>
      <trkpt lat="47.019873" lon="19.044353"><ele>97.0</ele></trkpt>
      <trkpt lat="47.019835" lon="19.043661"><ele>96.0</ele></trkpt>
      <trkpt lat="47.019806" lon="19.043324"><ele>95.25</ele></trkpt>
      <trkpt lat="47.019766" lon="19.043106"><ele>95.0</ele></trkpt>
      <trkpt lat="47.019714" lon="19.042976"><ele>94.5</ele></trkpt>
      <trkpt lat="47.019695" lon="19.042936"><ele>94.25</ele></trkpt>
      <trkpt lat="47.019649" lon="19.042878"><ele>94.0</ele></trkpt>
      <trkpt lat="47.019600" lon="19.042841"><ele>93.5</ele></trkpt>
      <trkpt lat="47.019558" lon="19.042818"><ele>93.25</ele></trkpt>
      <trkpt lat="47.019455" lon="19.042804"><ele>93.0</ele></trkpt>
      <trkpt lat="47.019174" lon="19.042823"><ele>93.0</ele></trkpt>
      <trkpt lat="47.019088" lon="19.042816"><ele>93.25</ele></trkpt>
      <trkpt lat="47.019024" lon="19.042798"><ele>93.5</ele></trkpt>
      <trkpt lat="47.018968" lon="19.042769"><ele>93.5</ele></trkpt>
      <trkpt lat="47.018817" lon="19.042660"><ele>94.0</ele></trkpt>
      <trkpt lat="47.018724" lon="19.042560"><ele>94.0</ele></trkpt>
      <trkpt lat="47.018538" lon="19.042301"><ele>94.0</ele></trkpt>
      <trkpt lat="47.018436" lon="19.042131"><ele>94.25</ele></trkpt>
      <trkpt lat="47.018254" lon="19.041795"><ele>95.5</ele></trkpt>
      <trkpt lat="47.018027" lon="19.041255"><ele>95.75</ele></trkpt>
      <trkpt lat="47.017972" lon="19.041093"><ele>95.5</ele></trkpt>
      <trkpt lat="47.017850" lon="19.040663"><ele>96.0</ele></trkpt>
      <trkpt lat="47.017776" lon="19.040293"><ele>96.0</ele></trkpt>
      <trkpt lat="47.017740" lon="19.039941"><ele>96.0</ele></trkpt>
      <trkpt lat="47.017733" lon="19.039850"><ele>96.0</ele></trkpt>
      <trkpt lat="47.017734" lon="19.039765"><ele>96.0</ele></trkpt>
      <trkpt lat="47.017743" lon="19.039683"><ele>96.0</ele></trkpt>
      <trkpt lat="47.017769" lon="19.039578"><ele>96.0</ele></trkpt>
      <trkpt lat="47.017820" lon="19.039422"><ele>96.0</ele></trkpt>
      <trkpt lat="47.018114" lon="19.038630"><ele>96.0</ele></trkpt>
      <trkpt lat="47.018543" lon="19.037439"><ele>97.0</ele></trkpt>
      <trkpt lat="47.018573" lon="19.037359"><ele>97.0</ele></trkpt>
      <trkpt lat="47.018711" lon="19.037058"><ele>97.25</ele></trkpt>
      <trkpt lat="47.018913" lon="19.036650"><ele>97.0</ele></trkpt>
      <trkpt lat="47.018958" lon="19.036538"><ele>96.75</ele></trkpt>
      <trkpt lat="47.019013" lon="19.036346"><ele>97.0</ele></trkpt>
      <trkpt lat="47.019056" lon="19.036145"><ele>97.0</ele></trkpt>
      <trkpt lat="47.018652" lon="19.035630"><ele>97.0</ele></trkpt>
      <trkpt lat="47.018621" lon="19.035592"><ele>97.0</ele></trkpt>
      <trkpt lat="47.018462" lon="19.035364"><ele>97.25</ele></trkpt>
      <trkpt lat="47.018456" lon="19.035310"><ele>97.25</ele></trkpt>
      <trkpt lat="47.018468" lon="19.035180"><ele>97.25</ele></trkpt>
      <trkpt lat="47.018471" lon="19.035077"><ele>97.25</ele></trkpt>
      <trkpt lat="47.018461" lon="19.034903"><ele>97.25</ele></trkpt>
      <trkpt lat="47.018430" lon="19.034657"><ele>97.25</ele></trkpt>
      <trkpt lat="47.018319" lon="19.034277"><ele>96.75</ele></trkpt>
      <trkpt lat="47.018431" lon="19.034094"><ele>96.75</ele></trkpt>
      <trkpt lat="47.018929" lon="19.033234"><ele>96.0</ele></trkpt>
      <trkpt lat="47.018977" lon="19.033099"><ele>96.25</ele></trkpt>
      <trkpt lat="47.019016" lon="19.032971"><ele>96.25</ele></trkpt>
      <trkpt lat="47.019067" lon="19.032707"><ele>96.0</ele></trkpt>
      <trkpt lat="47.019183" lon="19.032253"><ele>97.0</ele></trkpt>
      <trkpt lat="47.019453" lon="19.031438"><ele>97.0</ele></trkpt>
      <trkpt lat="47.019528" lon="19.031266"><ele>97.25</ele></trkpt>
      <trkpt lat="47.019634" lon="19.031091"><ele>96.75</ele></trkpt>
      <trkpt lat="47.019702" lon="19.031004"><ele>96.5</ele></trkpt>
      <trkpt lat="47.019716" lon="19.030987"><ele>96.5</ele></trkpt>
      <trkpt lat="47.019836" lon="19.030810"><ele>96.0</ele></trkpt>
      <trkpt lat="47.019954" lon="19.030648"><ele>96.0</ele></trkpt>
      <trkpt lat="47.020065" lon="19.030446"><ele>96.0</ele></trkpt>
      <trkpt lat="47.020133" lon="19.030240"><ele>96.0</ele></trkpt>
      <trkpt lat="47.020181" lon="19.030045"><ele>96.0</ele></trkpt>
      <trkpt lat="47.020196" lon="19.029888"><ele>96.0</ele></trkpt>
      <trkpt lat="47.020202" lon="19.029719"><ele>96.0</ele></trkpt>
      <trkpt lat="47.020190" lon="19.029576"><ele>96.5</ele></trkpt>
      <trkpt lat="47.020146" lon="19.029257"><ele>98.0</ele></trkpt>
      <trkpt lat="47.020139" lon="19.029037"><ele>98.25</ele></trkpt>
      <trkpt lat="47.020154" lon="19.028839"><ele>98.25</ele></trkpt>
      <trkpt lat="47.020336" lon="19.027557"><ele>97.0</ele></trkpt>
      <trkpt lat="47.020339" lon="19.027525"><ele>97.0</ele></trkpt>
      <trkpt lat="47.020563" lon="19.025938"><ele>97.0</ele></trkpt>
      <trkpt lat="47.020652" lon="19.025301"><ele>96.25</ele></trkpt>
      <trkpt lat="47.020940" lon="19.023321"><ele>97.0</ele></trkpt>
      <trkpt lat="47.021314" lon="19.020650"><ele>96.0</ele></trkpt>
      <trkpt lat="47.021343" lon="19.020414"><ele>95.25</ele></trkpt>
      <trkpt lat="47.021357" lon="19.020234"><ele>95.0</ele></trkpt>
      <trkpt lat="47.021357" lon="19.020104"><ele>95.0</ele></trkpt>
      <trkpt lat="47.021341" lon="19.019905"><ele>94.5</ele></trkpt>
      <trkpt lat="47.021324" lon="19.019678"><ele>94.0</ele></trkpt>
      <trkpt lat="47.021309" lon="19.019504"><ele>94.0</ele></trkpt>
      <trkpt lat="47.020989" lon="19.015891"><ele>95.75</ele></trkpt>
      <trkpt lat="47.020888" lon="19.014846"><ele>96.5</ele></trkpt>
      <trkpt lat="47.020716" lon="19.013368"><ele>94.5</ele></trkpt>
      <trkpt lat="47.020552" lon="19.011983"><ele>93.0</ele></trkpt>
      <trkpt lat="47.020064" lon="19.007818"><ele>95.0</ele></trkpt>
      <trkpt lat="47.019800" lon="19.005565"><ele>94.0</ele></trkpt>
      <trkpt lat="47.019784" lon="19.005398"><ele>94.0</ele></trkpt>
      <trkpt lat="47.019773" lon="19.005212"><ele>94.0</ele></trkpt>
      <trkpt lat="47.019769" lon="19.004956"><ele>94.0</ele></trkpt>
      <trkpt lat="47.019773" lon="19.004724"><ele>94.0</ele></trkpt>
      <trkpt lat="47.019807" lon="19.004371"><ele>94.25</ele></trkpt>
      <trkpt lat="47.020176" lon="19.000806"><ele>96.75</ele></trkpt>
      <trkpt lat="47.020702" lon="18.995924"><ele>96.25</ele></trkpt>
      <trkpt lat="47.020807" lon="18.994882"><ele>95.0</ele></trkpt>
      <trkpt lat="47.020864" lon="18.994330"><ele>95.0</ele></trkpt>
      <trkpt lat="47.020955" lon="18.993627"><ele>96.5</ele></trkpt>
      <trkpt lat="47.021072" lon="18.992947"><ele>96.0</ele></trkpt>
      <trkpt lat="47.021624" lon="18.990143"><ele>97.0</ele></trkpt>
      <trkpt lat="47.022527" lon="18.985544"><ele>94.75</ele></trkpt>
      <trkpt lat="47.023121" lon="18.982543"><ele>97.5</ele></trkpt>
      <trkpt lat="47.024219" lon="18.982596"><ele>97.0</ele></trkpt>
      <trkpt lat="47.024632" lon="18.982626"><ele>98.0</ele></trkpt>
      <trkpt lat="47.024840" lon="18.982651"><ele>98.5</ele></trkpt>
      <trkpt lat="47.025289" lon="18.982751"><ele>97.75</ele></trkpt>
      <trkpt lat="47.026760" lon="18.983190"><ele>95.25</ele></trkpt>
      <trkpt lat="47.028729" lon="18.983819"><ele>96.75</ele></trkpt>
      <trkpt lat="47.029344" lon="18.983985"><ele>96.5</ele></trkpt>
      <trkpt lat="47.030019" lon="18.984154"><ele>97.0</ele></trkpt>
      <trkpt lat="47.030263" lon="18.984189"><ele>96.75</ele></trkpt>
      <trkpt lat="47.030864" lon="18.984239"><ele>98.5</ele></trkpt>
      <trkpt lat="47.030991" lon="18.984305"><ele>98.5</ele></trkpt>
      <trkpt lat="47.031132" lon="18.984399"><ele>98.25</ele></trkpt>
      <trkpt lat="47.031250" lon="18.984493"><ele>97.5</ele></trkpt>
      <trkpt lat="47.031363" lon="18.984596"><ele>97.25</ele></trkpt>
      <trkpt lat="47.031438" lon="18.984669"><ele>97.25</ele></trkpt>
      <trkpt lat="47.031599" lon="18.984852"><ele>96.0</ele></trkpt>
      <trkpt lat="47.031697" lon="18.984942"><ele>95.5</ele></trkpt>
      <trkpt lat="47.031813" lon="18.985033"><ele>95.75</ele></trkpt>
      <trkpt lat="47.031938" lon="18.985108"><ele>96.0</ele></trkpt>
      <trkpt lat="47.032409" lon="18.985330"><ele>97.25</ele></trkpt>
      <trkpt lat="47.032969" lon="18.985569"><ele>99.25</ele></trkpt>
      <trkpt lat="47.033083" lon="18.985617"><ele>99.5</ele></trkpt>
      <trkpt lat="47.033464" lon="18.985773"><ele>97.5</ele></trkpt>
      <trkpt lat="47.033768" lon="18.985903"><ele>97.0</ele></trkpt>
      <trkpt lat="47.033924" lon="18.985964"><ele>97.0</ele></trkpt>
      <trkpt lat="47.034091" lon="18.986007"><ele>97.0</ele></trkpt>
      <trkpt lat="47.034155" lon="18.986022"><ele>97.0</ele></trkpt>
      <trkpt lat="47.034592" lon="18.986127"><ele>95.75</ele></trkpt>
      <trkpt lat="47.035270" lon="18.986275"><ele>95.0</ele></trkpt>
      <trkpt lat="47.035532" lon="18.986399"><ele>94.75</ele></trkpt>
      <trkpt lat="47.036699" lon="18.987130"><ele>96.0</ele></trkpt>
      <trkpt lat="47.036826" lon="18.987234"><ele>95.75</ele></trkpt>
      <trkpt lat="47.036918" lon="18.987328"><ele>95.5</ele></trkpt>
      <trkpt lat="47.037023" lon="18.987459"><ele>95.0</ele></trkpt>
      <trkpt lat="47.037229" lon="18.987751"><ele>94.75</ele></trkpt>
      <trkpt lat="47.038221" lon="18.989194"><ele>92.75</ele></trkpt>
      <trkpt lat="47.038402" lon="18.989432"><ele>91.75</ele></trkpt>
      <trkpt lat="47.038590" lon="18.989663"><ele>91.0</ele></trkpt>
      <trkpt lat="47.039005" lon="18.990132"><ele>92.5</ele></trkpt>
      <trkpt lat="47.039555" lon="18.990632"><ele>93.0</ele></trkpt>
      <trkpt lat="47.040751" lon="18.991633"><ele>95.5</ele></trkpt>
      <trkpt lat="47.041227" lon="18.991969"><ele>94.5</ele></trkpt>
      <trkpt lat="47.041363" lon="18.992043"><ele>94.0</ele></trkpt>
      <trkpt lat="47.042085" lon="18.992384"><ele>95.0</ele></trkpt>
      <trkpt lat="47.043372" lon="18.992974"><ele>96.0</ele></trkpt>
      <trkpt lat="47.043494" lon="18.993017"><ele>96.0</ele></trkpt>
      <trkpt lat="47.043680" lon="18.993051"><ele>96.0</ele></trkpt>
      <trkpt lat="47.043778" lon="18.993055"><ele>96.5</ele></trkpt>
      <trkpt lat="47.044637" lon="18.993001"><ele>95.0</ele></trkpt>
      <trkpt lat="47.045315" lon="18.992996"><ele>97.25</ele></trkpt>
      <trkpt lat="47.045616" lon="18.993007"><ele>97.75</ele></trkpt>
      <trkpt lat="47.045987" lon="18.993065"><ele>96.75</ele></trkpt>
      <trkpt lat="47.046582" lon="18.993201"><ele>95.5</ele></trkpt>
      <trkpt lat="47.047055" lon="18.993342"><ele>97.0</ele></trkpt>
      <trkpt lat="47.047593" lon="18.993546"><ele>95.75</ele></trkpt>
      <trkpt lat="47.048139" lon="18.993700"><ele>97.25</ele></trkpt>
      <trkpt lat="47.049135" lon="18.993936"><ele>96.75</ele></trkpt>
      <trkpt lat="47.049565" lon="18.994095"><ele>97.25</ele></trkpt>
      <trkpt lat="47.049779" lon="18.994175"><ele>96.75</ele></trkpt>
      <trkpt lat="47.051539" lon="18.994938"><ele>96.75</ele></trkpt>
      <trkpt lat="47.051712" lon="18.995002"><ele>98.0</ele></trkpt>
      <trkpt lat="47.052767" lon="18.995424"><ele>95.0</ele></trkpt>
      <trkpt lat="47.053401" lon="18.995726"><ele>95.0</ele></trkpt>
      <trkpt lat="47.053588" lon="18.995824"><ele>95.75</ele></trkpt>
      <trkpt lat="47.053771" lon="18.995937"><ele>96.75</ele></trkpt>
      <trkpt lat="47.054387" lon="18.996350"><ele>97.0</ele></trkpt>
      <trkpt lat="47.054719" lon="18.996501"><ele>96.25</ele></trkpt>
      <trkpt lat="47.056227" lon="18.997113"><ele>95.0</ele></trkpt>
      <trkpt lat="47.056384" lon="18.997173"><ele>95.0</ele></trkpt>
      <trkpt lat="47.056530" lon="18.997188"><ele>94.25</ele></trkpt>
      <trkpt lat="47.056676" lon="18.997160"><ele>94.0</ele></trkpt>
      <trkpt lat="47.056896" lon="18.997096"><ele>94.25</ele></trkpt>
      <trkpt lat="47.057152" lon="18.997074"><ele>94.25</ele></trkpt>
      <trkpt lat="47.057278" lon="18.997118"><ele>94.75</ele></trkpt>
      <trkpt lat="47.057422" lon="18.997177"><ele>95.5</ele></trkpt>
      <trkpt lat="47.057691" lon="18.997306"><ele>97.0</ele></trkpt>
      <trkpt lat="47.057961" lon="18.997424"><ele>99.0</ele></trkpt>
      <trkpt lat="47.058366" lon="18.997576"><ele>98.5</ele></trkpt>
      <trkpt lat="47.058774" lon="18.997711"><ele>96.25</ele></trkpt>
      <trkpt lat="47.059489" lon="18.997905"><ele>95.5</ele></trkpt>
      <trkpt lat="47.060760" lon="18.998197"><ele>94.5</ele></trkpt>
      <trkpt lat="47.061960" lon="18.998462"><ele>97.75</ele></trkpt>
      <trkpt lat="47.062858" lon="18.998628"><ele>97.25</ele></trkpt>
      <trkpt lat="47.063802" lon="18.998783"><ele>96.25</ele></trkpt>
      <trkpt lat="47.064306" lon="18.998839"><ele>97.0</ele></trkpt>
      <trkpt lat="47.064808" lon="18.998882"><ele>98.25</ele></trkpt>
      <trkpt lat="47.065816" lon="18.998951"><ele>95.0</ele></trkpt>
      <trkpt lat="47.066330" lon="18.998983"><ele>97.0</ele></trkpt>
      <trkpt lat="47.066824" lon="18.998996"><ele>95.75</ele></trkpt>
      <trkpt lat="47.067329" lon="18.999039"><ele>94.5</ele></trkpt>
      <trkpt lat="47.068226" lon="18.999143"><ele>98.0</ele></trkpt>
      <trkpt lat="47.068425" lon="18.999180"><ele>98.25</ele></trkpt>
      <trkpt lat="47.068620" lon="18.999231"><ele>99.0</ele></trkpt>
      <trkpt lat="47.069124" lon="18.999412"><ele>99.0</ele></trkpt>
      <trkpt lat="47.069536" lon="18.999588"><ele>97.25</ele></trkpt>
      <trkpt lat="47.069679" lon="18.999642"><ele>97.25</ele></trkpt>
      <trkpt lat="47.070091" lon="18.999856"><ele>98.25</ele></trkpt>
      <trkpt lat="47.070581" lon="19.000110"><ele>99.5</ele></trkpt>
      <trkpt lat="47.071063" lon="19.000387"><ele>98.5</ele></trkpt>
      <trkpt lat="47.071783" lon="19.000827"><ele>97.5</ele></trkpt>
      <trkpt lat="47.072028" lon="19.000953"><ele>97.25</ele></trkpt>
      <trkpt lat="47.072157" lon="19.000999"><ele>97.0</ele></trkpt>
      <trkpt lat="47.072553" lon="19.001001"><ele>97.0</ele></trkpt>
      <trkpt lat="47.073057" lon="19.001008"><ele>97.5</ele></trkpt>
      <trkpt lat="47.073282" lon="19.001010"><ele>98.25</ele></trkpt>
      <trkpt lat="47.077787" lon="19.001053"><ele>97.0</ele></trkpt>
      <trkpt lat="47.078026" lon="19.001052"><ele>96.25</ele></trkpt>
      <trkpt lat="47.079943" lon="19.000968"><ele>95.75</ele></trkpt>
      <trkpt lat="47.081778" lon="19.000871"><ele>93.0</ele></trkpt>
      <trkpt lat="47.083237" lon="19.000783"><ele>96.0</ele></trkpt>
      <trkpt lat="47.084156" lon="19.000761"><ele>96.75</ele></trkpt>
      <trkpt lat="47.084477" lon="19.000757"><ele>96.0</ele></trkpt>
      <trkpt lat="47.084785" lon="19.000753"><ele>96.25</ele></trkpt>
      <trkpt lat="47.085016" lon="19.000768"><ele>97.75</ele></trkpt>
      <trkpt lat="47.085363" lon="19.000845"><ele>98.5</ele></trkpt>
      <trkpt lat="47.085727" lon="19.000965"><ele>98.0</ele></trkpt>
      <trkpt lat="47.086826" lon="19.001451"><ele>96.0</ele></trkpt>
      <trkpt lat="47.086916" lon="19.001469"><ele>96.25</ele></trkpt>
      <trkpt lat="47.087212" lon="19.001479"><ele>96.0</ele></trkpt>
      <trkpt lat="47.087847" lon="19.001505"><ele>97.0</ele></trkpt>
      <trkpt lat="47.088033" lon="19.001549"><ele>97.75</ele></trkpt>
      <trkpt lat="47.088125" lon="19.001580"><ele>98.0</ele></trkpt>
      <trkpt lat="47.088411" lon="19.001711"><ele>98.0</ele></trkpt>
      <trkpt lat="47.088643" lon="19.001863"><ele>98.0</ele></trkpt>
      <trkpt lat="47.088802" lon="19.001956"><ele>98.5</ele></trkpt>
      <trkpt lat="47.088972" lon="19.001998"><ele>98.75</ele></trkpt>
      <trkpt lat="47.089225" lon="19.002032"><ele>98.5</ele></trkpt>
      <trkpt lat="47.089519" lon="19.002092"><ele>98.25</ele></trkpt>
      <trkpt lat="47.090003" lon="19.002185"><ele>97.75</ele></trkpt>
      <trkpt lat="47.090551" lon="19.002311"><ele>97.75</ele></trkpt>
      <trkpt lat="47.090660" lon="19.002313"><ele>98.0</ele></trkpt>
      <trkpt lat="47.090724" lon="19.002305"><ele>98.0</ele></trkpt>
      <trkpt lat="47.090993" lon="19.002199"><ele>97.75</ele></trkpt>
      <trkpt lat="47.091127" lon="19.002156"><ele>97.75</ele></trkpt>
      <trkpt lat="47.091250" lon="19.002141"><ele>97.75</ele></trkpt>
      <trkpt lat="47.091344" lon="19.002152"><ele>97.75</ele></trkpt>
      <trkpt lat="47.091622" lon="19.002240"><ele>98.0</ele></trkpt>
      <trkpt lat="47.091874" lon="19.002323"><ele>98.25</ele></trkpt>
      <trkpt lat="47.092124" lon="19.002375"><ele>99.0</ele></trkpt>
      <trkpt lat="47.092698" lon="19.002506"><ele>100.5</ele></trkpt>
      <trkpt lat="47.093159" lon="19.002644"><ele>100.25</ele></trkpt>
      <trkpt lat="47.093732" lon="19.002837"><ele>99.25</ele></trkpt>
      <trkpt lat="47.093722" lon="19.002914"><ele>99.25</ele></trkpt>
      <trkpt lat="47.093636" lon="19.003633"><ele>99.0</ele></trkpt>
      <trkpt lat="47.093572" lon="19.004364"><ele>98.5</ele></trkpt>
      <trkpt lat="47.093561" lon="19.004697"><ele>98.75</ele></trkpt>
      <trkpt lat="47.093457" lon="19.005168"><ele>98.25</ele></trkpt>
      <trkpt lat="47.093439" lon="19.005250"><ele>98.25</ele></trkpt>
      <trkpt lat="47.093287" lon="19.005780"><ele>97.5</ele></trkpt>
      <trkpt lat="47.093225" lon="19.006507"><ele>98.25</ele></trkpt>
      <trkpt lat="47.093164" lon="19.006973"><ele>98.0</ele></trkpt>
      <trkpt lat="47.093155" lon="19.007054"><ele>98.0</ele></trkpt>
      <trkpt lat="47.093141" lon="19.007137"><ele>98.0</ele></trkpt>
      <trkpt lat="47.093572" lon="19.007815"><ele>98.0</ele></trkpt>
      <trkpt lat="47.093613" lon="19.007880"><ele>97.75</ele></trkpt>
      <trkpt lat="47.093572" lon="19.007815"><ele>98.0</ele></trkpt>
      <trkpt lat="47.093607" lon="19.007781"><ele>98.0</ele></trkpt>
      <trkpt lat="47.093852" lon="19.007453"><ele>98.0</ele></trkpt>
      <trkpt lat="47.094209" lon="19.006852"><ele>98.25</ele></trkpt>
      <trkpt lat="47.094331" lon="19.006635"><ele>99.0</ele></trkpt>
      <trkpt lat="47.094387" lon="19.006497"><ele>99.0</ele></trkpt>
      <trkpt lat="47.094824" lon="19.005528"><ele>98.75</ele></trkpt>
      <trkpt lat="47.095185" lon="19.004773"><ele>99.25</ele></trkpt>
      <trkpt lat="47.095285" lon="19.004571"><ele>100.0</ele></trkpt>
      <trkpt lat="47.095439" lon="19.004251"><ele>99.75</ele></trkpt>
      <trkpt lat="47.095494" lon="19.004136"><ele>99.25</ele></trkpt>
      <trkpt lat="47.095538" lon="19.004067"><ele>99.0</ele></trkpt>
      <trkpt lat="47.095863" lon="19.003522"><ele>98.25</ele></trkpt>
      <trkpt lat="47.095884" lon="19.003467"><ele>98.5</ele></trkpt>
      <trkpt lat="47.095943" lon="19.003323"><ele>99.0</ele></trkpt>
      <trkpt lat="47.096030" lon="19.003078"><ele>99.0</ele></trkpt>
      <trkpt lat="47.096084" lon="19.002919"><ele>98.5</ele></trkpt>
      <trkpt lat="47.096152" lon="19.002656"><ele>97.25</ele></trkpt>
      <trkpt lat="47.096211" lon="19.002421"><ele>96.25</ele></trkpt>
      <trkpt lat="47.096400" lon="19.001444"><ele>96.75</ele></trkpt>
      <trkpt lat="47.096450" lon="19.001468"><ele>96.25</ele></trkpt>
      <trkpt lat="47.096479" lon="19.001481"><ele>96.25</ele></trkpt>
      <trkpt lat="47.096788" lon="19.001643"><ele>95.0</ele></trkpt>
      <trkpt lat="47.097021" lon="19.001748"><ele>95.25</ele></trkpt>
      <trkpt lat="47.098288" lon="19.002410"><ele>96.75</ele></trkpt>
      <trkpt lat="47.098623" lon="19.002537"><ele>97.0</ele></trkpt>
      <trkpt lat="47.099800" lon="19.002939"><ele>97.5</ele></trkpt>
      <trkpt lat="47.100344" lon="19.002945"><ele>97.75</ele></trkpt>
      <trkpt lat="47.101329" lon="19.002972"><ele>94.0</ele></trkpt>
      <trkpt lat="47.101577" lon="19.002987"><ele>93.0</ele></trkpt>
      <trkpt lat="47.102399" lon="19.002981"><ele>97.75</ele></trkpt>
      <trkpt lat="47.103111" lon="19.002859"><ele>94.5</ele></trkpt>
      <trkpt lat="47.103467" lon="19.002787"><ele>97.0</ele></trkpt>
      <trkpt lat="47.104562" lon="19.002618"><ele>92.5</ele></trkpt>
      <trkpt lat="47.104698" lon="19.002669"><ele>92.75</ele></trkpt>
      <trkpt lat="47.104784" lon="19.002651"><ele>93.5</ele></trkpt>
      <trkpt lat="47.104893" lon="19.002638"><ele>94.5</ele></trkpt>
      <trkpt lat="47.105416" lon="19.002212"><ele>97.5</ele></trkpt>
      <trkpt lat="47.106082" lon="19.001920"><ele>96.0</ele></trkpt>
      <trkpt lat="47.106885" lon="19.001309"><ele>93.5</ele></trkpt>
      <trkpt lat="47.107376" lon="19.000871"><ele>95.75</ele></trkpt>
      <trkpt lat="47.107569" lon="19.000699"><ele>96.5</ele></trkpt>
      <trkpt lat="47.107656" lon="19.000627"><ele>96.25</ele></trkpt>
      <trkpt lat="47.108528" lon="18.999563"><ele>95.0</ele></trkpt>
      <trkpt lat="47.109656" lon="18.997406"><ele>95.25</ele></trkpt>
      <trkpt lat="47.109749" lon="18.997192"><ele>96.0</ele></trkpt>
      <trkpt lat="47.109958" lon="18.996496"><ele>97.75</ele></trkpt>
      <trkpt lat="47.110049" lon="18.996169"><ele>97.5</ele></trkpt>
      <trkpt lat="47.110128" lon="18.995854"><ele>97.0</ele></trkpt>
      <trkpt lat="47.110268" lon="18.995378"><ele>96.75</ele></trkpt>
      <trkpt lat="47.110285" lon="18.995226"><ele>97.25</ele></trkpt>
      <trkpt lat="47.110563" lon="18.993949"><ele>98.75</ele></trkpt>
      <trkpt lat="47.110673" lon="18.993243"><ele>96.25</ele></trkpt>
      <trkpt lat="47.110814" lon="18.992246"><ele>96.5</ele></trkpt>
      <trkpt lat="47.110855" lon="18.991706"><ele>98.5</ele></trkpt>
      <trkpt lat="47.110955" lon="18.990638"><ele>95.25</ele></trkpt>
      <trkpt lat="47.110981" lon="18.990238"><ele>95.75</ele></trkpt>
      <trkpt lat="47.111029" lon="18.989452"><ele>95.25</ele></trkpt>
      <trkpt lat="47.111027" lon="18.988776"><ele>97.0</ele></trkpt>
      <trkpt lat="47.111114" lon="18.987894"><ele>94.75</ele></trkpt>
      <trkpt lat="47.111289" lon="18.986796"><ele>93.25</ele></trkpt>
      <trkpt lat="47.111762" lon="18.984168"><ele>98.5</ele></trkpt>
      <trkpt lat="47.111858" lon="18.983959"><ele>98.5</ele></trkpt>
      <trkpt lat="47.112025" lon="18.983122"><ele>97.0</ele></trkpt>
      <trkpt lat="47.112021" lon="18.983002"><ele>96.0</ele></trkpt>
      <trkpt lat="47.112256" lon="18.981999"><ele>92.25</ele></trkpt>
      <trkpt lat="47.112366" lon="18.981627"><ele>94.0</ele></trkpt>
      <trkpt lat="47.112412" lon="18.981459"><ele>94.5</ele></trkpt>
      <trkpt lat="47.112902" lon="18.980313"><ele>95.75</ele></trkpt>
      <trkpt lat="47.113401" lon="18.979206"><ele>94.5</ele></trkpt>
      <trkpt lat="47.113585" lon="18.978798"><ele>95.5</ele></trkpt>
      <trkpt lat="47.113795" lon="18.978413"><ele>97.5</ele></trkpt>
      <trkpt lat="47.114030" lon="18.977991"><ele>96.5</ele></trkpt>
      <trkpt lat="47.114839" lon="18.976669"><ele>95.75</ele></trkpt>
      <trkpt lat="47.115201" lon="18.976076"><ele>96.5</ele></trkpt>
      <trkpt lat="47.115647" lon="18.975478"><ele>93.75</ele></trkpt>
      <trkpt lat="47.116151" lon="18.974829"><ele>92.25</ele></trkpt>
      <trkpt lat="47.116382" lon="18.974531"><ele>92.0</ele></trkpt>
      <trkpt lat="47.116569" lon="18.974290"><ele>95.5</ele></trkpt>
      <trkpt lat="47.116851" lon="18.973960"><ele>97.25</ele></trkpt>
      <trkpt lat="47.117317" lon="18.973416"><ele>93.25</ele></trkpt>
      <trkpt lat="47.118002" lon="18.972786"><ele>94.25</ele></trkpt>
      <trkpt lat="47.118052" lon="18.972741"><ele>94.5</ele></trkpt>
      <trkpt lat="47.118232" lon="18.972610"><ele>95.75</ele></trkpt>
      <trkpt lat="47.119322" lon="18.971763"><ele>100.25</ele></trkpt>
      <trkpt lat="47.119717" lon="18.971428"><ele>99.0</ele></trkpt>
      <trkpt lat="47.119802" lon="18.971364"><ele>98.75</ele></trkpt>
      <trkpt lat="47.119877" lon="18.971321"><ele>98.5</ele></trkpt>
      <trkpt lat="47.120327" lon="18.971008"><ele>94.5</ele></trkpt>
      <trkpt lat="47.120529" lon="18.970845"><ele>93.0</ele></trkpt>
      <trkpt lat="47.120947" lon="18.970585"><ele>93.25</ele></trkpt>
      <trkpt lat="47.121031" lon="18.970529"><ele>93.5</ele></trkpt>
      <trkpt lat="47.121186" lon="18.970393"><ele>94.25</ele></trkpt>
      <trkpt lat="47.121321" lon="18.970258"><ele>94.75</ele></trkpt>
      <trkpt lat="47.121491" lon="18.970044"><ele>95.75</ele></trkpt>
      <trkpt lat="47.121619" lon="18.969908"><ele>94.5</ele></trkpt>
      <trkpt lat="47.121749" lon="18.969790"><ele>94.0</ele></trkpt>
      <trkpt lat="47.121925" lon="18.969628"><ele>95.0</ele></trkpt>
      <trkpt lat="47.122749" lon="18.968969"><ele>93.75</ele></trkpt>
      <trkpt lat="47.122987" lon="18.968779"><ele>95.25</ele></trkpt>
      <trkpt lat="47.123510" lon="18.968463"><ele>100.25</ele></trkpt>
      <trkpt lat="47.124270" lon="18.968003"><ele>96.5</ele></trkpt>
      <trkpt lat="47.124627" lon="18.967819"><ele>94.75</ele></trkpt>
      <trkpt lat="47.124833" lon="18.967758"><ele>95.5</ele></trkpt>
      <trkpt lat="47.124962" lon="18.967716"><ele>95.0</ele></trkpt>
      <trkpt lat="47.125403" lon="18.967578"><ele>94.25</ele></trkpt>
      <trkpt lat="47.125648" lon="18.967493"><ele>95.0</ele></trkpt>
      <trkpt lat="47.125763" lon="18.967485"><ele>95.5</ele></trkpt>
      <trkpt lat="47.125980" lon="18.967498"><ele>94.25</ele></trkpt>
      <trkpt lat="47.127024" lon="18.967597"><ele>93.25</ele></trkpt>
      <trkpt lat="47.127515" lon="18.967678"><ele>94.5</ele></trkpt>
      <trkpt lat="47.128189" lon="18.967814"><ele>96.0</ele></trkpt>
      <trkpt lat="47.128807" lon="18.967863"><ele>94.25</ele></trkpt>
      <trkpt lat="47.129723" lon="18.967911"><ele>94.25</ele></trkpt>
      <trkpt lat="47.130772" lon="18.967966"><ele>95.5</ele></trkpt>
      <trkpt lat="47.131037" lon="18.968047"><ele>95.0</ele></trkpt>
      <trkpt lat="47.131223" lon="18.968188"><ele>95.25</ele></trkpt>
      <trkpt lat="47.131834" lon="18.968422"><ele>95.5</ele></trkpt>
      <trkpt lat="47.132042" lon="18.968573"><ele>96.25</ele></trkpt>
      <trkpt lat="47.132241" lon="18.968718"><ele>97.0</ele></trkpt>
      <trkpt lat="47.132302" lon="18.968742"><ele>97.25</ele></trkpt>
      <trkpt lat="47.132531" lon="18.968762"><ele>98.0</ele></trkpt>
      <trkpt lat="47.133950" lon="18.968048"><ele>98.5</ele></trkpt>
      <trkpt lat="47.135405" lon="18.966931"><ele>95.5</ele></trkpt>
      <trkpt lat="47.136867" lon="18.965503"><ele>92.75</ele></trkpt>
      <trkpt lat="47.137765" lon="18.964537"><ele>92.75</ele></trkpt>
      <trkpt lat="47.139085" lon="18.963008"><ele>95.5</ele></trkpt>
      <trkpt lat="47.139637" lon="18.962523"><ele>92.75</ele></trkpt>
      <trkpt lat="47.139745" lon="18.962487"><ele>92.75</ele></trkpt>
      <trkpt lat="47.139820" lon="18.962562"><ele>92.25</ele></trkpt>
      <trkpt lat="47.140055" lon="18.963170"><ele>94.0</ele></trkpt>
      <trkpt lat="47.140463" lon="18.964346"><ele>95.25</ele></trkpt>
      <trkpt lat="47.140706" lon="18.964994"><ele>96.0</ele></trkpt>
      <trkpt lat="47.140776" lon="18.965058"><ele>96.5</ele></trkpt>
      <trkpt lat="47.140894" lon="18.965015"><ele>96.75</ele></trkpt>
      <trkpt lat="47.141923" lon="18.964202"><ele>95.0</ele></trkpt>
      <trkpt lat="47.143003" lon="18.963354"><ele>96.75</ele></trkpt>
      <trkpt lat="47.144247" lon="18.962378"><ele>96.0</ele></trkpt>
      <trkpt lat="47.145510" lon="18.961387"><ele>95.75</ele></trkpt>
      <trkpt lat="47.146629" lon="18.960509"><ele>95.75</ele></trkpt>
      <trkpt lat="47.147831" lon="18.959573"><ele>97.0</ele></trkpt>
      <trkpt lat="47.148061" lon="18.959385"><ele>95.0</ele></trkpt>
      <trkpt lat="47.148420" lon="18.959114"><ele>95.0</ele></trkpt>
      <trkpt lat="47.149035" lon="18.958661"><ele>94.25</ele></trkpt>
      <trkpt lat="47.150519" lon="18.957527"><ele>96.0</ele></trkpt>
      <trkpt lat="47.151013" lon="18.957161"><ele>95.0</ele></trkpt>
      <trkpt lat="47.151301" lon="18.956976"><ele>95.5</ele></trkpt>
      <trkpt lat="47.151864" lon="18.956770"><ele>96.0</ele></trkpt>
      <trkpt lat="47.152355" lon="18.956610"><ele>96.25</ele></trkpt>
      <trkpt lat="47.152469" lon="18.956581"><ele>96.75</ele></trkpt>
      <trkpt lat="47.152797" lon="18.956494"><ele>97.75</ele></trkpt>
      <trkpt lat="47.153369" lon="18.956327"><ele>98.0</ele></trkpt>
      <trkpt lat="47.153470" lon="18.956297"><ele>98.0</ele></trkpt>
      <trkpt lat="47.153682" lon="18.956228"><ele>97.5</ele></trkpt>
      <trkpt lat="47.154682" lon="18.955945"><ele>96.75</ele></trkpt>
      <trkpt lat="47.154782" lon="18.955929"><ele>97.25</ele></trkpt>
      <trkpt lat="47.154815" lon="18.955924"><ele>97.5</ele></trkpt>
      <trkpt lat="47.155399" lon="18.955691"><ele>98.0</ele></trkpt>
      <trkpt lat="47.155972" lon="18.955372"><ele>97.0</ele></trkpt>
      <trkpt lat="47.156413" lon="18.955126"><ele>97.25</ele></trkpt>
      <trkpt lat="47.156971" lon="18.954802"><ele>95.5</ele></trkpt>
      <trkpt lat="47.158423" lon="18.953985"><ele>97.5</ele></trkpt>
      <trkpt lat="47.158484" lon="18.953936"><ele>97.25</ele></trkpt>
      <trkpt lat="47.158646" lon="18.953763"><ele>97.25</ele></trkpt>
      <trkpt lat="47.159453" lon="18.952784"><ele>98.75</ele></trkpt>
      <trkpt lat="47.159516" lon="18.952697"><ele>98.75</ele></trkpt>
      <trkpt lat="47.160607" lon="18.951338"><ele>98.0</ele></trkpt>
      <trkpt lat="47.160664" lon="18.951267"><ele>98.25</ele></trkpt>
      <trkpt lat="47.161329" lon="18.950665"><ele>97.25</ele></trkpt>
      <trkpt lat="47.161651" lon="18.950379"><ele>95.5</ele></trkpt>
      <trkpt lat="47.161713" lon="18.950324"><ele>95.25</ele></trkpt>
      <trkpt lat="47.161776" lon="18.950294"><ele>95.0</ele></trkpt>
      <trkpt lat="47.161773" lon="18.949840"><ele>92.5</ele></trkpt>
      <trkpt lat="47.161791" lon="18.948475"><ele>92.0</ele></trkpt>
      <trkpt lat="47.161805" lon="18.947552"><ele>92.0</ele></trkpt>
      <trkpt lat="47.161825" lon="18.946162"><ele>100.0</ele></trkpt>
      <trkpt lat="47.161970" lon="18.945953"><ele>100.0</ele></trkpt>
      <trkpt lat="47.162006" lon="18.945923"><ele>100.0</ele></trkpt>
      <trkpt lat="47.162053" lon="18.945919"><ele>100.0</ele></trkpt>
      <trkpt lat="47.162089" lon="18.945919"><ele>100.0</ele></trkpt>
      <trkpt lat="47.162423" lon="18.945883"><ele>98.5</ele></trkpt>
      <trkpt lat="47.162819" lon="18.945799"><ele>96.5</ele></trkpt>
      <trkpt lat="47.163435" lon="18.945672"><ele>101.25</ele></trkpt>
      <trkpt lat="47.163993" lon="18.945575"><ele>99.0</ele></trkpt>
      <trkpt lat="47.164148" lon="18.945555"><ele>98.0</ele></trkpt>
      <trkpt lat="47.164489" lon="18.945475"><ele>98.0</ele></trkpt>
      <trkpt lat="47.164523" lon="18.945466"><ele>98.0</ele></trkpt>
      <trkpt lat="47.165507" lon="18.945110"><ele>99.0</ele></trkpt>
      <trkpt lat="47.165708" lon="18.945050"><ele>99.75</ele></trkpt>
      <trkpt lat="47.165946" lon="18.944996"><ele>100.75</ele></trkpt>
      <trkpt lat="47.166060" lon="18.944971"><ele>101.5</ele></trkpt>
      <trkpt lat="47.166728" lon="18.944894"><ele>100.75</ele></trkpt>
      <trkpt lat="47.167157" lon="18.944812"><ele>100.5</ele></trkpt>
      <trkpt lat="47.167726" lon="18.944683"><ele>100.0</ele></trkpt>
      <trkpt lat="47.168076" lon="18.944631"><ele>97.75</ele></trkpt>
      <trkpt lat="47.168148" lon="18.944673"><ele>97.5</ele></trkpt>
      <trkpt lat="47.168344" lon="18.944664"><ele>97.0</ele></trkpt>
      <trkpt lat="47.169125" lon="18.944681"><ele>100.25</ele></trkpt>
      <trkpt lat="47.169163" lon="18.944681"><ele>100.25</ele></trkpt>
      <trkpt lat="47.169196" lon="18.944779"><ele>99.5</ele></trkpt>
      <trkpt lat="47.169220" lon="18.944820"><ele>99.25</ele></trkpt>
      <trkpt lat="47.169241" lon="18.944842"><ele>99.25</ele></trkpt>
      <trkpt lat="47.169258" lon="18.944848"><ele>99.25</ele></trkpt>
      <trkpt lat="47.169277" lon="18.944847"><ele>99.25</ele></trkpt>
      <trkpt lat="47.169512" lon="18.944827"><ele>100.0</ele></trkpt>
      <trkpt lat="47.169544" lon="18.944824"><ele>100.0</ele></trkpt>
      <trkpt lat="47.169743" lon="18.944808"><ele>99.5</ele></trkpt>
      <trkpt lat="47.170499" lon="18.944721"><ele>100.75</ele></trkpt>
      <trkpt lat="47.170551" lon="18.944714"><ele>100.75</ele></trkpt>
      <trkpt lat="47.171210" lon="18.944619"><ele>98.25</ele></trkpt>
      <trkpt lat="47.171276" lon="18.944573"><ele>98.0</ele></trkpt>
      <trkpt lat="47.171341" lon="18.944526"><ele>97.75</ele></trkpt>
      <trkpt lat="47.172021" lon="18.943946"><ele>98.25</ele></trkpt>
      <trkpt lat="47.172133" lon="18.943839"><ele>98.5</ele></trkpt>
      <trkpt lat="47.172558" lon="18.943497"><ele>99.0</ele></trkpt>
      <trkpt lat="47.173057" lon="18.943089"><ele>99.0</ele></trkpt>
      <trkpt lat="47.173155" lon="18.943021"><ele>99.0</ele></trkpt>
      <trkpt lat="47.173191" lon="18.943026"><ele>99.0</ele></trkpt>
      <trkpt lat="47.173225" lon="18.943020"><ele>99.0</ele></trkpt>
      <trkpt lat="47.173236" lon="18.943010"><ele>99.0</ele></trkpt>
      <trkpt lat="47.173243" lon="18.942989"><ele>99.0</ele></trkpt>
      <trkpt lat="47.173246" lon="18.942947"><ele>99.0</ele></trkpt>
      <trkpt lat="47.173211" lon="18.942840"><ele>99.0</ele></trkpt>
      <trkpt lat="47.173181" lon="18.942740"><ele>98.75</ele></trkpt>
      <trkpt lat="47.173836" lon="18.942586"><ele>98.5</ele></trkpt>
      <trkpt lat="47.175189" lon="18.942259"><ele>98.0</ele></trkpt>
      <trkpt lat="47.175340" lon="18.942228"><ele>98.0</ele></trkpt>
      <trkpt lat="47.175327" lon="18.942023"><ele>98.0</ele></trkpt>
      <trkpt lat="47.175355" lon="18.942016"><ele>98.25</ele></trkpt>
      <trkpt lat="47.175352" lon="18.941901"><ele>98.0</ele></trkpt>
      <trkpt lat="47.175461" lon="18.941883"><ele>98.5</ele></trkpt>
      <trkpt lat="47.175602" lon="18.941872"><ele>98.5</ele></trkpt>
      <trkpt lat="47.175702" lon="18.941865"><ele>98.5</ele></trkpt>
      <trkpt lat="47.175717" lon="18.942084"><ele>99.25</ele></trkpt>
      <trkpt lat="47.175630" lon="18.942099"><ele>99.0</ele></trkpt>
      <trkpt lat="47.175643" lon="18.942218"><ele>99.25</ele></trkpt>
      <trkpt lat="47.175721" lon="18.942203"><ele>99.5</ele></trkpt>
      <trkpt lat="47.175976" lon="18.942143"><ele>99.25</ele></trkpt>
      <trkpt lat="47.176323" lon="18.942064"><ele>98.0</ele></trkpt>
      <trkpt lat="47.176577" lon="18.942005"><ele>97.75</ele></trkpt>
      <trkpt lat="47.177581" lon="18.941793"><ele>97.0</ele></trkpt>
      <trkpt lat="47.178128" lon="18.941657"><ele>99.0</ele></trkpt>
      <trkpt lat="47.178817" lon="18.941473"><ele>98.0</ele></trkpt>
      <trkpt lat="47.179054" lon="18.941436"><ele>98.0</ele></trkpt>
      <trkpt lat="47.179624" lon="18.941374"><ele>96.75</ele></trkpt>
      <trkpt lat="47.182141" lon="18.941150"><ele>96.0</ele></trkpt>
      <trkpt lat="47.182653" lon="18.941081"><ele>97.0</ele></trkpt>
      <trkpt lat="47.186944" lon="18.940544"><ele>97.75</ele></trkpt>
      <trkpt lat="47.187421" lon="18.940476"><ele>98.5</ele></trkpt>
      <trkpt lat="47.188249" lon="18.940369"><ele>98.0</ele></trkpt>
      <trkpt lat="47.188754" lon="18.940346"><ele>96.75</ele></trkpt>
      <trkpt lat="47.189059" lon="18.940361"><ele>97.0</ele></trkpt>
      <trkpt lat="47.189340" lon="18.940404"><ele>97.0</ele></trkpt>
      <trkpt lat="47.189521" lon="18.940450"><ele>96.75</ele></trkpt>
      <trkpt lat="47.193118" lon="18.941574"><ele>96.75</ele></trkpt>
      <trkpt lat="47.193789" lon="18.941831"><ele>96.5</ele></trkpt>
      <trkpt lat="47.194405" lon="18.942137"><ele>95.5</ele></trkpt>
      <trkpt lat="47.195272" lon="18.942632"><ele>97.25</ele></trkpt>
      <trkpt lat="47.195835" lon="18.942976"><ele>97.75</ele></trkpt>
      <trkpt lat="47.196432" lon="18.943363"><ele>95.75</ele></trkpt>
      <trkpt lat="47.198094" lon="18.944394"><ele>95.0</ele></trkpt>
      <trkpt lat="47.199365" lon="18.945119"><ele>98.75</ele></trkpt>
      <trkpt lat="47.199978" lon="18.945435"><ele>97.0</ele></trkpt>
      <trkpt lat="47.200355" lon="18.945607"><ele>95.25</ele></trkpt>
      <trkpt lat="47.201431" lon="18.946025"><ele>99.75</ele></trkpt>
      <trkpt lat="47.203232" lon="18.946719"><ele>97.5</ele></trkpt>
      <trkpt lat="47.204398" lon="18.947160"><ele>97.75</ele></trkpt>
      <trkpt lat="47.205003" lon="18.947402"><ele>97.25</ele></trkpt>
      <trkpt lat="47.205258" lon="18.947515"><ele>97.0</ele></trkpt>
      <trkpt lat="47.205648" lon="18.947721"><ele>98.0</ele></trkpt>
      <trkpt lat="47.206048" lon="18.947995"><ele>98.0</ele></trkpt>
      <trkpt lat="47.209097" lon="18.950368"><ele>97.5</ele></trkpt>
      <trkpt lat="47.211599" lon="18.952335"><ele>95.75</ele></trkpt>
      <trkpt lat="47.213726" lon="18.953954"><ele>97.0</ele></trkpt>
      <trkpt lat="47.216266" lon="18.955983"><ele>97.0</ele></trkpt>
      <trkpt lat="47.216522" lon="18.956139"><ele>98.25</ele></trkpt>
      <trkpt lat="47.216685" lon="18.956229"><ele>98.0</ele></trkpt>
      <trkpt lat="47.216879" lon="18.956321"><ele>98.0</ele></trkpt>
      <trkpt lat="47.217150" lon="18.956432"><ele>98.5</ele></trkpt>
      <trkpt lat="47.217488" lon="18.956540"><ele>100.25</ele></trkpt>
      <trkpt lat="47.217751" lon="18.956607"><ele>100.0</ele></trkpt>
      <trkpt lat="47.218041" lon="18.956658"><ele>98.0</ele></trkpt>
      <trkpt lat="47.218251" lon="18.956667"><ele>97.75</ele></trkpt>
      <trkpt lat="47.218444" lon="18.956659"><ele>98.25</ele></trkpt>
      <trkpt lat="47.218717" lon="18.956623"><ele>99.0</ele></trkpt>
      <trkpt lat="47.219032" lon="18.956556"><ele>100.0</ele></trkpt>
      <trkpt lat="47.219532" lon="18.956406"><ele>101.25</ele></trkpt>
      <trkpt lat="47.220431" lon="18.956023"><ele>98.5</ele></trkpt>
      <trkpt lat="47.220781" lon="18.955910"><ele>97.0</ele></trkpt>
      <trkpt lat="47.220958" lon="18.955863"><ele>97.0</ele></trkpt>
      <trkpt lat="47.221169" lon="18.955834"><ele>96.75</ele></trkpt>
      <trkpt lat="47.221537" lon="18.955802"><ele>96.0</ele></trkpt>
      <trkpt lat="47.221753" lon="18.955806"><ele>96.25</ele></trkpt>
      <trkpt lat="47.221888" lon="18.955816"><ele>96.75</ele></trkpt>
      <trkpt lat="47.222440" lon="18.955884"><ele>97.0</ele></trkpt>
      <trkpt lat="47.222740" lon="18.955950"><ele>96.5</ele></trkpt>
      <trkpt lat="47.222794" lon="18.955960"><ele>96.5</ele></trkpt>
      <trkpt lat="47.223193" lon="18.956040"><ele>96.25</ele></trkpt>
      <trkpt lat="47.223282" lon="18.956057"><ele>96.0</ele></trkpt>
      <trkpt lat="47.223406" lon="18.956083"><ele>96.25</ele></trkpt>
      <trkpt lat="47.223627" lon="18.956128"><ele>97.0</ele></trkpt>
      <trkpt lat="47.223707" lon="18.956144"><ele>97.25</ele></trkpt>
      <trkpt lat="47.225128" lon="18.956433"><ele>98.0</ele></trkpt>
      <trkpt lat="47.225444" lon="18.956503"><ele>98.0</ele></trkpt>
      <trkpt lat="47.225631" lon="18.956557"><ele>97.75</ele></trkpt>
      <trkpt lat="47.225796" lon="18.956618"><ele>97.75</ele></trkpt>
      <trkpt lat="47.225879" lon="18.956657"><ele>97.75</ele></trkpt>
      <trkpt lat="47.226048" lon="18.956765"><ele>97.0</ele></trkpt>
      <trkpt lat="47.226571" lon="18.957193"><ele>98.5</ele></trkpt>
      <trkpt lat="47.226886" lon="18.957438"><ele>98.75</ele></trkpt>
      <trkpt lat="47.226981" lon="18.957508"><ele>98.75</ele></trkpt>
      <trkpt lat="47.226997" lon="18.957521"><ele>98.75</ele></trkpt>
      <trkpt lat="47.227922" lon="18.958091"><ele>98.75</ele></trkpt>
      <trkpt lat="47.228371" lon="18.958352"><ele>98.75</ele></trkpt>
      <trkpt lat="47.228440" lon="18.958388"><ele>98.5</ele></trkpt>
      <trkpt lat="47.228621" lon="18.958460"><ele>98.0</ele></trkpt>
      <trkpt lat="47.228780" lon="18.958520"><ele>98.0</ele></trkpt>
      <trkpt lat="47.228830" lon="18.958538"><ele>98.0</ele></trkpt>
      <trkpt lat="47.229595" lon="18.958820"><ele>98.75</ele></trkpt>
      <trkpt lat="47.229662" lon="18.958842"><ele>98.75</ele></trkpt>
      <trkpt lat="47.229877" lon="18.958887"><ele>99.5</ele></trkpt>
      <trkpt lat="47.230257" lon="18.958915"><ele>100.0</ele></trkpt>
      <trkpt lat="47.230326" lon="18.958919"><ele>100.0</ele></trkpt>
      <trkpt lat="47.230431" lon="18.958931"><ele>100.5</ele></trkpt>
      <trkpt lat="47.231439" lon="18.959067"><ele>99.25</ele></trkpt>
      <trkpt lat="47.231966" lon="18.959129"><ele>100.0</ele></trkpt>
      <trkpt lat="47.232505" lon="18.959184"><ele>100.0</ele></trkpt>
      <trkpt lat="47.233811" lon="18.959297"><ele>100.0</ele></trkpt>
      <trkpt lat="47.234189" lon="18.959338"><ele>100.5</ele></trkpt>
      <trkpt lat="47.234681" lon="18.959389"><ele>99.75</ele></trkpt>
      <trkpt lat="47.235656" lon="18.959518"><ele>101.25</ele></trkpt>
      <trkpt lat="47.235811" lon="18.959551"><ele>101.0</ele></trkpt>
      <trkpt lat="47.235997" lon="18.959616"><ele>99.75</ele></trkpt>
      <trkpt lat="47.236291" lon="18.959735"><ele>98.25</ele></trkpt>
      <trkpt lat="47.236635" lon="18.959889"><ele>97.5</ele></trkpt>
      <trkpt lat="47.236852" lon="18.959999"><ele>97.75</ele></trkpt>
      <trkpt lat="47.236882" lon="18.960014"><ele>98.0</ele></trkpt>
      <trkpt lat="47.237420" lon="18.960287"><ele>99.5</ele></trkpt>
      <trkpt lat="47.237892" lon="18.960563"><ele>99.75</ele></trkpt>
      <trkpt lat="47.238587" lon="18.960934"><ele>98.75</ele></trkpt>
      <trkpt lat="47.239192" lon="18.961277"><ele>97.5</ele></trkpt>
      <trkpt lat="47.239417" lon="18.961428"><ele>98.0</ele></trkpt>
      <trkpt lat="47.239625" lon="18.961581"><ele>98.5</ele></trkpt>
      <trkpt lat="47.240004" lon="18.961871"><ele>98.5</ele></trkpt>
      <trkpt lat="47.240359" lon="18.962158"><ele>97.5</ele></trkpt>
      <trkpt lat="47.240732" lon="18.962429"><ele>97.0</ele></trkpt>
      <trkpt lat="47.241063" lon="18.962614"><ele>96.5</ele></trkpt>
      <trkpt lat="47.241942" lon="18.962988"><ele>98.5</ele></trkpt>
      <trkpt lat="47.243076" lon="18.963423"><ele>97.75</ele></trkpt>
      <trkpt lat="47.243572" lon="18.963592"><ele>97.75</ele></trkpt>
      <trkpt lat="47.243738" lon="18.963630"><ele>98.25</ele></trkpt>
      <trkpt lat="47.243797" lon="18.963643"><ele>98.5</ele></trkpt>
      <trkpt lat="47.244154" lon="18.963658"><ele>98.0</ele></trkpt>
      <trkpt lat="47.245429" lon="18.963696"><ele>98.5</ele></trkpt>
      <trkpt lat="47.247418" lon="18.963823"><ele>99.75</ele></trkpt>
      <trkpt lat="47.247756" lon="18.963821"><ele>99.75</ele></trkpt>
      <trkpt lat="47.247864" lon="18.963813"><ele>100.25</ele></trkpt>
      <trkpt lat="47.247912" lon="18.963804"><ele>100.25</ele></trkpt>
      <trkpt lat="47.247991" lon="18.963768"><ele>100.75</ele></trkpt>
      <trkpt lat="47.248117" lon="18.963696"><ele>101.0</ele></trkpt>
      <trkpt lat="47.248556" lon="18.963366"><ele>100.75</ele></trkpt>
      <trkpt lat="47.248644" lon="18.963324"><ele>100.75</ele></trkpt>
      <trkpt lat="47.248764" lon="18.963295"><ele>100.5</ele></trkpt>
      <trkpt lat="47.248898" lon="18.963296"><ele>100.0</ele></trkpt>
      <trkpt lat="47.249192" lon="18.963360"><ele>98.75</ele></trkpt>
      <trkpt lat="47.249359" lon="18.963403"><ele>98.25</ele></trkpt>
      <trkpt lat="47.249699" lon="18.963517"><ele>97.5</ele></trkpt>
      <trkpt lat="47.249975" lon="18.963631"><ele>97.0</ele></trkpt>
      <trkpt lat="47.253175" lon="18.965440"><ele>97.0</ele></trkpt>
      <trkpt lat="47.258092" lon="18.968160"><ele>96.0</ele></trkpt>
      <trkpt lat="47.258564" lon="18.968376"><ele>98.75</ele></trkpt>
      <trkpt lat="47.258752" lon="18.968436"><ele>99.5</ele></trkpt>
      <trkpt lat="47.258859" lon="18.968455"><ele>99.75</ele></trkpt>
      <trkpt lat="47.259045" lon="18.968452"><ele>99.5</ele></trkpt>
      <trkpt lat="47.259140" lon="18.968427"><ele>99.25</ele></trkpt>
      <trkpt lat="47.259231" lon="18.968385"><ele>99.25</ele></trkpt>
      <trkpt lat="47.259895" lon="18.967940"><ele>97.75</ele></trkpt>
      <trkpt lat="47.259963" lon="18.967911"><ele>97.5</ele></trkpt>
      <trkpt lat="47.260027" lon="18.967895"><ele>97.5</ele></trkpt>
      <trkpt lat="47.260183" lon="18.967879"><ele>97.0</ele></trkpt>
      <trkpt lat="47.260326" lon="18.967895"><ele>97.0</ele></trkpt>
      <trkpt lat="47.260641" lon="18.968051"><ele>98.25</ele></trkpt>
      <trkpt lat="47.260766" lon="18.968127"><ele>98.5</ele></trkpt>
      <trkpt lat="47.260881" lon="18.968198"><ele>98.5</ele></trkpt>
      <trkpt lat="47.264115" lon="18.970183"><ele>100.5</ele></trkpt>
      <trkpt lat="47.264301" lon="18.970285"><ele>101.0</ele></trkpt>
      <trkpt lat="47.264479" lon="18.970411"><ele>101.0</ele></trkpt>
      <trkpt lat="47.266259" lon="18.971566"><ele>100.75</ele></trkpt>
      <trkpt lat="47.268037" lon="18.972697"><ele>100.5</ele></trkpt>
      <trkpt lat="47.269532" lon="18.973638"><ele>100.75</ele></trkpt>
      <trkpt lat="47.271253" lon="18.974713"><ele>98.0</ele></trkpt>
      <trkpt lat="47.271484" lon="18.974832"><ele>98.0</ele></trkpt>
      <trkpt lat="47.272224" lon="18.975133"><ele>97.75</ele></trkpt>
      <trkpt lat="47.272380" lon="18.975199"><ele>96.75</ele></trkpt>
      <trkpt lat="47.273109" lon="18.975512"><ele>95.75</ele></trkpt>
      <trkpt lat="47.273263" lon="18.975578"><ele>95.0</ele></trkpt>
      <trkpt lat="47.274417" lon="18.976067"><ele>94.5</ele></trkpt>
      <trkpt lat="47.274481" lon="18.976094"><ele>95.0</ele></trkpt>
      <trkpt lat="47.275008" lon="18.976309"><ele>97.25</ele></trkpt>
      <trkpt lat="47.274498" lon="18.977993"><ele>97.0</ele></trkpt>
      <trkpt lat="47.274105" lon="18.979254"><ele>95.0</ele></trkpt>
      <trkpt lat="47.273935" lon="18.979800"><ele>95.75</ele></trkpt>
      <trkpt lat="47.273633" lon="18.980812"><ele>95.0</ele></trkpt>
      <trkpt lat="47.273555" lon="18.981130"><ele>96.0</ele></trkpt>
      <trkpt lat="47.273558" lon="18.981374"><ele>96.0</ele></trkpt>
      <trkpt lat="47.273600" lon="18.981766"><ele>96.25</ele></trkpt>
      <trkpt lat="47.273673" lon="18.982287"><ele>97.0</ele></trkpt>
      <trkpt lat="47.273917" lon="18.983539"><ele>97.25</ele></trkpt>
      <trkpt lat="47.273953" lon="18.983774"><ele>97.25</ele></trkpt>
      <trkpt lat="47.273951" lon="18.983890"><ele>97.0</ele></trkpt>
      <trkpt lat="47.273924" lon="18.984101"><ele>96.25</ele></trkpt>
      <trkpt lat="47.273896" lon="18.984241"><ele>96.0</ele></trkpt>
      <trkpt lat="47.273843" lon="18.984453"><ele>95.75</ele></trkpt>
      <trkpt lat="47.273730" lon="18.984840"><ele>95.0</ele></trkpt>
      <trkpt lat="47.273671" lon="18.985020"><ele>95.75</ele></trkpt>
      <trkpt lat="47.273597" lon="18.985186"><ele>96.0</ele></trkpt>
      <trkpt lat="47.273470" lon="18.985435"><ele>96.75</ele></trkpt>
      <trkpt lat="47.272911" lon="18.986531"><ele>95.0</ele></trkpt>
      <trkpt lat="47.272869" lon="18.986633"><ele>95.0</ele></trkpt>
      <trkpt lat="47.272833" lon="18.986765"><ele>95.0</ele></trkpt>
      <trkpt lat="47.272805" lon="18.986964"><ele>95.0</ele></trkpt>
      <trkpt lat="47.272798" lon="18.987158"><ele>95.75</ele></trkpt>
      <trkpt lat="47.272798" lon="18.987246"><ele>96.0</ele></trkpt>
      <trkpt lat="47.272808" lon="18.987377"><ele>96.0</ele></trkpt>
      <trkpt lat="47.272831" lon="18.987501"><ele>95.75</ele></trkpt>
      <trkpt lat="47.272866" lon="18.987622"><ele>95.75</ele></trkpt>
      <trkpt lat="47.272954" lon="18.987842"><ele>96.0</ele></trkpt>
      <trkpt lat="47.273454" lon="18.988450"><ele>96.25</ele></trkpt>
      <trkpt lat="47.275450" lon="18.990697"><ele>96.5</ele></trkpt>
      <trkpt lat="47.275528" lon="18.990738"><ele>96.25</ele></trkpt>
      <trkpt lat="47.275617" lon="18.990819"><ele>96.25</ele></trkpt>
      <trkpt lat="47.275730" lon="18.990862"><ele>96.5</ele></trkpt>
      <trkpt lat="47.275819" lon="18.990879"><ele>96.75</ele></trkpt>
      <trkpt lat="47.275910" lon="18.990986"><ele>96.75</ele></trkpt>
      <trkpt lat="47.275945" lon="18.991117"><ele>96.75</ele></trkpt>
      <trkpt lat="47.275944" lon="18.991303"><ele>96.5</ele></trkpt>
      <trkpt lat="47.276045" lon="18.991452"><ele>96.0</ele></trkpt>
      <trkpt lat="47.276203" lon="18.991561"><ele>95.75</ele></trkpt>
      <trkpt lat="47.276361" lon="18.991737"><ele>95.0</ele></trkpt>
      <trkpt lat="47.276671" lon="18.992008"><ele>95.0</ele></trkpt>
      <trkpt lat="47.276788" lon="18.992094"><ele>95.0</ele></trkpt>
      <trkpt lat="47.276979" lon="18.992295"><ele>95.0</ele></trkpt>
      <trkpt lat="47.277127" lon="18.992561"><ele>94.75</ele></trkpt>
      <trkpt lat="47.277434" lon="18.992959"><ele>94.0</ele></trkpt>
      <trkpt lat="47.277640" lon="18.993217"><ele>93.0</ele></trkpt>
      <trkpt lat="47.277779" lon="18.993425"><ele>93.0</ele></trkpt>
      <trkpt lat="47.277947" lon="18.993581"><ele>93.0</ele></trkpt>
      <trkpt lat="47.278077" lon="18.993882"><ele>94.0</ele></trkpt>
      <trkpt lat="47.278272" lon="18.994076"><ele>94.75</ele></trkpt>
      <trkpt lat="47.278388" lon="18.994256"><ele>95.25</ele></trkpt>
      <trkpt lat="47.278596" lon="18.994505"><ele>96.5</ele></trkpt>
      <trkpt lat="47.278761" lon="18.994588"><ele>96.25</ele></trkpt>
      <trkpt lat="47.278865" lon="18.994727"><ele>95.75</ele></trkpt>
      <trkpt lat="47.278979" lon="18.994955"><ele>94.75</ele></trkpt>
      <trkpt lat="47.279010" lon="18.995096"><ele>94.5</ele></trkpt>
      <trkpt lat="47.278982" lon="18.995245"><ele>94.5</ele></trkpt>
      <trkpt lat="47.279007" lon="18.995380"><ele>94.5</ele></trkpt>
      <trkpt lat="47.279254" lon="18.995817"><ele>94.5</ele></trkpt>
      <trkpt lat="47.279412" lon="18.996049"><ele>94.0</ele></trkpt>
      <trkpt lat="47.279722" lon="18.996462"><ele>95.25</ele></trkpt>
      <trkpt lat="47.279860" lon="18.996563"><ele>95.25</ele></trkpt>
      <trkpt lat="47.280064" lon="18.996804"><ele>95.5</ele></trkpt>
      <trkpt lat="47.280346" lon="18.997261"><ele>97.0</ele></trkpt>
      <trkpt lat="47.280528" lon="18.997496"><ele>97.0</ele></trkpt>
      <trkpt lat="47.280668" lon="18.997699"><ele>95.75</ele></trkpt>
      <trkpt lat="47.280755" lon="18.997791"><ele>95.25</ele></trkpt>
      <trkpt lat="47.280882" lon="18.997921"><ele>94.5</ele></trkpt>
      <trkpt lat="47.281053" lon="18.998095"><ele>94.5</ele></trkpt>
      <trkpt lat="47.281185" lon="18.998229"><ele>94.25</ele></trkpt>
      <trkpt lat="47.281234" lon="18.998279"><ele>94.0</ele></trkpt>
      <trkpt lat="47.281475" lon="18.998596"><ele>93.5</ele></trkpt>
      <trkpt lat="47.281527" lon="18.998643"><ele>93.5</ele></trkpt>
      <trkpt lat="47.281613" lon="18.998549"><ele>93.25</ele></trkpt>
      <trkpt lat="47.281706" lon="18.998496"><ele>93.5</ele></trkpt>
      <trkpt lat="47.281827" lon="18.998471"><ele>94.25</ele></trkpt>
      <trkpt lat="47.281886" lon="18.998433"><ele>94.5</ele></trkpt>
      <trkpt lat="47.281903" lon="18.998422"><ele>94.75</ele></trkpt>
      <trkpt lat="47.281968" lon="18.998316"><ele>95.0</ele></trkpt>
      <trkpt lat="47.282069" lon="18.998068"><ele>95.25</ele></trkpt>
      <trkpt lat="47.282148" lon="18.997916"><ele>95.5</ele></trkpt>
      <trkpt lat="47.282229" lon="18.997866"><ele>96.0</ele></trkpt>
      <trkpt lat="47.282389" lon="18.997844"><ele>97.0</ele></trkpt>
      <trkpt lat="47.282460" lon="18.997879"><ele>97.5</ele></trkpt>
      <trkpt lat="47.283317" lon="18.998820"><ele>100.5</ele></trkpt>
      <trkpt lat="47.283399" lon="18.998913"><ele>99.75</ele></trkpt>
      <trkpt lat="47.283572" lon="18.999092"><ele>97.75</ele></trkpt>
      <trkpt lat="47.283738" lon="18.999275"><ele>96.5</ele></trkpt>
      <trkpt lat="47.283896" lon="18.999428"><ele>96.0</ele></trkpt>
      <trkpt lat="47.283966" lon="18.999498"><ele>96.5</ele></trkpt>
      <trkpt lat="47.284073" lon="18.999609"><ele>97.75</ele></trkpt>
      <trkpt lat="47.284754" lon="19.000433"><ele>98.75</ele></trkpt>
      <trkpt lat="47.285200" lon="19.001024"><ele>98.0</ele></trkpt>
      <trkpt lat="47.285423" lon="19.001282"><ele>98.5</ele></trkpt>
      <trkpt lat="47.285887" lon="19.001914"><ele>100.25</ele></trkpt>
      <trkpt lat="47.286653" lon="19.002956"><ele>100.0</ele></trkpt>
      <trkpt lat="47.287208" lon="19.003713"><ele>101.0</ele></trkpt>
      <trkpt lat="47.288214" lon="19.005083"><ele>103.0</ele></trkpt>
      <trkpt lat="47.288306" lon="19.005237"><ele>103.0</ele></trkpt>
      <trkpt lat="47.288338" lon="19.005292"><ele>102.75</ele></trkpt>
      <trkpt lat="47.288668" lon="19.005851"><ele>102.0</ele></trkpt>
      <trkpt lat="47.289055" lon="19.006505"><ele>100.25</ele></trkpt>
      <trkpt lat="47.289455" lon="19.007183"><ele>100.25</ele></trkpt>
      <trkpt lat="47.289831" lon="19.007819"><ele>100.5</ele></trkpt>
      <trkpt lat="47.290037" lon="19.008167"><ele>100.75</ele></trkpt>
      <trkpt lat="47.290450" lon="19.008968"><ele>98.5</ele></trkpt>
      <trkpt lat="47.290894" lon="19.009626"><ele>96.5</ele></trkpt>
      <trkpt lat="47.290913" lon="19.009652"><ele>96.5</ele></trkpt>
      <trkpt lat="47.291114" lon="19.009970"><ele>97.0</ele></trkpt>
      <trkpt lat="47.291319" lon="19.010287"><ele>98.25</ele></trkpt>
      <trkpt lat="47.291455" lon="19.010494"><ele>98.0</ele></trkpt>
      <trkpt lat="47.291519" lon="19.010577"><ele>97.75</ele></trkpt>
      <trkpt lat="47.291801" lon="19.010901"><ele>97.0</ele></trkpt>
      <trkpt lat="47.292198" lon="19.011322"><ele>97.0</ele></trkpt>
      <trkpt lat="47.292539" lon="19.011629"><ele>97.25</ele></trkpt>
      <trkpt lat="47.293136" lon="19.012289"><ele>99.75</ele></trkpt>
      <trkpt lat="47.293812" lon="19.013017"><ele>99.0</ele></trkpt>
      <trkpt lat="47.294068" lon="19.013293"><ele>98.25</ele></trkpt>
      <trkpt lat="47.294738" lon="19.014098"><ele>97.75</ele></trkpt>
      <trkpt lat="47.294956" lon="19.014359"><ele>98.0</ele></trkpt>
      <trkpt lat="47.295328" lon="19.014947"><ele>97.5</ele></trkpt>
      <trkpt lat="47.295865" lon="19.015796"><ele>96.0</ele></trkpt>
      <trkpt lat="47.296334" lon="19.016536"><ele>96.0</ele></trkpt>
      <trkpt lat="47.296637" lon="19.016979"><ele>96.0</ele></trkpt>
      <trkpt lat="47.296982" lon="19.017468"><ele>96.75</ele></trkpt>
      <trkpt lat="47.297269" lon="19.017783"><ele>97.0</ele></trkpt>
      <trkpt lat="47.297729" lon="19.018225"><ele>99.75</ele></trkpt>
      <trkpt lat="47.297812" lon="19.018321"><ele>100.0</ele></trkpt>
      <trkpt lat="47.297949" lon="19.018439"><ele>99.25</ele></trkpt>
      <trkpt lat="47.298054" lon="19.018479"><ele>98.75</ele></trkpt>
      <trkpt lat="47.298319" lon="19.018716"><ele>98.0</ele></trkpt>
      <trkpt lat="47.298512" lon="19.018908"><ele>98.0</ele></trkpt>
      <trkpt lat="47.298804" lon="19.019211"><ele>99.0</ele></trkpt>
      <trkpt lat="47.299187" lon="19.019603"><ele>99.75</ele></trkpt>
      <trkpt lat="47.299852" lon="19.020287"><ele>101.25</ele></trkpt>
      <trkpt lat="47.300129" lon="19.020580"><ele>101.25</ele></trkpt>
      <trkpt lat="47.300498" lon="19.020930"><ele>101.25</ele></trkpt>
      <trkpt lat="47.300880" lon="19.021249"><ele>101.5</ele></trkpt>
      <trkpt lat="47.301772" lon="19.021920"><ele>102.75</ele></trkpt>
      <trkpt lat="47.302790" lon="19.022665"><ele>104.25</ele></trkpt>
      <trkpt lat="47.303928" lon="19.023528"><ele>96.5</ele></trkpt>
      <trkpt lat="47.304194" lon="19.023730"><ele>97.5</ele></trkpt>
      <trkpt lat="47.304810" lon="19.024196"><ele>97.75</ele></trkpt>
      <trkpt lat="47.305946" lon="19.025106"><ele>98.25</ele></trkpt>
      <trkpt lat="47.306322" lon="19.025388"><ele>98.75</ele></trkpt>
      <trkpt lat="47.307697" lon="19.026134"><ele>98.5</ele></trkpt>
      <trkpt lat="47.308098" lon="19.026347"><ele>98.25</ele></trkpt>
      <trkpt lat="47.308260" lon="19.026426"><ele>98.5</ele></trkpt>
      <trkpt lat="47.308706" lon="19.026642"><ele>99.0</ele></trkpt>
      <trkpt lat="47.308746" lon="19.026661"><ele>99.0</ele></trkpt>
      <trkpt lat="47.308948" lon="19.026707"><ele>98.5</ele></trkpt>
      <trkpt lat="47.309003" lon="19.026720"><ele>98.25</ele></trkpt>
      <trkpt lat="47.309513" lon="19.026836"><ele>98.0</ele></trkpt>
      <trkpt lat="47.309586" lon="19.026853"><ele>98.25</ele></trkpt>
      <trkpt lat="47.309664" lon="19.026875"><ele>98.5</ele></trkpt>
      <trkpt lat="47.309972" lon="19.026966"><ele>98.75</ele></trkpt>
      <trkpt lat="47.310561" lon="19.027137"><ele>97.75</ele></trkpt>
      <trkpt lat="47.310631" lon="19.027157"><ele>97.75</ele></trkpt>
      <trkpt lat="47.310708" lon="19.027238"><ele>98.0</ele></trkpt>
      <trkpt lat="47.310926" lon="19.027612"><ele>98.0</ele></trkpt>
      <trkpt lat="47.311160" lon="19.028004"><ele>98.0</ele></trkpt>
      <trkpt lat="47.311397" lon="19.028393"><ele>97.0</ele></trkpt>
      <trkpt lat="47.311741" lon="19.028974"><ele>96.25</ele></trkpt>
      <trkpt lat="47.312160" lon="19.029717"><ele>96.0</ele></trkpt>
      <trkpt lat="47.312421" lon="19.030143"><ele>96.5</ele></trkpt>
      <trkpt lat="47.312942" lon="19.030814"><ele>98.0</ele></trkpt>
      <trkpt lat="47.313164" lon="19.031001"><ele>97.0</ele></trkpt>
      <trkpt lat="47.313331" lon="19.031097"><ele>97.0</ele></trkpt>
      <trkpt lat="47.313361" lon="19.031114"><ele>97.0</ele></trkpt>
      <trkpt lat="47.313495" lon="19.031169"><ele>97.25</ele></trkpt>
      <trkpt lat="47.313497" lon="19.031302"><ele>97.25</ele></trkpt>
      <trkpt lat="47.313493" lon="19.031427"><ele>96.75</ele></trkpt>
      <trkpt lat="47.313474" lon="19.031554"><ele>95.75</ele></trkpt>
      <trkpt lat="47.313767" lon="19.031895"><ele>94.0</ele></trkpt>
      <trkpt lat="47.314217" lon="19.032393"><ele>96.0</ele></trkpt>
      <trkpt lat="47.315043" lon="19.033327"><ele>97.25</ele></trkpt>
      <trkpt lat="47.315438" lon="19.033813"><ele>97.75</ele></trkpt>
      <trkpt lat="47.315660" lon="19.034057"><ele>98.5</ele></trkpt>
      <trkpt lat="47.315853" lon="19.034149"><ele>98.0</ele></trkpt>
      <trkpt lat="47.316158" lon="19.034380"><ele>99.25</ele></trkpt>
      <trkpt lat="47.316450" lon="19.034638"><ele>100.5</ele></trkpt>
      <trkpt lat="47.317023" lon="19.035040"><ele>99.75</ele></trkpt>
      <trkpt lat="47.317705" lon="19.035623"><ele>100.25</ele></trkpt>
      <trkpt lat="47.318943" lon="19.036776"><ele>99.0</ele></trkpt>
      <trkpt lat="47.319488" lon="19.037321"><ele>98.75</ele></trkpt>
      <trkpt lat="47.320096" lon="19.037929"><ele>99.0</ele></trkpt>
      <trkpt lat="47.321030" lon="19.038844"><ele>99.75</ele></trkpt>
      <trkpt lat="47.321651" lon="19.039455"><ele>95.75</ele></trkpt>
      <trkpt lat="47.321937" lon="19.039735"><ele>97.75</ele></trkpt>
      <trkpt lat="47.322961" lon="19.040742"><ele>99.75</ele></trkpt>
      <trkpt lat="47.323451" lon="19.041223"><ele>98.25</ele></trkpt>
      <trkpt lat="47.324006" lon="19.041662"><ele>98.25</ele></trkpt>
      <trkpt lat="47.324710" lon="19.042218"><ele>97.0</ele></trkpt>
      <trkpt lat="47.325639" lon="19.042953"><ele>98.5</ele></trkpt>
      <trkpt lat="47.325784" lon="19.043067"><ele>97.75</ele></trkpt>
      <trkpt lat="47.326078" lon="19.043269"><ele>97.0</ele></trkpt>
      <trkpt lat="47.326485" lon="19.043547"><ele>97.5</ele></trkpt>
      <trkpt lat="47.327649" lon="19.044343"><ele>97.75</ele></trkpt>
      <trkpt lat="47.327752" lon="19.044414"><ele>98.0</ele></trkpt>
      <trkpt lat="47.328705" lon="19.044848"><ele>97.75</ele></trkpt>
      <trkpt lat="47.329968" lon="19.045391"><ele>96.5</ele></trkpt>
      <trkpt lat="47.330046" lon="19.045422"><ele>96.5</ele></trkpt>
      <trkpt lat="47.330548" lon="19.045695"><ele>97.0</ele></trkpt>
      <trkpt lat="47.330775" lon="19.044590"><ele>97.5</ele></trkpt>
      <trkpt lat="47.330984" lon="19.043558"><ele>99.25</ele></trkpt>
      <trkpt lat="47.331113" lon="19.043007"><ele>98.0</ele></trkpt>
      <trkpt lat="47.331366" lon="19.041773"><ele>100.25</ele></trkpt>
      <trkpt lat="47.331497" lon="19.041079"><ele>98.75</ele></trkpt>
      <trkpt lat="47.331810" lon="19.039626"><ele>99.75</ele></trkpt>
      <trkpt lat="47.332046" lon="19.038453"><ele>101.5</ele></trkpt>
      <trkpt lat="47.332113" lon="19.038159"><ele>100.75</ele></trkpt>
      <trkpt lat="47.332190" lon="19.037915"><ele>99.5</ele></trkpt>
      <trkpt lat="47.332257" lon="19.037752"><ele>99.0</ele></trkpt>
      <trkpt lat="47.332459" lon="19.037363"><ele>99.0</ele></trkpt>
      <trkpt lat="47.332965" lon="19.036450"><ele>101.0</ele></trkpt>
      <trkpt lat="47.333253" lon="19.035901"><ele>101.5</ele></trkpt>
      <trkpt lat="47.333369" lon="19.035685"><ele>101.25</ele></trkpt>
      <trkpt lat="47.333504" lon="19.035434"><ele>101.0</ele></trkpt>
      <trkpt lat="47.333647" lon="19.035142"><ele>100.75</ele></trkpt>
      <trkpt lat="47.333670" lon="19.035096"><ele>100.75</ele></trkpt>
      <trkpt lat="47.333875" lon="19.035050"><ele>100.0</ele></trkpt>
      <trkpt lat="47.334108" lon="19.035027"><ele>100.75</ele></trkpt>
      <trkpt lat="47.334406" lon="19.035099"><ele>100.25</ele></trkpt>
      <trkpt lat="47.334478" lon="19.035112"><ele>100.25</ele></trkpt>
      <trkpt lat="47.334553" lon="19.035136"><ele>100.0</ele></trkpt>
      <trkpt lat="47.334917" lon="19.035250"><ele>100.5</ele></trkpt>
      <trkpt lat="47.335379" lon="19.035455"><ele>101.0</ele></trkpt>
      <trkpt lat="47.335677" lon="19.035608"><ele>100.75</ele></trkpt>
      <trkpt lat="47.335917" lon="19.035687"><ele>100.25</ele></trkpt>
      <trkpt lat="47.336138" lon="19.035748"><ele>99.75</ele></trkpt>
      <trkpt lat="47.336377" lon="19.035816"><ele>99.0</ele></trkpt>
      <trkpt lat="47.336761" lon="19.035877"><ele>98.25</ele></trkpt>
      <trkpt lat="47.336898" lon="19.035864"><ele>98.75</ele></trkpt>
      <trkpt lat="47.337057" lon="19.035864"><ele>99.25</ele></trkpt>
      <trkpt lat="47.337244" lon="19.035839"><ele>100.0</ele></trkpt>
      <trkpt lat="47.337289" lon="19.035826"><ele>100.0</ele></trkpt>
      <trkpt lat="47.337382" lon="19.035799"><ele>100.5</ele></trkpt>
      <trkpt lat="47.337650" lon="19.035794"><ele>101.0</ele></trkpt>
      <trkpt lat="47.337746" lon="19.035828"><ele>101.0</ele></trkpt>
      <trkpt lat="47.337808" lon="19.035847"><ele>101.0</ele></trkpt>
      <trkpt lat="47.337848" lon="19.035855"><ele>101.0</ele></trkpt>
      <trkpt lat="47.337865" lon="19.035894"><ele>101.0</ele></trkpt>
      <trkpt lat="47.337891" lon="19.035922"><ele>101.0</ele></trkpt>
      <trkpt lat="47.337937" lon="19.035936"><ele>101.0</ele></trkpt>
      <trkpt lat="47.337961" lon="19.035930"><ele>101.0</ele></trkpt>
      <trkpt lat="47.337982" lon="19.035914"><ele>101.0</ele></trkpt>
      <trkpt lat="47.338010" lon="19.035869"><ele>101.0</ele></trkpt>
      <trkpt lat="47.338101" lon="19.035832"><ele>100.75</ele></trkpt>
      <trkpt lat="47.338174" lon="19.035798"><ele>100.5</ele></trkpt>
      <trkpt lat="47.338241" lon="19.035798"><ele>100.25</ele></trkpt>
      <trkpt lat="47.339291" lon="19.035842"><ele>100.0</ele></trkpt>
      <trkpt lat="47.339619" lon="19.035855"><ele>100.5</ele></trkpt>
      <trkpt lat="47.339622" lon="19.035729"><ele>100.25</ele></trkpt>
      <trkpt lat="47.339627" lon="19.035357"><ele>99.75</ele></trkpt>
      <trkpt lat="47.339630" lon="19.035201"><ele>102.0</ele></trkpt>
      <trkpt lat="47.339627" lon="19.035357"><ele>99.75</ele></trkpt>
      <trkpt lat="47.339622" lon="19.035729"><ele>100.25</ele></trkpt>
      <trkpt lat="47.339619" lon="19.035855"><ele>100.5</ele></trkpt>
      <trkpt lat="47.339727" lon="19.035857"><ele>101.0</ele></trkpt>
      <trkpt lat="47.340049" lon="19.035861"><ele>101.0</ele></trkpt>
      <trkpt lat="47.340663" lon="19.035872"><ele>100.0</ele></trkpt>
      <trkpt lat="47.341174" lon="19.035888"><ele>99.0</ele></trkpt>
      <trkpt lat="47.341213" lon="19.035889"><ele>99.0</ele></trkpt>
      <trkpt lat="47.341357" lon="19.035888"><ele>99.0</ele></trkpt>
      <trkpt lat="47.341428" lon="19.035902"><ele>99.25</ele></trkpt>
      <trkpt lat="47.341525" lon="19.035935"><ele>99.75</ele></trkpt>
      <trkpt lat="47.341653" lon="19.036010"><ele>100.5</ele></trkpt>
      <trkpt lat="47.341749" lon="19.036076"><ele>100.75</ele></trkpt>
      <trkpt lat="47.341792" lon="19.036119"><ele>101.0</ele></trkpt>
      <trkpt lat="47.341822" lon="19.036160"><ele>101.0</ele></trkpt>
      <trkpt lat="47.341862" lon="19.036246"><ele>101.25</ele></trkpt>
      <trkpt lat="47.341878" lon="19.036286"><ele>101.5</ele></trkpt>
      <trkpt lat="47.341901" lon="19.036317"><ele>101.5</ele></trkpt>
      <trkpt lat="47.341929" lon="19.036338"><ele>101.75</ele></trkpt>
      <trkpt lat="47.341959" lon="19.036346"><ele>101.75</ele></trkpt>
      <trkpt lat="47.341993" lon="19.036339"><ele>101.5</ele></trkpt>
      <trkpt lat="47.342023" lon="19.036318"><ele>101.25</ele></trkpt>
      <trkpt lat="47.342139" lon="19.036285"><ele>100.75</ele></trkpt>
      <trkpt lat="47.342269" lon="19.036301"><ele>100.5</ele></trkpt>
      <trkpt lat="47.342317" lon="19.036317"><ele>100.25</ele></trkpt>
      <trkpt lat="47.342363" lon="19.036352"><ele>100.25</ele></trkpt>
      <trkpt lat="47.343113" lon="19.037093"><ele>97.75</ele></trkpt>
      <trkpt lat="47.343747" lon="19.037784"><ele>99.25</ele></trkpt>
      <trkpt lat="47.344121" lon="19.038196"><ele>100.25</ele></trkpt>
      <trkpt lat="47.344321" lon="19.038424"><ele>100.25</ele></trkpt>
      <trkpt lat="47.344883" lon="19.039103"><ele>101.0</ele></trkpt>
      <trkpt lat="47.345264" lon="19.039556"><ele>100.0</ele></trkpt>
      <trkpt lat="47.345362" lon="19.039748"><ele>99.5</ele></trkpt>
      <trkpt lat="47.345435" lon="19.039924"><ele>99.5</ele></trkpt>
      <trkpt lat="47.345551" lon="19.040284"><ele>99.75</ele></trkpt>
      <trkpt lat="47.345628" lon="19.040524"><ele>99.75</ele></trkpt>
      <trkpt lat="47.345646" lon="19.040668"><ele>99.25</ele></trkpt>
      <trkpt lat="47.345661" lon="19.040821"><ele>98.5</ele></trkpt>
      <trkpt lat="47.345648" lon="19.040860"><ele>98.5</ele></trkpt>
      <trkpt lat="47.345642" lon="19.040946"><ele>98.25</ele></trkpt>
      <trkpt lat="47.345653" lon="19.040999"><ele>98.0</ele></trkpt>
      <trkpt lat="47.345675" lon="19.041045"><ele>97.75</ele></trkpt>
      <trkpt lat="47.345706" lon="19.041079"><ele>97.5</ele></trkpt>
      <trkpt lat="47.345743" lon="19.041098"><ele>97.25</ele></trkpt>
      <trkpt lat="47.345782" lon="19.041098"><ele>97.0</ele></trkpt>
      <trkpt lat="47.345819" lon="19.041079"><ele>97.0</ele></trkpt>
      <trkpt lat="47.345851" lon="19.041044"><ele>97.0</ele></trkpt>
      <trkpt lat="47.345924" lon="19.041028"><ele>97.25</ele></trkpt>
      <trkpt lat="47.346046" lon="19.041039"><ele>97.25</ele></trkpt>
      <trkpt lat="47.346148" lon="19.041073"><ele>97.25</ele></trkpt>
      <trkpt lat="47.346484" lon="19.041205"><ele>97.75</ele></trkpt>
      <trkpt lat="47.346894" lon="19.041385"><ele>97.0</ele></trkpt>
      <trkpt lat="47.347044" lon="19.041454"><ele>97.0</ele></trkpt>
      <trkpt lat="47.347983" lon="19.041872"><ele>99.0</ele></trkpt>
      <trkpt lat="47.348203" lon="19.041972"><ele>98.5</ele></trkpt>
      <trkpt lat="47.348285" lon="19.042022"><ele>98.25</ele></trkpt>
      <trkpt lat="47.348440" lon="19.042144"><ele>98.0</ele></trkpt>
      <trkpt lat="47.348545" lon="19.042247"><ele>98.25</ele></trkpt>
      <trkpt lat="47.348636" lon="19.042350"><ele>98.25</ele></trkpt>
      <trkpt lat="47.348835" lon="19.042609"><ele>99.5</ele></trkpt>
      <trkpt lat="47.349060" lon="19.042886"><ele>100.25</ele></trkpt>
      <trkpt lat="47.349157" lon="19.043034"><ele>100.0</ele></trkpt>
      <trkpt lat="47.349252" lon="19.043161"><ele>99.25</ele></trkpt>
      <trkpt lat="47.349409" lon="19.043327"><ele>99.0</ele></trkpt>
      <trkpt lat="47.349434" lon="19.043372"><ele>99.0</ele></trkpt>
      <trkpt lat="47.349450" lon="19.043437"><ele>99.0</ele></trkpt>
      <trkpt lat="47.349459" lon="19.043493"><ele>99.0</ele></trkpt>
      <trkpt lat="47.349474" lon="19.043532"><ele>99.0</ele></trkpt>
      <trkpt lat="47.349497" lon="19.043562"><ele>99.0</ele></trkpt>
      <trkpt lat="47.349524" lon="19.043582"><ele>99.0</ele></trkpt>
      <trkpt lat="47.349578" lon="19.043588"><ele>99.0</ele></trkpt>
      <trkpt lat="47.349630" lon="19.043616"><ele>99.0</ele></trkpt>
      <trkpt lat="47.349672" lon="19.043665"><ele>99.0</ele></trkpt>
      <trkpt lat="47.349915" lon="19.043933"><ele>99.0</ele></trkpt>
      <trkpt lat="47.350186" lon="19.044275"><ele>99.5</ele></trkpt>
      <trkpt lat="47.350442" lon="19.044574"><ele>100.25</ele></trkpt>
      <trkpt lat="47.350573" lon="19.044719"><ele>100.75</ele></trkpt>
      <trkpt lat="47.350791" lon="19.044926"><ele>100.0</ele></trkpt>
      <trkpt lat="47.350882" lon="19.045012"><ele>100.0</ele></trkpt>
      <trkpt lat="47.351115" lon="19.045214"><ele>99.75</ele></trkpt>
      <trkpt lat="47.351319" lon="19.045363"><ele>98.75</ele></trkpt>
      <trkpt lat="47.351439" lon="19.045448"><ele>98.0</ele></trkpt>
      <trkpt lat="47.351576" lon="19.045522"><ele>97.25</ele></trkpt>
      <trkpt lat="47.351689" lon="19.045530"><ele>97.0</ele></trkpt>
      <trkpt lat="47.351748" lon="19.045527"><ele>97.0</ele></trkpt>
      <trkpt lat="47.351864" lon="19.045493"><ele>97.0</ele></trkpt>
      <trkpt lat="47.351985" lon="19.045447"><ele>97.25</ele></trkpt>
      <trkpt lat="47.352487" lon="19.045219"><ele>97.0</ele></trkpt>
      <trkpt lat="47.353242" lon="19.044858"><ele>99.25</ele></trkpt>
      <trkpt lat="47.353317" lon="19.044830"><ele>99.25</ele></trkpt>
      <trkpt lat="47.353394" lon="19.044815"><ele>99.25</ele></trkpt>
      <trkpt lat="47.353488" lon="19.044814"><ele>99.25</ele></trkpt>
      <trkpt lat="47.353647" lon="19.044850"><ele>99.25</ele></trkpt>
      <trkpt lat="47.353834" lon="19.044906"><ele>99.0</ele></trkpt>
      <trkpt lat="47.354173" lon="19.045037"><ele>100.0</ele></trkpt>
      <trkpt lat="47.354624" lon="19.045334"><ele>100.0</ele></trkpt>
      <trkpt lat="47.354869" lon="19.045519"><ele>99.25</ele></trkpt>
      <trkpt lat="47.355021" lon="19.045659"><ele>98.75</ele></trkpt>
      <trkpt lat="47.355090" lon="19.045723"><ele>98.75</ele></trkpt>
      <trkpt lat="47.355264" lon="19.045908"><ele>99.0</ele></trkpt>
      <trkpt lat="47.355637" lon="19.046329"><ele>97.5</ele></trkpt>
      <trkpt lat="47.355691" lon="19.046383"><ele>97.5</ele></trkpt>
      <trkpt lat="47.355777" lon="19.046470"><ele>97.25</ele></trkpt>
      <trkpt lat="47.355955" lon="19.046630"><ele>97.25</ele></trkpt>
      <trkpt lat="47.356003" lon="19.046668"><ele>97.25</ele></trkpt>
      <trkpt lat="47.356125" lon="19.046760"><ele>97.0</ele></trkpt>
      <trkpt lat="47.356339" lon="19.046879"><ele>97.0</ele></trkpt>
      <trkpt lat="47.356498" lon="19.046948"><ele>97.0</ele></trkpt>
      <trkpt lat="47.356731" lon="19.047016"><ele>96.75</ele></trkpt>
      <trkpt lat="47.357480" lon="19.047132"><ele>98.75</ele></trkpt>
      <trkpt lat="47.357962" lon="19.047188"><ele>98.5</ele></trkpt>
      <trkpt lat="47.358017" lon="19.047194"><ele>98.0</ele></trkpt>
      <trkpt lat="47.358210" lon="19.047215"><ele>97.25</ele></trkpt>
      <trkpt lat="47.358216" lon="19.047118"><ele>97.0</ele></trkpt>
      <trkpt lat="47.359334" lon="19.047248"><ele>96.5</ele></trkpt>
      <trkpt lat="47.359400" lon="19.047217"><ele>96.75</ele></trkpt>
      <trkpt lat="47.359469" lon="19.047230"><ele>97.0</ele></trkpt>
      <trkpt lat="47.359530" lon="19.047260"><ele>97.0</ele></trkpt>
      <trkpt lat="47.361331" lon="19.047452"><ele>96.75</ele></trkpt>
      <trkpt lat="47.361396" lon="19.047421"><ele>96.5</ele></trkpt>
      <trkpt lat="47.361429" lon="19.047425"><ele>96.75</ele></trkpt>
      <trkpt lat="47.361456" lon="19.047449"><ele>96.75</ele></trkpt>
      <trkpt lat="47.361564" lon="19.047509"><ele>97.0</ele></trkpt>
      <trkpt lat="47.364805" lon="19.047838"><ele>95.0</ele></trkpt>
      <trkpt lat="47.366746" lon="19.048066"><ele>95.25</ele></trkpt>
      <trkpt lat="47.366769" lon="19.048052"><ele>95.25</ele></trkpt>
      <trkpt lat="47.366866" lon="19.048078"><ele>94.5</ele></trkpt>
      <trkpt lat="47.367204" lon="19.048054"><ele>95.75</ele></trkpt>
      <trkpt lat="47.368646" lon="19.048188"><ele>93.75</ele></trkpt>
      <trkpt lat="47.369515" lon="19.048268"><ele>97.75</ele></trkpt>
      <trkpt lat="47.369568" lon="19.048266"><ele>97.75</ele></trkpt>
      <trkpt lat="47.369716" lon="19.048157"><ele>97.25</ele></trkpt>
      <trkpt lat="47.369765" lon="19.048087"><ele>96.75</ele></trkpt>
      <trkpt lat="47.369773" lon="19.048143"><ele>97.0</ele></trkpt>
      <trkpt lat="47.369784" lon="19.048230"><ele>97.25</ele></trkpt>
      <trkpt lat="47.369764" lon="19.048276"><ele>97.5</ele></trkpt>
      <trkpt lat="47.369748" lon="19.048367"><ele>98.0</ele></trkpt>
      <trkpt lat="47.369750" lon="19.048415"><ele>98.0</ele></trkpt>
      <trkpt lat="47.369774" lon="19.048502"><ele>98.25</ele></trkpt>
      <trkpt lat="47.369801" lon="19.048549"><ele>98.25</ele></trkpt>
      <trkpt lat="47.369836" lon="19.048582"><ele>98.25</ele></trkpt>
      <trkpt lat="47.369869" lon="19.048599"><ele>98.25</ele></trkpt>
      <trkpt lat="47.369903" lon="19.048605"><ele>98.25</ele></trkpt>
      <trkpt lat="47.369938" lon="19.048599"><ele>98.0</ele></trkpt>
      <trkpt lat="47.369971" lon="19.048582"><ele>97.75</ele></trkpt>
      <trkpt lat="47.370016" lon="19.048533"><ele>97.5</ele></trkpt>
      <trkpt lat="47.370138" lon="19.048466"><ele>96.75</ele></trkpt>
      <trkpt lat="47.370224" lon="19.048445"><ele>96.5</ele></trkpt>
      <trkpt lat="47.370364" lon="19.048438"><ele>96.25</ele></trkpt>
      <trkpt lat="47.371063" lon="19.048500"><ele>98.0</ele></trkpt>
      <trkpt lat="47.371518" lon="19.048555"><ele>97.75</ele></trkpt>
      <trkpt lat="47.374112" lon="19.048740"><ele>94.0</ele></trkpt>
      <trkpt lat="47.375798" lon="19.048869"><ele>96.75</ele></trkpt>
      <trkpt lat="47.376603" lon="19.048933"><ele>95.75</ele></trkpt>
      <trkpt lat="47.376940" lon="19.048993"><ele>94.5</ele></trkpt>
      <trkpt lat="47.377663" lon="19.049155"><ele>96.0</ele></trkpt>
      <trkpt lat="47.377875" lon="19.049200"><ele>96.0</ele></trkpt>
      <trkpt lat="47.378052" lon="19.049310"><ele>96.0</ele></trkpt>
      <trkpt lat="47.378112" lon="19.049355"><ele>96.0</ele></trkpt>
      <trkpt lat="47.378174" lon="19.049417"><ele>96.25</ele></trkpt>
      <trkpt lat="47.378197" lon="19.049517"><ele>96.5</ele></trkpt>
      <trkpt lat="47.378238" lon="19.049604"><ele>97.0</ele></trkpt>
      <trkpt lat="47.378293" lon="19.049672"><ele>97.5</ele></trkpt>
      <trkpt lat="47.378358" lon="19.049716"><ele>98.0</ele></trkpt>
      <trkpt lat="47.378429" lon="19.049733"><ele>98.25</ele></trkpt>
      <trkpt lat="47.378491" lon="19.049725"><ele>98.5</ele></trkpt>
      <trkpt lat="47.378550" lon="19.049697"><ele>98.5</ele></trkpt>
      <trkpt lat="47.378603" lon="19.049649"><ele>98.5</ele></trkpt>
      <trkpt lat="47.378641" lon="19.049594"><ele>98.25</ele></trkpt>
      <trkpt lat="47.378672" lon="19.049529"><ele>98.0</ele></trkpt>
      <trkpt lat="47.378769" lon="19.049489"><ele>97.5</ele></trkpt>
      <trkpt lat="47.378861" lon="19.049476"><ele>97.0</ele></trkpt>
      <trkpt lat="47.379050" lon="19.049486"><ele>96.75</ele></trkpt>
      <trkpt lat="47.379399" lon="19.049573"><ele>97.25</ele></trkpt>
      <trkpt lat="47.379702" lon="19.049624"><ele>97.75</ele></trkpt>
      <trkpt lat="47.380055" lon="19.049667"><ele>98.5</ele></trkpt>
      <trkpt lat="47.380398" lon="19.049673"><ele>99.25</ele></trkpt>
      <trkpt lat="47.380655" lon="19.049667"><ele>99.25</ele></trkpt>
      <trkpt lat="47.380982" lon="19.049702"><ele>99.75</ele></trkpt>
      <trkpt lat="47.381074" lon="19.049731"><ele>100.0</ele></trkpt>
      <trkpt lat="47.381124" lon="19.049764"><ele>100.0</ele></trkpt>
      <trkpt lat="47.381159" lon="19.049825"><ele>100.25</ele></trkpt>
      <trkpt lat="47.381204" lon="19.049870"><ele>100.25</ele></trkpt>
      <trkpt lat="47.381256" lon="19.049894"><ele>100.25</ele></trkpt>
      <trkpt lat="47.381313" lon="19.049895"><ele>100.0</ele></trkpt>
      <trkpt lat="47.381368" lon="19.049872"><ele>100.0</ele></trkpt>
      <trkpt lat="47.381416" lon="19.049825"><ele>99.75</ele></trkpt>
      <trkpt lat="47.381448" lon="19.049771"><ele>99.75</ele></trkpt>
      <trkpt lat="47.381470" lon="19.049706"><ele>99.5</ele></trkpt>
      <trkpt lat="47.381546" lon="19.049651"><ele>99.5</ele></trkpt>
      <trkpt lat="47.381608" lon="19.049617"><ele>99.5</ele></trkpt>
      <trkpt lat="47.381701" lon="19.049590"><ele>99.25</ele></trkpt>
      <trkpt lat="47.381974" lon="19.049530"><ele>99.5</ele></trkpt>
      <trkpt lat="47.382431" lon="19.049468"><ele>98.0</ele></trkpt>
      <trkpt lat="47.382461" lon="19.049464"><ele>98.0</ele></trkpt>
      <trkpt lat="47.382480" lon="19.049461"><ele>98.0</ele></trkpt>
      <trkpt lat="47.382752" lon="19.049441"><ele>97.0</ele></trkpt>
      <trkpt lat="47.383117" lon="19.049420"><ele>97.0</ele></trkpt>
      <trkpt lat="47.383412" lon="19.049435"><ele>97.0</ele></trkpt>
      <trkpt lat="47.383654" lon="19.049478"><ele>96.75</ele></trkpt>
      <trkpt lat="47.383919" lon="19.049564"><ele>96.0</ele></trkpt>
      <trkpt lat="47.386151" lon="19.050414"><ele>97.0</ele></trkpt>
      <trkpt lat="47.386487" lon="19.050541"><ele>97.25</ele></trkpt>
      <trkpt lat="47.386588" lon="19.050578"><ele>97.5</ele></trkpt>
      <trkpt lat="47.387379" lon="19.050872"><ele>97.0</ele></trkpt>
      <trkpt lat="47.388049" lon="19.051124"><ele>95.0</ele></trkpt>
      <trkpt lat="47.388265" lon="19.051214"><ele>95.0</ele></trkpt>
      <trkpt lat="47.389925" lon="19.052006"><ele>97.75</ele></trkpt>
      <trkpt lat="47.390260" lon="19.052168"><ele>98.0</ele></trkpt>
      <trkpt lat="47.392521" lon="19.053244"><ele>99.0</ele></trkpt>
      <trkpt lat="47.393375" lon="19.053651"><ele>95.0</ele></trkpt>
      <trkpt lat="47.393493" lon="19.053709"><ele>95.5</ele></trkpt>
      <trkpt lat="47.394122" lon="19.054016"><ele>97.0</ele></trkpt>
      <trkpt lat="47.394793" lon="19.054356"><ele>95.25</ele></trkpt>
      <trkpt lat="47.394862" lon="19.054387"><ele>95.5</ele></trkpt>
      <trkpt lat="47.395845" lon="19.054842"><ele>97.0</ele></trkpt>
      <trkpt lat="47.396637" lon="19.055209"><ele>97.0</ele></trkpt>
      <trkpt lat="47.396686" lon="19.055232"><ele>97.0</ele></trkpt>
      <trkpt lat="47.396802" lon="19.055288"><ele>97.0</ele></trkpt>
      <trkpt lat="47.396838" lon="19.055154"><ele>97.0</ele></trkpt>
      <trkpt lat="47.396963" lon="19.055252"><ele>96.75</ele></trkpt>
      <trkpt lat="47.397834" lon="19.055692"><ele>99.25</ele></trkpt>
      <trkpt lat="47.400863" lon="19.057133"><ele>98.0</ele></trkpt>
      <trkpt lat="47.402245" lon="19.057791"><ele>98.75</ele></trkpt>
      <trkpt lat="47.402745" lon="19.058005"><ele>98.0</ele></trkpt>
      <trkpt lat="47.402966" lon="19.058211"><ele>98.75</ele></trkpt>
      <trkpt lat="47.403175" lon="19.058512"><ele>99.0</ele></trkpt>
      <trkpt lat="47.404317" lon="19.060137"><ele>98.0</ele></trkpt>
      <trkpt lat="47.404941" lon="19.061050"><ele>101.5</ele></trkpt>
      <trkpt lat="47.405289" lon="19.061581"><ele>100.5</ele></trkpt>
      <trkpt lat="47.405323" lon="19.061543"><ele>100.75</ele></trkpt>
      <trkpt lat="47.405387" lon="19.061480"><ele>101.25</ele></trkpt>
      <trkpt lat="47.405495" lon="19.061350"><ele>102.0</ele></trkpt>
      <trkpt lat="47.405585" lon="19.061246"><ele>102.5</ele></trkpt>
      <trkpt lat="47.406095" lon="19.060655"><ele>104.0</ele></trkpt>
      <trkpt lat="47.406187" lon="19.060549"><ele>104.0</ele></trkpt>
      <trkpt lat="47.406379" lon="19.060326"><ele>104.0</ele></trkpt>
      <trkpt lat="47.406671" lon="19.059994"><ele>103.0</ele></trkpt>
      <trkpt lat="47.406863" lon="19.059765"><ele>103.0</ele></trkpt>
      <trkpt lat="47.406938" lon="19.059682"><ele>103.0</ele></trkpt>
      <trkpt lat="47.406995" lon="19.059614"><ele>103.25</ele></trkpt>
      <trkpt lat="47.407101" lon="19.059491"><ele>103.25</ele></trkpt>
      <trkpt lat="47.407134" lon="19.059452"><ele>103.25</ele></trkpt>
      <trkpt lat="47.407462" lon="19.059072"><ele>103.0</ele></trkpt>
      <trkpt lat="47.407677" lon="19.058823"><ele>102.75</ele></trkpt>
      <trkpt lat="47.407776" lon="19.058708"><ele>102.25</ele></trkpt>
      <trkpt lat="47.407874" lon="19.058595"><ele>102.0</ele></trkpt>
      <trkpt lat="47.408029" lon="19.058419"><ele>102.0</ele></trkpt>
      <trkpt lat="47.408160" lon="19.057939"><ele>103.5</ele></trkpt>
      <trkpt lat="47.408371" lon="19.057158"><ele>103.5</ele></trkpt>
      <trkpt lat="47.408430" lon="19.057004"><ele>103.25</ele></trkpt>
      <trkpt lat="47.408918" lon="19.056635"><ele>103.0</ele></trkpt>
      <trkpt lat="47.408944" lon="19.056625"><ele>103.0</ele></trkpt>
      <trkpt lat="47.408983" lon="19.056630"><ele>103.0</ele></trkpt>
      <trkpt lat="47.409027" lon="19.056646"><ele>103.0</ele></trkpt>
      <trkpt lat="47.409662" lon="19.057010"><ele>100.75</ele></trkpt>
      <trkpt lat="47.409939" lon="19.056543"><ele>100.75</ele></trkpt>
      <trkpt lat="47.410087" lon="19.056295"><ele>100.25</ele></trkpt>
      <trkpt lat="47.410284" lon="19.055969"><ele>100.5</ele></trkpt>
      <trkpt lat="47.410312" lon="19.055932"><ele>100.5</ele></trkpt>
      <trkpt lat="47.410404" lon="19.055832"><ele>100.5</ele></trkpt>
      <trkpt lat="47.410455" lon="19.055716"><ele>100.5</ele></trkpt>
      <trkpt lat="47.410894" lon="19.056116"><ele>100.75</ele></trkpt>
      <trkpt lat="47.411176" lon="19.056380"><ele>100.5</ele></trkpt>
      <trkpt lat="47.411822" lon="19.056937"><ele>99.25</ele></trkpt>
      <trkpt lat="47.411842" lon="19.056993"><ele>99.25</ele></trkpt>
      <trkpt lat="47.412490" lon="19.057479"><ele>99.0</ele></trkpt>
      <trkpt lat="47.412869" lon="19.057858"><ele>97.5</ele></trkpt>
      <trkpt lat="47.412966" lon="19.057933"><ele>97.25</ele></trkpt>
      <trkpt lat="47.413831" lon="19.058701"><ele>97.0</ele></trkpt>
      <trkpt lat="47.413873" lon="19.058743"><ele>97.0</ele></trkpt>
      <trkpt lat="47.413928" lon="19.058796"><ele>97.0</ele></trkpt>
      <trkpt lat="47.414201" lon="19.059063"><ele>98.0</ele></trkpt>
      <trkpt lat="47.414650" lon="19.059523"><ele>98.25</ele></trkpt>
      <trkpt lat="47.415150" lon="19.059964"><ele>98.75</ele></trkpt>
      <trkpt lat="47.415295" lon="19.060085"><ele>99.0</ele></trkpt>
      <trkpt lat="47.415858" lon="19.060575"><ele>98.75</ele></trkpt>
      <trkpt lat="47.416346" lon="19.061007"><ele>98.0</ele></trkpt>
      <trkpt lat="47.416487" lon="19.061131"><ele>98.75</ele></trkpt>
      <trkpt lat="47.416551" lon="19.061188"><ele>99.25</ele></trkpt>
      <trkpt lat="47.417211" lon="19.061759"><ele>99.0</ele></trkpt>
      <trkpt lat="47.417637" lon="19.062086"><ele>99.5</ele></trkpt>
      <trkpt lat="47.419635" lon="19.063827"><ele>99.75</ele></trkpt>
      <trkpt lat="47.419706" lon="19.063889"><ele>99.75</ele></trkpt>
      <trkpt lat="47.420499" lon="19.064573"><ele>102.5</ele></trkpt>
      <trkpt lat="47.421266" lon="19.065204"><ele>105.0</ele></trkpt>
      <trkpt lat="47.421350" lon="19.065279"><ele>104.75</ele></trkpt>
      <trkpt lat="47.421343" lon="19.065195"><ele>105.0</ele></trkpt>
      <trkpt lat="47.421659" lon="19.063815"><ele>101.0</ele></trkpt>
      <trkpt lat="47.421945" lon="19.062645"><ele>100.5</ele></trkpt>
      <trkpt lat="47.421968" lon="19.062595"><ele>100.25</ele></trkpt>
      <trkpt lat="47.421996" lon="19.062572"><ele>100.5</ele></trkpt>
      <trkpt lat="47.422029" lon="19.062564"><ele>100.75</ele></trkpt>
      <trkpt lat="47.422057" lon="19.062572"><ele>100.75</ele></trkpt>
      <trkpt lat="47.422149" lon="19.062718"><ele>101.5</ele></trkpt>
      <trkpt lat="47.423627" lon="19.063474"><ele>101.5</ele></trkpt>
      <trkpt lat="47.423710" lon="19.063480"><ele>101.75</ele></trkpt>
      <trkpt lat="47.423761" lon="19.063470"><ele>102.0</ele></trkpt>
      <trkpt lat="47.423859" lon="19.063517"><ele>102.5</ele></trkpt>
      <trkpt lat="47.423928" lon="19.063553"><ele>102.75</ele></trkpt>
      <trkpt lat="47.423963" lon="19.063582"><ele>103.0</ele></trkpt>
      <trkpt lat="47.424006" lon="19.063643"><ele>103.5</ele></trkpt>
      <trkpt lat="47.424042" lon="19.063694"><ele>103.75</ele></trkpt>
      <trkpt lat="47.424778" lon="19.064095"><ele>105.0</ele></trkpt>
      <trkpt lat="47.425116" lon="19.064261"><ele>105.0</ele></trkpt>
      <trkpt lat="47.426457" lon="19.064959"><ele>107.0</ele></trkpt>
      <trkpt lat="47.426720" lon="19.065104"><ele>107.0</ele></trkpt>
      <trkpt lat="47.426952" lon="19.065244"><ele>106.75</ele></trkpt>
      <trkpt lat="47.427024" lon="19.065275"><ele>106.5</ele></trkpt>
      <trkpt lat="47.427081" lon="19.065251"><ele>106.5</ele></trkpt>
      <trkpt lat="47.427364" lon="19.065377"><ele>106.25</ele></trkpt>
      <trkpt lat="47.427524" lon="19.065503"><ele>106.75</ele></trkpt>
      <trkpt lat="47.428024" lon="19.065707"><ele>106.0</ele></trkpt>
      <trkpt lat="47.428573" lon="19.065880"><ele>105.0</ele></trkpt>
      <trkpt lat="47.428755" lon="19.065927"><ele>104.25</ele></trkpt>
      <trkpt lat="47.429065" lon="19.065978"><ele>104.0</ele></trkpt>
      <trkpt lat="47.430340" lon="19.066051"><ele>104.0</ele></trkpt>
      <trkpt lat="47.430369" lon="19.066066"><ele>104.0</ele></trkpt>
      <trkpt lat="47.430424" lon="19.066133"><ele>104.5</ele></trkpt>
      <trkpt lat="47.430479" lon="19.066150"><ele>104.75</ele></trkpt>
      <trkpt lat="47.430533" lon="19.066153"><ele>104.75</ele></trkpt>
      <trkpt lat="47.430556" lon="19.065990"><ele>104.5</ele></trkpt>
      <trkpt lat="47.430565" lon="19.065840"><ele>103.75</ele></trkpt>
      <trkpt lat="47.430574" lon="19.065642"><ele>102.5</ele></trkpt>
      <trkpt lat="47.430576" lon="19.065571"><ele>102.0</ele></trkpt>
      <trkpt lat="47.430568" lon="19.065494"><ele>102.0</ele></trkpt>
      <trkpt lat="47.430570" lon="19.065386"><ele>102.0</ele></trkpt>
      <trkpt lat="47.430573" lon="19.065229"><ele>102.0</ele></trkpt>
      <trkpt lat="47.430573" lon="19.065165"><ele>102.0</ele></trkpt>
      <trkpt lat="47.430577" lon="19.065072"><ele>102.0</ele></trkpt>
      <trkpt lat="47.430605" lon="19.063994"><ele>104.5</ele></trkpt>
      <trkpt lat="47.430644" lon="19.063009"><ele>106.75</ele></trkpt>
      <trkpt lat="47.430673" lon="19.062320"><ele>105.5</ele></trkpt>
      <trkpt lat="47.430707" lon="19.061433"><ele>103.0</ele></trkpt>
      <trkpt lat="47.430747" lon="19.060533"><ele>102.75</ele></trkpt>
      <trkpt lat="47.431079" lon="19.060562"><ele>102.0</ele></trkpt>
      <trkpt lat="47.431075" lon="19.060677"><ele>102.75</ele></trkpt>
    </trkseg>
  </trk>
</gpx>
